15,-1,4WVkDCuWwibJdydHnCcv+okD9Gc=,DJ+xzMFrKACswEpkpjWRJNEQX3Y=
14,-1,4WVkDCuWwibJdydHnCcv+okD9Gc=,DJ+xzMFrKACswEpkpjWRJNEQX3Y=
0,-16,4WVkDCuWwibJdydHnCcv+okD9Gc=,DJ+xzMFrKACswEpkpjWRJNEQX3Y=
3,-16,4WVkDCuWwibJdydHnCcv+okD9Gc=,DJ+xzMFrKACswEpkpjWRJNEQX3Y=
13,-1,4WVkDCuWwibJdydHnCcv+okD9Gc=,DJ+xzMFrKACswEpkpjWRJNEQX3Y=
13,-14,4WVkDCuWwibJdydHnCcv+okD9Gc=,DJ+xzMFrKACswEpkpjWRJNEQX3Y=
4,-16,4WVkDCuWwibJdydHnCcv+okD9Gc=,DJ+xzMFrKACswEpkpjWRJNEQX3Y=
11,-1,4WVkDCuWwibJdydHnCcv+okD9Gc=,DJ+xzMFrKACswEpkpjWRJNEQX3Y=
10,-1,4WVkDCuWwibJdydHnCcv+okD9Gc=,DJ+xzMFrKACswEpkpjWRJNEQX3Y=
5,-16,4WVkDCuWwibJdydHnCcv+okD9Gc=,DJ+xzMFrKACswEpkpjWRJNEQX3Y=
9,-1,4WVkDCuWwibJdydHnCcv+okD9Gc=,DJ+xzMFrKACswEpkpjWRJNEQX3Y=
12,-1,4WVkDCuWwibJdydHnCcv+okD9Gc=,DJ+xzMFrKACswEpkpjWRJNEQX3Y=
6,-16,4WVkDCuWwibJdydHnCcv+okD9Gc=,DJ+xzMFrKACswEpkpjWRJNEQX3Y=
15,-15,4WVkDCuWwibJdydHnCcv+okD9Gc=,DJ+xzMFrKACswEpkpjWRJNEQX3Y=
7,-16,4WVkDCuWwibJdydHnCcv+okD9Gc=,DJ+xzMFrKACswEpkpjWRJNEQX3Y=
8,-16,4WVkDCuWwibJdydHnCcv+okD9Gc=,DJ+xzMFrKACswEpkpjWRJNEQX3Y=
9,-16,4WVkDCuWwibJdydHnCcv+okD9Gc=,DJ+xzMFrKACswEpkpjWRJNEQX3Y=
10,-16,4WVkDCuWwibJdydHnCcv+okD9Gc=,DJ+xzMFrKACswEpkpjWRJNEQX3Y=
11,-16,4WVkDCuWwibJdydHnCcv+okD9Gc=,DJ+xzMFrKACswEpkpjWRJNEQX3Y=
12,-16,4WVkDCuWwibJdydHnCcv+okD9Gc=,DJ+xzMFrKACswEpkpjWRJNEQX3Y=
13,-16,4WVkDCuWwibJdydHnCcv+okD9Gc=,DJ+xzMFrKACswEpkpjWRJNEQX3Y=
14,-16,4WVkDCuWwibJdydHnCcv+okD9Gc=,DJ+xzMFrKACswEpkpjWRJNEQX3Y=
15,-16,4WVkDCuWwibJdydHnCcv+okD9Gc=,DJ+xzMFrKACswEpkpjWRJNEQX3Y=
0,-15,4WVkDCuWwibJdydHnCcv+okD9Gc=,DJ+xzMFrKACswEpkpjWRJNEQX3Y=
1,-15,4WVkDCuWwibJdydHnCcv+okD9Gc=,DJ+xzMFrKACswEpkpjWRJNEQX3Y=
1,-16,4WVkDCuWwibJdydHnCcv+okD9Gc=,DJ+xzMFrKACswEpkpjWRJNEQX3Y=
0,-14,4WVkDCuWwibJdydHnCcv+okD9Gc=,DJ+xzMFrKACswEpkpjWRJNEQX3Y=
14,-14,4WVkDCuWwibJdydHnCcv+okD9Gc=,DJ+xzMFrKACswEpkpjWRJNEQX3Y=
15,-14,4WVkDCuWwibJdydHnCcv+okD9Gc=,DJ+xzMFrKACswEpkpjWRJNEQX3Y=
0,-13,4WVkDCuWwibJdydHnCcv+okD9Gc=,DJ+xzMFrKACswEpkpjWRJNEQX3Y=
1,-13,4WVkDCuWwibJdydHnCcv+okD9Gc=,DJ+xzMFrKACswEpkpjWRJNEQX3Y=
2,-13,4WVkDCuWwibJdydHnCcv+okD9Gc=,DJ+xzMFrKACswEpkpjWRJNEQX3Y=
3,-13,4WVkDCuWwibJdydHnCcv+okD9Gc=,DJ+xzMFrKACswEpkpjWRJNEQX3Y=
4,-13,4WVkDCuWwibJdydHnCcv+okD9Gc=,DJ+xzMFrKACswEpkpjWRJNEQX3Y=
5,-13,4WVkDCuWwibJdydHnCcv+okD9Gc=,DJ+xzMFrKACswEpkpjWRJNEQX3Y=
6,-13,4WVkDCuWwibJdydHnCcv+okD9Gc=,DJ+xzMFrKACswEpkpjWRJNEQX3Y=
7,-13,4WVkDCuWwibJdydHnCcv+okD9Gc=,DJ+xzMFrKACswEpkpjWRJNEQX3Y=
8,-13,4WVkDCuWwibJdydHnCcv+okD9Gc=,DJ+xzMFrKACswEpkpjWRJNEQX3Y=
9,-13,4WVkDCuWwibJdydHnCcv+okD9Gc=,DJ+xzMFrKACswEpkpjWRJNEQX3Y=
10,-13,4WVkDCuWwibJdydHnCcv+okD9Gc=,DJ+xzMFrKACswEpkpjWRJNEQX3Y=
11,-13,4WVkDCuWwibJdydHnCcv+okD9Gc=,DJ+xzMFrKACswEpkpjWRJNEQX3Y=
2,-15,4WVkDCuWwibJdydHnCcv+okD9Gc=,DJ+xzMFrKACswEpkpjWRJNEQX3Y=
1,-14,4WVkDCuWwibJdydHnCcv+okD9Gc=,DJ+xzMFrKACswEpkpjWRJNEQX3Y=
12,-13,4WVkDCuWwibJdydHnCcv+okD9Gc=,DJ+xzMFrKACswEpkpjWRJNEQX3Y=
8,-1,4WVkDCuWwibJdydHnCcv+okD9Gc=,DJ+xzMFrKACswEpkpjWRJNEQX3Y=
13,-13,4WVkDCuWwibJdydHnCcv+okD9Gc=,DJ+xzMFrKACswEpkpjWRJNEQX3Y=
14,-13,4WVkDCuWwibJdydHnCcv+okD9Gc=,DJ+xzMFrKACswEpkpjWRJNEQX3Y=
15,-13,4WVkDCuWwibJdydHnCcv+okD9Gc=,DJ+xzMFrKACswEpkpjWRJNEQX3Y=
0,-12,4WVkDCuWwibJdydHnCcv+okD9Gc=,DJ+xzMFrKACswEpkpjWRJNEQX3Y=
1,-12,4WVkDCuWwibJdydHnCcv+okD9Gc=,DJ+xzMFrKACswEpkpjWRJNEQX3Y=
2,-12,4WVkDCuWwibJdydHnCcv+okD9Gc=,DJ+xzMFrKACswEpkpjWRJNEQX3Y=
3,-12,4WVkDCuWwibJdydHnCcv+okD9Gc=,DJ+xzMFrKACswEpkpjWRJNEQX3Y=
4,-12,4WVkDCuWwibJdydHnCcv+okD9Gc=,DJ+xzMFrKACswEpkpjWRJNEQX3Y=
5,-12,4WVkDCuWwibJdydHnCcv+okD9Gc=,DJ+xzMFrKACswEpkpjWRJNEQX3Y=
6,-12,4WVkDCuWwibJdydHnCcv+okD9Gc=,DJ+xzMFrKACswEpkpjWRJNEQX3Y=
7,-12,4WVkDCuWwibJdydHnCcv+okD9Gc=,DJ+xzMFrKACswEpkpjWRJNEQX3Y=
8,-12,4WVkDCuWwibJdydHnCcv+okD9Gc=,DJ+xzMFrKACswEpkpjWRJNEQX3Y=
9,-12,4WVkDCuWwibJdydHnCcv+okD9Gc=,DJ+xzMFrKACswEpkpjWRJNEQX3Y=
3,-15,4WVkDCuWwibJdydHnCcv+okD9Gc=,DJ+xzMFrKACswEpkpjWRJNEQX3Y=
2,-14,4WVkDCuWwibJdydHnCcv+okD9Gc=,DJ+xzMFrKACswEpkpjWRJNEQX3Y=
10,-12,4WVkDCuWwibJdydHnCcv+okD9Gc=,DJ+xzMFrKACswEpkpjWRJNEQX3Y=
11,-12,4WVkDCuWwibJdydHnCcv+okD9Gc=,DJ+xzMFrKACswEpkpjWRJNEQX3Y=
12,-12,4WVkDCuWwibJdydHnCcv+okD9Gc=,DJ+xzMFrKACswEpkpjWRJNEQX3Y=
13,-12,4WVkDCuWwibJdydHnCcv+okD9Gc=,DJ+xzMFrKACswEpkpjWRJNEQX3Y=
14,-12,4WVkDCuWwibJdydHnCcv+okD9Gc=,DJ+xzMFrKACswEpkpjWRJNEQX3Y=
15,-12,4WVkDCuWwibJdydHnCcv+okD9Gc=,DJ+xzMFrKACswEpkpjWRJNEQX3Y=
0,-11,4WVkDCuWwibJdydHnCcv+okD9Gc=,DJ+xzMFrKACswEpkpjWRJNEQX3Y=
1,-11,4WVkDCuWwibJdydHnCcv+okD9Gc=,DJ+xzMFrKACswEpkpjWRJNEQX3Y=
2,-11,4WVkDCuWwibJdydHnCcv+okD9Gc=,DJ+xzMFrKACswEpkpjWRJNEQX3Y=
3,-11,4WVkDCuWwibJdydHnCcv+okD9Gc=,DJ+xzMFrKACswEpkpjWRJNEQX3Y=
4,-11,4WVkDCuWwibJdydHnCcv+okD9Gc=,DJ+xzMFrKACswEpkpjWRJNEQX3Y=
5,-11,4WVkDCuWwibJdydHnCcv+okD9Gc=,DJ+xzMFrKACswEpkpjWRJNEQX3Y=
6,-11,4WVkDCuWwibJdydHnCcv+okD9Gc=,DJ+xzMFrKACswEpkpjWRJNEQX3Y=
7,-11,4WVkDCuWwibJdydHnCcv+okD9Gc=,DJ+xzMFrKACswEpkpjWRJNEQX3Y=
4,-15,4WVkDCuWwibJdydHnCcv+okD9Gc=,DJ+xzMFrKACswEpkpjWRJNEQX3Y=
3,-14,4WVkDCuWwibJdydHnCcv+okD9Gc=,DJ+xzMFrKACswEpkpjWRJNEQX3Y=
8,-11,4WVkDCuWwibJdydHnCcv+okD9Gc=,DJ+xzMFrKACswEpkpjWRJNEQX3Y=
9,-11,4WVkDCuWwibJdydHnCcv+okD9Gc=,DJ+xzMFrKACswEpkpjWRJNEQX3Y=
10,-11,4WVkDCuWwibJdydHnCcv+okD9Gc=,DJ+xzMFrKACswEpkpjWRJNEQX3Y=
11,-11,4WVkDCuWwibJdydHnCcv+okD9Gc=,DJ+xzMFrKACswEpkpjWRJNEQX3Y=
12,-11,4WVkDCuWwibJdydHnCcv+okD9Gc=,DJ+xzMFrKACswEpkpjWRJNEQX3Y=
13,-11,4WVkDCuWwibJdydHnCcv+okD9Gc=,DJ+xzMFrKACswEpkpjWRJNEQX3Y=
14,-11,4WVkDCuWwibJdydHnCcv+okD9Gc=,DJ+xzMFrKACswEpkpjWRJNEQX3Y=
15,-11,4WVkDCuWwibJdydHnCcv+okD9Gc=,DJ+xzMFrKACswEpkpjWRJNEQX3Y=
0,-10,4WVkDCuWwibJdydHnCcv+okD9Gc=,DJ+xzMFrKACswEpkpjWRJNEQX3Y=
1,-10,4WVkDCuWwibJdydHnCcv+okD9Gc=,DJ+xzMFrKACswEpkpjWRJNEQX3Y=
2,-10,4WVkDCuWwibJdydHnCcv+okD9Gc=,DJ+xzMFrKACswEpkpjWRJNEQX3Y=
3,-10,4WVkDCuWwibJdydHnCcv+okD9Gc=,DJ+xzMFrKACswEpkpjWRJNEQX3Y=
4,-10,4WVkDCuWwibJdydHnCcv+okD9Gc=,DJ+xzMFrKACswEpkpjWRJNEQX3Y=
5,-10,4WVkDCuWwibJdydHnCcv+okD9Gc=,DJ+xzMFrKACswEpkpjWRJNEQX3Y=
5,-15,4WVkDCuWwibJdydHnCcv+okD9Gc=,DJ+xzMFrKACswEpkpjWRJNEQX3Y=
4,-14,4WVkDCuWwibJdydHnCcv+okD9Gc=,DJ+xzMFrKACswEpkpjWRJNEQX3Y=
6,-10,4WVkDCuWwibJdydHnCcv+okD9Gc=,DJ+xzMFrKACswEpkpjWRJNEQX3Y=
7,-10,4WVkDCuWwibJdydHnCcv+okD9Gc=,DJ+xzMFrKACswEpkpjWRJNEQX3Y=
8,-10,4WVkDCuWwibJdydHnCcv+okD9Gc=,DJ+xzMFrKACswEpkpjWRJNEQX3Y=
9,-10,4WVkDCuWwibJdydHnCcv+okD9Gc=,DJ+xzMFrKACswEpkpjWRJNEQX3Y=
10,-10,4WVkDCuWwibJdydHnCcv+okD9Gc=,DJ+xzMFrKACswEpkpjWRJNEQX3Y=
11,-10,4WVkDCuWwibJdydHnCcv+okD9Gc=,DJ+xzMFrKACswEpkpjWRJNEQX3Y=
12,-10,4WVkDCuWwibJdydHnCcv+okD9Gc=,DJ+xzMFrKACswEpkpjWRJNEQX3Y=
13,-10,4WVkDCuWwibJdydHnCcv+okD9Gc=,DJ+xzMFrKACswEpkpjWRJNEQX3Y=
14,-10,4WVkDCuWwibJdydHnCcv+okD9Gc=,DJ+xzMFrKACswEpkpjWRJNEQX3Y=
15,-10,4WVkDCuWwibJdydHnCcv+okD9Gc=,DJ+xzMFrKACswEpkpjWRJNEQX3Y=
0,-9,4WVkDCuWwibJdydHnCcv+okD9Gc=,DJ+xzMFrKACswEpkpjWRJNEQX3Y=
1,-9,4WVkDCuWwibJdydHnCcv+okD9Gc=,DJ+xzMFrKACswEpkpjWRJNEQX3Y=
2,-9,4WVkDCuWwibJdydHnCcv+okD9Gc=,DJ+xzMFrKACswEpkpjWRJNEQX3Y=
3,-9,4WVkDCuWwibJdydHnCcv+okD9Gc=,DJ+xzMFrKACswEpkpjWRJNEQX3Y=
6,-15,4WVkDCuWwibJdydHnCcv+okD9Gc=,DJ+xzMFrKACswEpkpjWRJNEQX3Y=
5,-14,4WVkDCuWwibJdydHnCcv+okD9Gc=,DJ+xzMFrKACswEpkpjWRJNEQX3Y=
4,-9,4WVkDCuWwibJdydHnCcv+okD9Gc=,DJ+xzMFrKACswEpkpjWRJNEQX3Y=
5,-9,4WVkDCuWwibJdydHnCcv+okD9Gc=,DJ+xzMFrKACswEpkpjWRJNEQX3Y=
6,-9,4WVkDCuWwibJdydHnCcv+okD9Gc=,DJ+xzMFrKACswEpkpjWRJNEQX3Y=
7,-9,4WVkDCuWwibJdydHnCcv+okD9Gc=,DJ+xzMFrKACswEpkpjWRJNEQX3Y=
8,-9,4WVkDCuWwibJdydHnCcv+okD9Gc=,DJ+xzMFrKACswEpkpjWRJNEQX3Y=
9,-9,4WVkDCuWwibJdydHnCcv+okD9Gc=,DJ+xzMFrKACswEpkpjWRJNEQX3Y=
10,-9,4WVkDCuWwibJdydHnCcv+okD9Gc=,DJ+xzMFrKACswEpkpjWRJNEQX3Y=
11,-9,4WVkDCuWwibJdydHnCcv+okD9Gc=,DJ+xzMFrKACswEpkpjWRJNEQX3Y=
12,-9,4WVkDCuWwibJdydHnCcv+okD9Gc=,DJ+xzMFrKACswEpkpjWRJNEQX3Y=
13,-9,4WVkDCuWwibJdydHnCcv+okD9Gc=,DJ+xzMFrKACswEpkpjWRJNEQX3Y=
14,-9,4WVkDCuWwibJdydHnCcv+okD9Gc=,DJ+xzMFrKACswEpkpjWRJNEQX3Y=
15,-9,4WVkDCuWwibJdydHnCcv+okD9Gc=,DJ+xzMFrKACswEpkpjWRJNEQX3Y=
0,-8,4WVkDCuWwibJdydHnCcv+okD9Gc=,DJ+xzMFrKACswEpkpjWRJNEQX3Y=
1,-8,4WVkDCuWwibJdydHnCcv+okD9Gc=,DJ+xzMFrKACswEpkpjWRJNEQX3Y=
7,-15,4WVkDCuWwibJdydHnCcv+okD9Gc=,DJ+xzMFrKACswEpkpjWRJNEQX3Y=
6,-14,4WVkDCuWwibJdydHnCcv+okD9Gc=,DJ+xzMFrKACswEpkpjWRJNEQX3Y=
2,-8,4WVkDCuWwibJdydHnCcv+okD9Gc=,DJ+xzMFrKACswEpkpjWRJNEQX3Y=
3,-8,4WVkDCuWwibJdydHnCcv+okD9Gc=,DJ+xzMFrKACswEpkpjWRJNEQX3Y=
4,-8,4WVkDCuWwibJdydHnCcv+okD9Gc=,DJ+xzMFrKACswEpkpjWRJNEQX3Y=
5,-8,4WVkDCuWwibJdydHnCcv+okD9Gc=,DJ+xzMFrKACswEpkpjWRJNEQX3Y=
6,-8,4WVkDCuWwibJdydHnCcv+okD9Gc=,DJ+xzMFrKACswEpkpjWRJNEQX3Y=
7,-8,4WVkDCuWwibJdydHnCcv+okD9Gc=,DJ+xzMFrKACswEpkpjWRJNEQX3Y=
8,-8,4WVkDCuWwibJdydHnCcv+okD9Gc=,DJ+xzMFrKACswEpkpjWRJNEQX3Y=
9,-8,4WVkDCuWwibJdydHnCcv+okD9Gc=,DJ+xzMFrKACswEpkpjWRJNEQX3Y=
10,-8,4WVkDCuWwibJdydHnCcv+okD9Gc=,DJ+xzMFrKACswEpkpjWRJNEQX3Y=
11,-8,4WVkDCuWwibJdydHnCcv+okD9Gc=,DJ+xzMFrKACswEpkpjWRJNEQX3Y=
12,-8,4WVkDCuWwibJdydHnCcv+okD9Gc=,DJ+xzMFrKACswEpkpjWRJNEQX3Y=
13,-8,4WVkDCuWwibJdydHnCcv+okD9Gc=,DJ+xzMFrKACswEpkpjWRJNEQX3Y=
14,-8,4WVkDCuWwibJdydHnCcv+okD9Gc=,DJ+xzMFrKACswEpkpjWRJNEQX3Y=
15,-8,4WVkDCuWwibJdydHnCcv+okD9Gc=,DJ+xzMFrKACswEpkpjWRJNEQX3Y=
8,-15,4WVkDCuWwibJdydHnCcv+okD9Gc=,DJ+xzMFrKACswEpkpjWRJNEQX3Y=
7,-14,4WVkDCuWwibJdydHnCcv+okD9Gc=,DJ+xzMFrKACswEpkpjWRJNEQX3Y=
0,-7,4WVkDCuWwibJdydHnCcv+okD9Gc=,DJ+xzMFrKACswEpkpjWRJNEQX3Y=
1,-7,4WVkDCuWwibJdydHnCcv+okD9Gc=,DJ+xzMFrKACswEpkpjWRJNEQX3Y=
2,-7,4WVkDCuWwibJdydHnCcv+okD9Gc=,DJ+xzMFrKACswEpkpjWRJNEQX3Y=
3,-7,4WVkDCuWwibJdydHnCcv+okD9Gc=,DJ+xzMFrKACswEpkpjWRJNEQX3Y=
4,-7,4WVkDCuWwibJdydHnCcv+okD9Gc=,DJ+xzMFrKACswEpkpjWRJNEQX3Y=
5,-7,4WVkDCuWwibJdydHnCcv+okD9Gc=,DJ+xzMFrKACswEpkpjWRJNEQX3Y=
7,-1,4WVkDCuWwibJdydHnCcv+okD9Gc=,DJ+xzMFrKACswEpkpjWRJNEQX3Y=
6,-7,4WVkDCuWwibJdydHnCcv+okD9Gc=,DJ+xzMFrKACswEpkpjWRJNEQX3Y=
7,-7,4WVkDCuWwibJdydHnCcv+okD9Gc=,DJ+xzMFrKACswEpkpjWRJNEQX3Y=
8,-7,4WVkDCuWwibJdydHnCcv+okD9Gc=,DJ+xzMFrKACswEpkpjWRJNEQX3Y=
9,-7,4WVkDCuWwibJdydHnCcv+okD9Gc=,DJ+xzMFrKACswEpkpjWRJNEQX3Y=
10,-7,4WVkDCuWwibJdydHnCcv+okD9Gc=,DJ+xzMFrKACswEpkpjWRJNEQX3Y=
11,-7,4WVkDCuWwibJdydHnCcv+okD9Gc=,DJ+xzMFrKACswEpkpjWRJNEQX3Y=
12,-7,4WVkDCuWwibJdydHnCcv+okD9Gc=,DJ+xzMFrKACswEpkpjWRJNEQX3Y=
13,-7,4WVkDCuWwibJdydHnCcv+okD9Gc=,DJ+xzMFrKACswEpkpjWRJNEQX3Y=
9,-15,4WVkDCuWwibJdydHnCcv+okD9Gc=,DJ+xzMFrKACswEpkpjWRJNEQX3Y=
8,-14,4WVkDCuWwibJdydHnCcv+okD9Gc=,DJ+xzMFrKACswEpkpjWRJNEQX3Y=
14,-7,4WVkDCuWwibJdydHnCcv+okD9Gc=,DJ+xzMFrKACswEpkpjWRJNEQX3Y=
15,-7,4WVkDCuWwibJdydHnCcv+okD9Gc=,DJ+xzMFrKACswEpkpjWRJNEQX3Y=
0,-6,4WVkDCuWwibJdydHnCcv+okD9Gc=,DJ+xzMFrKACswEpkpjWRJNEQX3Y=
1,-6,4WVkDCuWwibJdydHnCcv+okD9Gc=,DJ+xzMFrKACswEpkpjWRJNEQX3Y=
2,-6,4WVkDCuWwibJdydHnCcv+okD9Gc=,DJ+xzMFrKACswEpkpjWRJNEQX3Y=
3,-6,4WVkDCuWwibJdydHnCcv+okD9Gc=,DJ+xzMFrKACswEpkpjWRJNEQX3Y=
4,-6,4WVkDCuWwibJdydHnCcv+okD9Gc=,DJ+xzMFrKACswEpkpjWRJNEQX3Y=
5,-6,4WVkDCuWwibJdydHnCcv+okD9Gc=,DJ+xzMFrKACswEpkpjWRJNEQX3Y=
6,-6,4WVkDCuWwibJdydHnCcv+okD9Gc=,DJ+xzMFrKACswEpkpjWRJNEQX3Y=
7,-6,4WVkDCuWwibJdydHnCcv+okD9Gc=,DJ+xzMFrKACswEpkpjWRJNEQX3Y=
8,-6,4WVkDCuWwibJdydHnCcv+okD9Gc=,DJ+xzMFrKACswEpkpjWRJNEQX3Y=
9,-6,4WVkDCuWwibJdydHnCcv+okD9Gc=,DJ+xzMFrKACswEpkpjWRJNEQX3Y=
10,-6,4WVkDCuWwibJdydHnCcv+okD9Gc=,DJ+xzMFrKACswEpkpjWRJNEQX3Y=
11,-6,4WVkDCuWwibJdydHnCcv+okD9Gc=,DJ+xzMFrKACswEpkpjWRJNEQX3Y=
10,-15,4WVkDCuWwibJdydHnCcv+okD9Gc=,DJ+xzMFrKACswEpkpjWRJNEQX3Y=
9,-14,4WVkDCuWwibJdydHnCcv+okD9Gc=,DJ+xzMFrKACswEpkpjWRJNEQX3Y=
12,-6,4WVkDCuWwibJdydHnCcv+okD9Gc=,DJ+xzMFrKACswEpkpjWRJNEQX3Y=
13,-6,4WVkDCuWwibJdydHnCcv+okD9Gc=,DJ+xzMFrKACswEpkpjWRJNEQX3Y=
14,-6,4WVkDCuWwibJdydHnCcv+okD9Gc=,DJ+xzMFrKACswEpkpjWRJNEQX3Y=
15,-6,4WVkDCuWwibJdydHnCcv+okD9Gc=,DJ+xzMFrKACswEpkpjWRJNEQX3Y=
5,-1,4WVkDCuWwibJdydHnCcv+okD9Gc=,DJ+xzMFrKACswEpkpjWRJNEQX3Y=
6,-1,4WVkDCuWwibJdydHnCcv+okD9Gc=,DJ+xzMFrKACswEpkpjWRJNEQX3Y=
0,-5,4WVkDCuWwibJdydHnCcv+okD9Gc=,DJ+xzMFrKACswEpkpjWRJNEQX3Y=
2,-1,4WVkDCuWwibJdydHnCcv+okD9Gc=,DJ+xzMFrKACswEpkpjWRJNEQX3Y=
15,-2,4WVkDCuWwibJdydHnCcv+okD9Gc=,DJ+xzMFrKACswEpkpjWRJNEQX3Y=
14,-2,4WVkDCuWwibJdydHnCcv+okD9Gc=,DJ+xzMFrKACswEpkpjWRJNEQX3Y=
13,-2,4WVkDCuWwibJdydHnCcv+okD9Gc=,DJ+xzMFrKACswEpkpjWRJNEQX3Y=
12,-2,4WVkDCuWwibJdydHnCcv+okD9Gc=,DJ+xzMFrKACswEpkpjWRJNEQX3Y=
11,-2,4WVkDCuWwibJdydHnCcv+okD9Gc=,DJ+xzMFrKACswEpkpjWRJNEQX3Y=
10,-2,4WVkDCuWwibJdydHnCcv+okD9Gc=,DJ+xzMFrKACswEpkpjWRJNEQX3Y=
9,-2,4WVkDCuWwibJdydHnCcv+okD9Gc=,DJ+xzMFrKACswEpkpjWRJNEQX3Y=
4,-1,4WVkDCuWwibJdydHnCcv+okD9Gc=,DJ+xzMFrKACswEpkpjWRJNEQX3Y=
8,-2,4WVkDCuWwibJdydHnCcv+okD9Gc=,DJ+xzMFrKACswEpkpjWRJNEQX3Y=
3,-1,4WVkDCuWwibJdydHnCcv+okD9Gc=,DJ+xzMFrKACswEpkpjWRJNEQX3Y=
1,-5,4WVkDCuWwibJdydHnCcv+okD9Gc=,DJ+xzMFrKACswEpkpjWRJNEQX3Y=
1,-1,4WVkDCuWwibJdydHnCcv+okD9Gc=,DJ+xzMFrKACswEpkpjWRJNEQX3Y=
0,-1,4WVkDCuWwibJdydHnCcv+okD9Gc=,DJ+xzMFrKACswEpkpjWRJNEQX3Y=
14,-15,4WVkDCuWwibJdydHnCcv+okD9Gc=,DJ+xzMFrKACswEpkpjWRJNEQX3Y=
12,-14,4WVkDCuWwibJdydHnCcv+okD9Gc=,DJ+xzMFrKACswEpkpjWRJNEQX3Y=
7,-2,4WVkDCuWwibJdydHnCcv+okD9Gc=,DJ+xzMFrKACswEpkpjWRJNEQX3Y=
6,-2,4WVkDCuWwibJdydHnCcv+okD9Gc=,DJ+xzMFrKACswEpkpjWRJNEQX3Y=
5,-2,4WVkDCuWwibJdydHnCcv+okD9Gc=,DJ+xzMFrKACswEpkpjWRJNEQX3Y=
2,-5,4WVkDCuWwibJdydHnCcv+okD9Gc=,DJ+xzMFrKACswEpkpjWRJNEQX3Y=
3,-5,4WVkDCuWwibJdydHnCcv+okD9Gc=,DJ+xzMFrKACswEpkpjWRJNEQX3Y=
4,-5,4WVkDCuWwibJdydHnCcv+okD9Gc=,DJ+xzMFrKACswEpkpjWRJNEQX3Y=
5,-5,4WVkDCuWwibJdydHnCcv+okD9Gc=,DJ+xzMFrKACswEpkpjWRJNEQX3Y=
6,-5,4WVkDCuWwibJdydHnCcv+okD9Gc=,DJ+xzMFrKACswEpkpjWRJNEQX3Y=
7,-5,4WVkDCuWwibJdydHnCcv+okD9Gc=,DJ+xzMFrKACswEpkpjWRJNEQX3Y=
8,-5,4WVkDCuWwibJdydHnCcv+okD9Gc=,DJ+xzMFrKACswEpkpjWRJNEQX3Y=
9,-5,4WVkDCuWwibJdydHnCcv+okD9Gc=,DJ+xzMFrKACswEpkpjWRJNEQX3Y=
11,-15,4WVkDCuWwibJdydHnCcv+okD9Gc=,DJ+xzMFrKACswEpkpjWRJNEQX3Y=
10,-14,4WVkDCuWwibJdydHnCcv+okD9Gc=,DJ+xzMFrKACswEpkpjWRJNEQX3Y=
10,-5,4WVkDCuWwibJdydHnCcv+okD9Gc=,DJ+xzMFrKACswEpkpjWRJNEQX3Y=
11,-5,4WVkDCuWwibJdydHnCcv+okD9Gc=,DJ+xzMFrKACswEpkpjWRJNEQX3Y=
12,-5,4WVkDCuWwibJdydHnCcv+okD9Gc=,DJ+xzMFrKACswEpkpjWRJNEQX3Y=
13,-5,4WVkDCuWwibJdydHnCcv+okD9Gc=,DJ+xzMFrKACswEpkpjWRJNEQX3Y=
14,-5,4WVkDCuWwibJdydHnCcv+okD9Gc=,DJ+xzMFrKACswEpkpjWRJNEQX3Y=
15,-5,4WVkDCuWwibJdydHnCcv+okD9Gc=,DJ+xzMFrKACswEpkpjWRJNEQX3Y=
2,-2,4WVkDCuWwibJdydHnCcv+okD9Gc=,DJ+xzMFrKACswEpkpjWRJNEQX3Y=
15,-3,4WVkDCuWwibJdydHnCcv+okD9Gc=,DJ+xzMFrKACswEpkpjWRJNEQX3Y=
13,-3,4WVkDCuWwibJdydHnCcv+okD9Gc=,DJ+xzMFrKACswEpkpjWRJNEQX3Y=
14,-3,4WVkDCuWwibJdydHnCcv+okD9Gc=,DJ+xzMFrKACswEpkpjWRJNEQX3Y=
11,-3,4WVkDCuWwibJdydHnCcv+okD9Gc=,DJ+xzMFrKACswEpkpjWRJNEQX3Y=
12,-3,4WVkDCuWwibJdydHnCcv+okD9Gc=,DJ+xzMFrKACswEpkpjWRJNEQX3Y=
10,-3,4WVkDCuWwibJdydHnCcv+okD9Gc=,DJ+xzMFrKACswEpkpjWRJNEQX3Y=
9,-3,4WVkDCuWwibJdydHnCcv+okD9Gc=,DJ+xzMFrKACswEpkpjWRJNEQX3Y=
1,-2,4WVkDCuWwibJdydHnCcv+okD9Gc=,DJ+xzMFrKACswEpkpjWRJNEQX3Y=
0,-2,4WVkDCuWwibJdydHnCcv+okD9Gc=,DJ+xzMFrKACswEpkpjWRJNEQX3Y=
4,-2,4WVkDCuWwibJdydHnCcv+okD9Gc=,DJ+xzMFrKACswEpkpjWRJNEQX3Y=
8,-3,4WVkDCuWwibJdydHnCcv+okD9Gc=,DJ+xzMFrKACswEpkpjWRJNEQX3Y=
0,-4,4WVkDCuWwibJdydHnCcv+okD9Gc=,DJ+xzMFrKACswEpkpjWRJNEQX3Y=
3,-2,4WVkDCuWwibJdydHnCcv+okD9Gc=,DJ+xzMFrKACswEpkpjWRJNEQX3Y=
7,-3,4WVkDCuWwibJdydHnCcv+okD9Gc=,DJ+xzMFrKACswEpkpjWRJNEQX3Y=
6,-3,4WVkDCuWwibJdydHnCcv+okD9Gc=,DJ+xzMFrKACswEpkpjWRJNEQX3Y=
4,-3,4WVkDCuWwibJdydHnCcv+okD9Gc=,DJ+xzMFrKACswEpkpjWRJNEQX3Y=
5,-3,4WVkDCuWwibJdydHnCcv+okD9Gc=,DJ+xzMFrKACswEpkpjWRJNEQX3Y=
15,-4,4WVkDCuWwibJdydHnCcv+okD9Gc=,DJ+xzMFrKACswEpkpjWRJNEQX3Y=
14,-4,4WVkDCuWwibJdydHnCcv+okD9Gc=,DJ+xzMFrKACswEpkpjWRJNEQX3Y=
13,-4,4WVkDCuWwibJdydHnCcv+okD9Gc=,DJ+xzMFrKACswEpkpjWRJNEQX3Y=
13,-15,4WVkDCuWwibJdydHnCcv+okD9Gc=,DJ+xzMFrKACswEpkpjWRJNEQX3Y=
11,-14,4WVkDCuWwibJdydHnCcv+okD9Gc=,DJ+xzMFrKACswEpkpjWRJNEQX3Y=
12,-4,4WVkDCuWwibJdydHnCcv+okD9Gc=,DJ+xzMFrKACswEpkpjWRJNEQX3Y=
11,-4,4WVkDCuWwibJdydHnCcv+okD9Gc=,DJ+xzMFrKACswEpkpjWRJNEQX3Y=
9,-4,4WVkDCuWwibJdydHnCcv+okD9Gc=,DJ+xzMFrKACswEpkpjWRJNEQX3Y=
10,-4,4WVkDCuWwibJdydHnCcv+okD9Gc=,DJ+xzMFrKACswEpkpjWRJNEQX3Y=
3,-3,4WVkDCuWwibJdydHnCcv+okD9Gc=,DJ+xzMFrKACswEpkpjWRJNEQX3Y=
2,-16,4WVkDCuWwibJdydHnCcv+okD9Gc=,DJ+xzMFrKACswEpkpjWRJNEQX3Y=
12,-15,4WVkDCuWwibJdydHnCcv+okD9Gc=,DJ+xzMFrKACswEpkpjWRJNEQX3Y=
8,-4,4WVkDCuWwibJdydHnCcv+okD9Gc=,DJ+xzMFrKACswEpkpjWRJNEQX3Y=
6,-4,4WVkDCuWwibJdydHnCcv+okD9Gc=,DJ+xzMFrKACswEpkpjWRJNEQX3Y=
5,-4,4WVkDCuWwibJdydHnCcv+okD9Gc=,DJ+xzMFrKACswEpkpjWRJNEQX3Y=
4,-4,4WVkDCuWwibJdydHnCcv+okD9Gc=,DJ+xzMFrKACswEpkpjWRJNEQX3Y=
3,-4,4WVkDCuWwibJdydHnCcv+okD9Gc=,DJ+xzMFrKACswEpkpjWRJNEQX3Y=
7,-4,4WVkDCuWwibJdydHnCcv+okD9Gc=,DJ+xzMFrKACswEpkpjWRJNEQX3Y=
2,-3,4WVkDCuWwibJdydHnCcv+okD9Gc=,DJ+xzMFrKACswEpkpjWRJNEQX3Y=
1,-4,4WVkDCuWwibJdydHnCcv+okD9Gc=,DJ+xzMFrKACswEpkpjWRJNEQX3Y=
1,-3,4WVkDCuWwibJdydHnCcv+okD9Gc=,DJ+xzMFrKACswEpkpjWRJNEQX3Y=
2,-4,4WVkDCuWwibJdydHnCcv+okD9Gc=,DJ+xzMFrKACswEpkpjWRJNEQX3Y=
0,-3,4WVkDCuWwibJdydHnCcv+okD9Gc=,DJ+xzMFrKACswEpkpjWRJNEQX3Y=
