-91,64,PETmVCq31DmVsnPCuBa/8Il8Dec=,w4uIgRtBIdKu2vD2PReMuKAXUlg=
-89,67,PETmVCq31DmVsnPCuBa/8Il8Dec=,w4uIgRtBIdKu2vD2PReMuKAXUlg=
-88,67,PETmVCq31DmVsnPCuBa/8Il8Dec=,w4uIgRtBIdKu2vD2PReMuKAXUlg=
-87,67,PETmVCq31DmVsnPCuBa/8Il8Dec=,w4uIgRtBIdKu2vD2PReMuKAXUlg=
-86,67,PETmVCq31DmVsnPCuBa/8Il8Dec=,w4uIgRtBIdKu2vD2PReMuKAXUlg=
-90,67,PETmVCq31DmVsnPCuBa/8Il8Dec=,w4uIgRtBIdKu2vD2PReMuKAXUlg=
-85,67,PETmVCq31DmVsnPCuBa/8Il8Dec=,w4uIgRtBIdKu2vD2PReMuKAXUlg=
-84,67,PETmVCq31DmVsnPCuBa/8Il8Dec=,w4uIgRtBIdKu2vD2PReMuKAXUlg=
-90,66,PETmVCq31DmVsnPCuBa/8Il8Dec=,w4uIgRtBIdKu2vD2PReMuKAXUlg=
-83,67,PETmVCq31DmVsnPCuBa/8Il8Dec=,w4uIgRtBIdKu2vD2PReMuKAXUlg=
-91,66,PETmVCq31DmVsnPCuBa/8Il8Dec=,w4uIgRtBIdKu2vD2PReMuKAXUlg=
-90,65,PETmVCq31DmVsnPCuBa/8Il8Dec=,w4uIgRtBIdKu2vD2PReMuKAXUlg=
-91,67,VrXw4HoJq7lVz6g9MKbaxoNWQi8=,w4uIgRtBIdKu2vD2PReMuKAXUlg=
-90,64,VrXw4HoJq7lVz6g9MKbaxoNWQi8=,w4uIgRtBIdKu2vD2PReMuKAXUlg=
-96,68,VrXw4HoJq7lVz6g9MKbaxoNWQi8=,w4uIgRtBIdKu2vD2PReMuKAXUlg=
-93,64,VrXw4HoJq7lVz6g9MKbaxoNWQi8=,w4uIgRtBIdKu2vD2PReMuKAXUlg=
-89,66,VrXw4HoJq7lVz6g9MKbaxoNWQi8=,w4uIgRtBIdKu2vD2PReMuKAXUlg=
-95,68,VrXw4HoJq7lVz6g9MKbaxoNWQi8=,w4uIgRtBIdKu2vD2PReMuKAXUlg=
-94,68,VrXw4HoJq7lVz6g9MKbaxoNWQi8=,w4uIgRtBIdKu2vD2PReMuKAXUlg=
-92,67,VrXw4HoJq7lVz6g9MKbaxoNWQi8=,w4uIgRtBIdKu2vD2PReMuKAXUlg=
-93,68,VrXw4HoJq7lVz6g9MKbaxoNWQi8=,w4uIgRtBIdKu2vD2PReMuKAXUlg=
-92,68,VrXw4HoJq7lVz6g9MKbaxoNWQi8=,w4uIgRtBIdKu2vD2PReMuKAXUlg=
-91,68,VrXw4HoJq7lVz6g9MKbaxoNWQi8=,w4uIgRtBIdKu2vD2PReMuKAXUlg=
-93,67,VrXw4HoJq7lVz6g9MKbaxoNWQi8=,w4uIgRtBIdKu2vD2PReMuKAXUlg=
-90,68,VrXw4HoJq7lVz6g9MKbaxoNWQi8=,w4uIgRtBIdKu2vD2PReMuKAXUlg=
-89,68,VrXw4HoJq7lVz6g9MKbaxoNWQi8=,w4uIgRtBIdKu2vD2PReMuKAXUlg=
-88,68,VrXw4HoJq7lVz6g9MKbaxoNWQi8=,w4uIgRtBIdKu2vD2PReMuKAXUlg=
-87,68,VrXw4HoJq7lVz6g9MKbaxoNWQi8=,w4uIgRtBIdKu2vD2PReMuKAXUlg=
-86,68,VrXw4HoJq7lVz6g9MKbaxoNWQi8=,w4uIgRtBIdKu2vD2PReMuKAXUlg=
-85,68,VrXw4HoJq7lVz6g9MKbaxoNWQi8=,w4uIgRtBIdKu2vD2PReMuKAXUlg=
-84,68,VrXw4HoJq7lVz6g9MKbaxoNWQi8=,w4uIgRtBIdKu2vD2PReMuKAXUlg=
-89,65,VrXw4HoJq7lVz6g9MKbaxoNWQi8=,w4uIgRtBIdKu2vD2PReMuKAXUlg=
-96,69,VrXw4HoJq7lVz6g9MKbaxoNWQi8=,w4uIgRtBIdKu2vD2PReMuKAXUlg=
-88,66,VrXw4HoJq7lVz6g9MKbaxoNWQi8=,w4uIgRtBIdKu2vD2PReMuKAXUlg=
-96,64,VrXw4HoJq7lVz6g9MKbaxoNWQi8=,w4uIgRtBIdKu2vD2PReMuKAXUlg=
-89,64,VrXw4HoJq7lVz6g9MKbaxoNWQi8=,w4uIgRtBIdKu2vD2PReMuKAXUlg=
-95,69,VrXw4HoJq7lVz6g9MKbaxoNWQi8=,w4uIgRtBIdKu2vD2PReMuKAXUlg=
-94,69,VrXw4HoJq7lVz6g9MKbaxoNWQi8=,w4uIgRtBIdKu2vD2PReMuKAXUlg=
-93,69,VrXw4HoJq7lVz6g9MKbaxoNWQi8=,w4uIgRtBIdKu2vD2PReMuKAXUlg=
-92,69,VrXw4HoJq7lVz6g9MKbaxoNWQi8=,w4uIgRtBIdKu2vD2PReMuKAXUlg=
-91,69,VrXw4HoJq7lVz6g9MKbaxoNWQi8=,w4uIgRtBIdKu2vD2PReMuKAXUlg=
-90,69,VrXw4HoJq7lVz6g9MKbaxoNWQi8=,w4uIgRtBIdKu2vD2PReMuKAXUlg=
-89,69,VrXw4HoJq7lVz6g9MKbaxoNWQi8=,w4uIgRtBIdKu2vD2PReMuKAXUlg=
-88,69,VrXw4HoJq7lVz6g9MKbaxoNWQi8=,w4uIgRtBIdKu2vD2PReMuKAXUlg=
-87,69,VrXw4HoJq7lVz6g9MKbaxoNWQi8=,w4uIgRtBIdKu2vD2PReMuKAXUlg=
-86,69,VrXw4HoJq7lVz6g9MKbaxoNWQi8=,w4uIgRtBIdKu2vD2PReMuKAXUlg=
-85,69,VrXw4HoJq7lVz6g9MKbaxoNWQi8=,w4uIgRtBIdKu2vD2PReMuKAXUlg=
-88,65,VrXw4HoJq7lVz6g9MKbaxoNWQi8=,w4uIgRtBIdKu2vD2PReMuKAXUlg=
-96,70,VrXw4HoJq7lVz6g9MKbaxoNWQi8=,w4uIgRtBIdKu2vD2PReMuKAXUlg=
-87,66,VrXw4HoJq7lVz6g9MKbaxoNWQi8=,w4uIgRtBIdKu2vD2PReMuKAXUlg=
-88,64,VrXw4HoJq7lVz6g9MKbaxoNWQi8=,w4uIgRtBIdKu2vD2PReMuKAXUlg=
-95,70,VrXw4HoJq7lVz6g9MKbaxoNWQi8=,w4uIgRtBIdKu2vD2PReMuKAXUlg=
-91,65,VrXw4HoJq7lVz6g9MKbaxoNWQi8=,w4uIgRtBIdKu2vD2PReMuKAXUlg=
-94,70,VrXw4HoJq7lVz6g9MKbaxoNWQi8=,w4uIgRtBIdKu2vD2PReMuKAXUlg=
-92,65,VrXw4HoJq7lVz6g9MKbaxoNWQi8=,w4uIgRtBIdKu2vD2PReMuKAXUlg=
-93,70,VrXw4HoJq7lVz6g9MKbaxoNWQi8=,w4uIgRtBIdKu2vD2PReMuKAXUlg=
-92,70,VrXw4HoJq7lVz6g9MKbaxoNWQi8=,w4uIgRtBIdKu2vD2PReMuKAXUlg=
-91,70,VrXw4HoJq7lVz6g9MKbaxoNWQi8=,w4uIgRtBIdKu2vD2PReMuKAXUlg=
-90,70,VrXw4HoJq7lVz6g9MKbaxoNWQi8=,w4uIgRtBIdKu2vD2PReMuKAXUlg=
-95,64,VrXw4HoJq7lVz6g9MKbaxoNWQi8=,w4uIgRtBIdKu2vD2PReMuKAXUlg=
-89,70,VrXw4HoJq7lVz6g9MKbaxoNWQi8=,w4uIgRtBIdKu2vD2PReMuKAXUlg=
-88,70,VrXw4HoJq7lVz6g9MKbaxoNWQi8=,w4uIgRtBIdKu2vD2PReMuKAXUlg=
-94,67,VrXw4HoJq7lVz6g9MKbaxoNWQi8=,w4uIgRtBIdKu2vD2PReMuKAXUlg=
-87,70,VrXw4HoJq7lVz6g9MKbaxoNWQi8=,w4uIgRtBIdKu2vD2PReMuKAXUlg=
-92,66,VrXw4HoJq7lVz6g9MKbaxoNWQi8=,w4uIgRtBIdKu2vD2PReMuKAXUlg=
-86,70,VrXw4HoJq7lVz6g9MKbaxoNWQi8=,w4uIgRtBIdKu2vD2PReMuKAXUlg=
-85,70,VrXw4HoJq7lVz6g9MKbaxoNWQi8=,w4uIgRtBIdKu2vD2PReMuKAXUlg=
-84,70,VrXw4HoJq7lVz6g9MKbaxoNWQi8=,w4uIgRtBIdKu2vD2PReMuKAXUlg=
-87,65,VrXw4HoJq7lVz6g9MKbaxoNWQi8=,w4uIgRtBIdKu2vD2PReMuKAXUlg=
-86,66,VrXw4HoJq7lVz6g9MKbaxoNWQi8=,w4uIgRtBIdKu2vD2PReMuKAXUlg=
-87,64,VrXw4HoJq7lVz6g9MKbaxoNWQi8=,w4uIgRtBIdKu2vD2PReMuKAXUlg=
-96,71,VrXw4HoJq7lVz6g9MKbaxoNWQi8=,w4uIgRtBIdKu2vD2PReMuKAXUlg=
-95,71,VrXw4HoJq7lVz6g9MKbaxoNWQi8=,w4uIgRtBIdKu2vD2PReMuKAXUlg=
-94,71,VrXw4HoJq7lVz6g9MKbaxoNWQi8=,w4uIgRtBIdKu2vD2PReMuKAXUlg=
-93,71,VrXw4HoJq7lVz6g9MKbaxoNWQi8=,w4uIgRtBIdKu2vD2PReMuKAXUlg=
-92,71,VrXw4HoJq7lVz6g9MKbaxoNWQi8=,w4uIgRtBIdKu2vD2PReMuKAXUlg=
-91,71,VrXw4HoJq7lVz6g9MKbaxoNWQi8=,w4uIgRtBIdKu2vD2PReMuKAXUlg=
-90,71,VrXw4HoJq7lVz6g9MKbaxoNWQi8=,w4uIgRtBIdKu2vD2PReMuKAXUlg=
-89,71,VrXw4HoJq7lVz6g9MKbaxoNWQi8=,w4uIgRtBIdKu2vD2PReMuKAXUlg=
-88,71,VrXw4HoJq7lVz6g9MKbaxoNWQi8=,w4uIgRtBIdKu2vD2PReMuKAXUlg=
-87,71,VrXw4HoJq7lVz6g9MKbaxoNWQi8=,w4uIgRtBIdKu2vD2PReMuKAXUlg=
-86,71,VrXw4HoJq7lVz6g9MKbaxoNWQi8=,w4uIgRtBIdKu2vD2PReMuKAXUlg=
-85,71,VrXw4HoJq7lVz6g9MKbaxoNWQi8=,w4uIgRtBIdKu2vD2PReMuKAXUlg=
-86,65,VrXw4HoJq7lVz6g9MKbaxoNWQi8=,w4uIgRtBIdKu2vD2PReMuKAXUlg=
-85,66,VrXw4HoJq7lVz6g9MKbaxoNWQi8=,w4uIgRtBIdKu2vD2PReMuKAXUlg=
-86,64,VrXw4HoJq7lVz6g9MKbaxoNWQi8=,w4uIgRtBIdKu2vD2PReMuKAXUlg=
-96,72,VrXw4HoJq7lVz6g9MKbaxoNWQi8=,w4uIgRtBIdKu2vD2PReMuKAXUlg=
-95,72,VrXw4HoJq7lVz6g9MKbaxoNWQi8=,w4uIgRtBIdKu2vD2PReMuKAXUlg=
-94,72,VrXw4HoJq7lVz6g9MKbaxoNWQi8=,w4uIgRtBIdKu2vD2PReMuKAXUlg=
-93,72,VrXw4HoJq7lVz6g9MKbaxoNWQi8=,w4uIgRtBIdKu2vD2PReMuKAXUlg=
-92,72,VrXw4HoJq7lVz6g9MKbaxoNWQi8=,w4uIgRtBIdKu2vD2PReMuKAXUlg=
-91,72,VrXw4HoJq7lVz6g9MKbaxoNWQi8=,w4uIgRtBIdKu2vD2PReMuKAXUlg=
-90,72,VrXw4HoJq7lVz6g9MKbaxoNWQi8=,w4uIgRtBIdKu2vD2PReMuKAXUlg=
-89,72,VrXw4HoJq7lVz6g9MKbaxoNWQi8=,w4uIgRtBIdKu2vD2PReMuKAXUlg=
-88,72,VrXw4HoJq7lVz6g9MKbaxoNWQi8=,w4uIgRtBIdKu2vD2PReMuKAXUlg=
-87,72,VrXw4HoJq7lVz6g9MKbaxoNWQi8=,w4uIgRtBIdKu2vD2PReMuKAXUlg=
-86,72,VrXw4HoJq7lVz6g9MKbaxoNWQi8=,w4uIgRtBIdKu2vD2PReMuKAXUlg=
-85,72,VrXw4HoJq7lVz6g9MKbaxoNWQi8=,w4uIgRtBIdKu2vD2PReMuKAXUlg=
-82,79,VrXw4HoJq7lVz6g9MKbaxoNWQi8=,w4uIgRtBIdKu2vD2PReMuKAXUlg=
-85,65,VrXw4HoJq7lVz6g9MKbaxoNWQi8=,w4uIgRtBIdKu2vD2PReMuKAXUlg=
-84,66,VrXw4HoJq7lVz6g9MKbaxoNWQi8=,w4uIgRtBIdKu2vD2PReMuKAXUlg=
-96,73,VrXw4HoJq7lVz6g9MKbaxoNWQi8=,w4uIgRtBIdKu2vD2PReMuKAXUlg=
-85,64,VrXw4HoJq7lVz6g9MKbaxoNWQi8=,w4uIgRtBIdKu2vD2PReMuKAXUlg=
-95,73,VrXw4HoJq7lVz6g9MKbaxoNWQi8=,w4uIgRtBIdKu2vD2PReMuKAXUlg=
-94,73,VrXw4HoJq7lVz6g9MKbaxoNWQi8=,w4uIgRtBIdKu2vD2PReMuKAXUlg=
-93,73,VrXw4HoJq7lVz6g9MKbaxoNWQi8=,w4uIgRtBIdKu2vD2PReMuKAXUlg=
-92,73,VrXw4HoJq7lVz6g9MKbaxoNWQi8=,w4uIgRtBIdKu2vD2PReMuKAXUlg=
-91,73,VrXw4HoJq7lVz6g9MKbaxoNWQi8=,w4uIgRtBIdKu2vD2PReMuKAXUlg=
-90,73,VrXw4HoJq7lVz6g9MKbaxoNWQi8=,w4uIgRtBIdKu2vD2PReMuKAXUlg=
-89,73,VrXw4HoJq7lVz6g9MKbaxoNWQi8=,w4uIgRtBIdKu2vD2PReMuKAXUlg=
-88,73,VrXw4HoJq7lVz6g9MKbaxoNWQi8=,w4uIgRtBIdKu2vD2PReMuKAXUlg=
-87,73,VrXw4HoJq7lVz6g9MKbaxoNWQi8=,w4uIgRtBIdKu2vD2PReMuKAXUlg=
-86,73,VrXw4HoJq7lVz6g9MKbaxoNWQi8=,w4uIgRtBIdKu2vD2PReMuKAXUlg=
-85,73,VrXw4HoJq7lVz6g9MKbaxoNWQi8=,w4uIgRtBIdKu2vD2PReMuKAXUlg=
-84,65,VrXw4HoJq7lVz6g9MKbaxoNWQi8=,w4uIgRtBIdKu2vD2PReMuKAXUlg=
-83,66,VrXw4HoJq7lVz6g9MKbaxoNWQi8=,w4uIgRtBIdKu2vD2PReMuKAXUlg=
-84,64,VrXw4HoJq7lVz6g9MKbaxoNWQi8=,w4uIgRtBIdKu2vD2PReMuKAXUlg=
-96,74,VrXw4HoJq7lVz6g9MKbaxoNWQi8=,w4uIgRtBIdKu2vD2PReMuKAXUlg=
-95,74,VrXw4HoJq7lVz6g9MKbaxoNWQi8=,w4uIgRtBIdKu2vD2PReMuKAXUlg=
-94,74,VrXw4HoJq7lVz6g9MKbaxoNWQi8=,w4uIgRtBIdKu2vD2PReMuKAXUlg=
-84,79,VrXw4HoJq7lVz6g9MKbaxoNWQi8=,w4uIgRtBIdKu2vD2PReMuKAXUlg=
-93,74,VrXw4HoJq7lVz6g9MKbaxoNWQi8=,w4uIgRtBIdKu2vD2PReMuKAXUlg=
-92,74,VrXw4HoJq7lVz6g9MKbaxoNWQi8=,w4uIgRtBIdKu2vD2PReMuKAXUlg=
-85,79,VrXw4HoJq7lVz6g9MKbaxoNWQi8=,w4uIgRtBIdKu2vD2PReMuKAXUlg=
-91,74,VrXw4HoJq7lVz6g9MKbaxoNWQi8=,w4uIgRtBIdKu2vD2PReMuKAXUlg=
-90,74,VrXw4HoJq7lVz6g9MKbaxoNWQi8=,w4uIgRtBIdKu2vD2PReMuKAXUlg=
-89,74,VrXw4HoJq7lVz6g9MKbaxoNWQi8=,w4uIgRtBIdKu2vD2PReMuKAXUlg=
-88,74,VrXw4HoJq7lVz6g9MKbaxoNWQi8=,w4uIgRtBIdKu2vD2PReMuKAXUlg=
-87,74,VrXw4HoJq7lVz6g9MKbaxoNWQi8=,w4uIgRtBIdKu2vD2PReMuKAXUlg=
-86,74,VrXw4HoJq7lVz6g9MKbaxoNWQi8=,w4uIgRtBIdKu2vD2PReMuKAXUlg=
-85,74,VrXw4HoJq7lVz6g9MKbaxoNWQi8=,w4uIgRtBIdKu2vD2PReMuKAXUlg=
-87,79,VrXw4HoJq7lVz6g9MKbaxoNWQi8=,w4uIgRtBIdKu2vD2PReMuKAXUlg=
-83,65,VrXw4HoJq7lVz6g9MKbaxoNWQi8=,w4uIgRtBIdKu2vD2PReMuKAXUlg=
-96,75,VrXw4HoJq7lVz6g9MKbaxoNWQi8=,w4uIgRtBIdKu2vD2PReMuKAXUlg=
-86,79,VrXw4HoJq7lVz6g9MKbaxoNWQi8=,w4uIgRtBIdKu2vD2PReMuKAXUlg=
-82,66,VrXw4HoJq7lVz6g9MKbaxoNWQi8=,w4uIgRtBIdKu2vD2PReMuKAXUlg=
-88,79,VrXw4HoJq7lVz6g9MKbaxoNWQi8=,w4uIgRtBIdKu2vD2PReMuKAXUlg=
-83,64,VrXw4HoJq7lVz6g9MKbaxoNWQi8=,w4uIgRtBIdKu2vD2PReMuKAXUlg=
-95,75,VrXw4HoJq7lVz6g9MKbaxoNWQi8=,w4uIgRtBIdKu2vD2PReMuKAXUlg=
-89,79,VrXw4HoJq7lVz6g9MKbaxoNWQi8=,w4uIgRtBIdKu2vD2PReMuKAXUlg=
-94,75,VrXw4HoJq7lVz6g9MKbaxoNWQi8=,w4uIgRtBIdKu2vD2PReMuKAXUlg=
-93,75,VrXw4HoJq7lVz6g9MKbaxoNWQi8=,w4uIgRtBIdKu2vD2PReMuKAXUlg=
-90,79,VrXw4HoJq7lVz6g9MKbaxoNWQi8=,w4uIgRtBIdKu2vD2PReMuKAXUlg=
-92,75,VrXw4HoJq7lVz6g9MKbaxoNWQi8=,w4uIgRtBIdKu2vD2PReMuKAXUlg=
-91,79,VrXw4HoJq7lVz6g9MKbaxoNWQi8=,w4uIgRtBIdKu2vD2PReMuKAXUlg=
-91,75,VrXw4HoJq7lVz6g9MKbaxoNWQi8=,w4uIgRtBIdKu2vD2PReMuKAXUlg=
-90,75,VrXw4HoJq7lVz6g9MKbaxoNWQi8=,w4uIgRtBIdKu2vD2PReMuKAXUlg=
-92,79,VrXw4HoJq7lVz6g9MKbaxoNWQi8=,w4uIgRtBIdKu2vD2PReMuKAXUlg=
-89,75,VrXw4HoJq7lVz6g9MKbaxoNWQi8=,w4uIgRtBIdKu2vD2PReMuKAXUlg=
-88,75,VrXw4HoJq7lVz6g9MKbaxoNWQi8=,w4uIgRtBIdKu2vD2PReMuKAXUlg=
-93,79,VrXw4HoJq7lVz6g9MKbaxoNWQi8=,w4uIgRtBIdKu2vD2PReMuKAXUlg=
-87,75,VrXw4HoJq7lVz6g9MKbaxoNWQi8=,w4uIgRtBIdKu2vD2PReMuKAXUlg=
-94,79,VrXw4HoJq7lVz6g9MKbaxoNWQi8=,w4uIgRtBIdKu2vD2PReMuKAXUlg=
-86,75,VrXw4HoJq7lVz6g9MKbaxoNWQi8=,w4uIgRtBIdKu2vD2PReMuKAXUlg=
-85,75,VrXw4HoJq7lVz6g9MKbaxoNWQi8=,w4uIgRtBIdKu2vD2PReMuKAXUlg=
-95,79,VrXw4HoJq7lVz6g9MKbaxoNWQi8=,w4uIgRtBIdKu2vD2PReMuKAXUlg=
-95,67,VrXw4HoJq7lVz6g9MKbaxoNWQi8=,w4uIgRtBIdKu2vD2PReMuKAXUlg=
-96,79,VrXw4HoJq7lVz6g9MKbaxoNWQi8=,w4uIgRtBIdKu2vD2PReMuKAXUlg=
-82,65,VrXw4HoJq7lVz6g9MKbaxoNWQi8=,w4uIgRtBIdKu2vD2PReMuKAXUlg=
-92,64,VrXw4HoJq7lVz6g9MKbaxoNWQi8=,w4uIgRtBIdKu2vD2PReMuKAXUlg=
-96,66,VrXw4HoJq7lVz6g9MKbaxoNWQi8=,w4uIgRtBIdKu2vD2PReMuKAXUlg=
-82,64,VrXw4HoJq7lVz6g9MKbaxoNWQi8=,w4uIgRtBIdKu2vD2PReMuKAXUlg=
-93,66,VrXw4HoJq7lVz6g9MKbaxoNWQi8=,w4uIgRtBIdKu2vD2PReMuKAXUlg=
-96,67,VrXw4HoJq7lVz6g9MKbaxoNWQi8=,w4uIgRtBIdKu2vD2PReMuKAXUlg=
-94,64,VrXw4HoJq7lVz6g9MKbaxoNWQi8=,w4uIgRtBIdKu2vD2PReMuKAXUlg=
-84,78,VrXw4HoJq7lVz6g9MKbaxoNWQi8=,w4uIgRtBIdKu2vD2PReMuKAXUlg=
-96,65,VrXw4HoJq7lVz6g9MKbaxoNWQi8=,w4uIgRtBIdKu2vD2PReMuKAXUlg=
-96,76,VrXw4HoJq7lVz6g9MKbaxoNWQi8=,w4uIgRtBIdKu2vD2PReMuKAXUlg=
-85,78,VrXw4HoJq7lVz6g9MKbaxoNWQi8=,w4uIgRtBIdKu2vD2PReMuKAXUlg=
-95,65,VrXw4HoJq7lVz6g9MKbaxoNWQi8=,w4uIgRtBIdKu2vD2PReMuKAXUlg=
-95,76,VrXw4HoJq7lVz6g9MKbaxoNWQi8=,w4uIgRtBIdKu2vD2PReMuKAXUlg=
-94,76,VrXw4HoJq7lVz6g9MKbaxoNWQi8=,w4uIgRtBIdKu2vD2PReMuKAXUlg=
-86,78,VrXw4HoJq7lVz6g9MKbaxoNWQi8=,w4uIgRtBIdKu2vD2PReMuKAXUlg=
-93,76,VrXw4HoJq7lVz6g9MKbaxoNWQi8=,w4uIgRtBIdKu2vD2PReMuKAXUlg=
-87,78,VrXw4HoJq7lVz6g9MKbaxoNWQi8=,w4uIgRtBIdKu2vD2PReMuKAXUlg=
-92,76,VrXw4HoJq7lVz6g9MKbaxoNWQi8=,w4uIgRtBIdKu2vD2PReMuKAXUlg=
-88,78,VrXw4HoJq7lVz6g9MKbaxoNWQi8=,w4uIgRtBIdKu2vD2PReMuKAXUlg=
-91,76,VrXw4HoJq7lVz6g9MKbaxoNWQi8=,w4uIgRtBIdKu2vD2PReMuKAXUlg=
-89,78,VrXw4HoJq7lVz6g9MKbaxoNWQi8=,w4uIgRtBIdKu2vD2PReMuKAXUlg=
-90,76,VrXw4HoJq7lVz6g9MKbaxoNWQi8=,w4uIgRtBIdKu2vD2PReMuKAXUlg=
-90,78,VrXw4HoJq7lVz6g9MKbaxoNWQi8=,w4uIgRtBIdKu2vD2PReMuKAXUlg=
-89,76,VrXw4HoJq7lVz6g9MKbaxoNWQi8=,w4uIgRtBIdKu2vD2PReMuKAXUlg=
-91,78,VrXw4HoJq7lVz6g9MKbaxoNWQi8=,w4uIgRtBIdKu2vD2PReMuKAXUlg=
-88,76,VrXw4HoJq7lVz6g9MKbaxoNWQi8=,w4uIgRtBIdKu2vD2PReMuKAXUlg=
-92,78,VrXw4HoJq7lVz6g9MKbaxoNWQi8=,w4uIgRtBIdKu2vD2PReMuKAXUlg=
-87,76,VrXw4HoJq7lVz6g9MKbaxoNWQi8=,w4uIgRtBIdKu2vD2PReMuKAXUlg=
-93,78,VrXw4HoJq7lVz6g9MKbaxoNWQi8=,w4uIgRtBIdKu2vD2PReMuKAXUlg=
-86,76,VrXw4HoJq7lVz6g9MKbaxoNWQi8=,w4uIgRtBIdKu2vD2PReMuKAXUlg=
-94,78,VrXw4HoJq7lVz6g9MKbaxoNWQi8=,w4uIgRtBIdKu2vD2PReMuKAXUlg=
-85,76,VrXw4HoJq7lVz6g9MKbaxoNWQi8=,w4uIgRtBIdKu2vD2PReMuKAXUlg=
-95,78,VrXw4HoJq7lVz6g9MKbaxoNWQi8=,w4uIgRtBIdKu2vD2PReMuKAXUlg=
-84,76,VrXw4HoJq7lVz6g9MKbaxoNWQi8=,w4uIgRtBIdKu2vD2PReMuKAXUlg=
-96,78,VrXw4HoJq7lVz6g9MKbaxoNWQi8=,w4uIgRtBIdKu2vD2PReMuKAXUlg=
-93,65,VrXw4HoJq7lVz6g9MKbaxoNWQi8=,w4uIgRtBIdKu2vD2PReMuKAXUlg=
-95,66,VrXw4HoJq7lVz6g9MKbaxoNWQi8=,w4uIgRtBIdKu2vD2PReMuKAXUlg=
-94,66,VrXw4HoJq7lVz6g9MKbaxoNWQi8=,w4uIgRtBIdKu2vD2PReMuKAXUlg=
-94,65,VrXw4HoJq7lVz6g9MKbaxoNWQi8=,w4uIgRtBIdKu2vD2PReMuKAXUlg=
-84,77,VrXw4HoJq7lVz6g9MKbaxoNWQi8=,w4uIgRtBIdKu2vD2PReMuKAXUlg=
-96,77,VrXw4HoJq7lVz6g9MKbaxoNWQi8=,w4uIgRtBIdKu2vD2PReMuKAXUlg=
-85,77,VrXw4HoJq7lVz6g9MKbaxoNWQi8=,w4uIgRtBIdKu2vD2PReMuKAXUlg=
-86,77,VrXw4HoJq7lVz6g9MKbaxoNWQi8=,w4uIgRtBIdKu2vD2PReMuKAXUlg=
-95,77,VrXw4HoJq7lVz6g9MKbaxoNWQi8=,w4uIgRtBIdKu2vD2PReMuKAXUlg=
-87,77,VrXw4HoJq7lVz6g9MKbaxoNWQi8=,w4uIgRtBIdKu2vD2PReMuKAXUlg=
-88,77,VrXw4HoJq7lVz6g9MKbaxoNWQi8=,w4uIgRtBIdKu2vD2PReMuKAXUlg=
-94,77,VrXw4HoJq7lVz6g9MKbaxoNWQi8=,w4uIgRtBIdKu2vD2PReMuKAXUlg=
-89,77,VrXw4HoJq7lVz6g9MKbaxoNWQi8=,w4uIgRtBIdKu2vD2PReMuKAXUlg=
-90,77,VrXw4HoJq7lVz6g9MKbaxoNWQi8=,w4uIgRtBIdKu2vD2PReMuKAXUlg=
-93,77,VrXw4HoJq7lVz6g9MKbaxoNWQi8=,w4uIgRtBIdKu2vD2PReMuKAXUlg=
-91,77,VrXw4HoJq7lVz6g9MKbaxoNWQi8=,w4uIgRtBIdKu2vD2PReMuKAXUlg=
-92,77,VrXw4HoJq7lVz6g9MKbaxoNWQi8=,w4uIgRtBIdKu2vD2PReMuKAXUlg=
-81,67,VrXw4HoJq7lVz6g9MKbaxoNWQi8=,w4uIgRtBIdKu2vD2PReMuKAXUlg=
-81,68,VrXw4HoJq7lVz6g9MKbaxoNWQi8=,w4uIgRtBIdKu2vD2PReMuKAXUlg=
-82,67,VrXw4HoJq7lVz6g9MKbaxoNWQi8=,w4uIgRtBIdKu2vD2PReMuKAXUlg=
-81,77,VrXw4HoJq7lVz6g9MKbaxoNWQi8=,w4uIgRtBIdKu2vD2PReMuKAXUlg=
-81,66,VrXw4HoJq7lVz6g9MKbaxoNWQi8=,w4uIgRtBIdKu2vD2PReMuKAXUlg=
-81,64,VrXw4HoJq7lVz6g9MKbaxoNWQi8=,w4uIgRtBIdKu2vD2PReMuKAXUlg=
-81,69,VrXw4HoJq7lVz6g9MKbaxoNWQi8=,w4uIgRtBIdKu2vD2PReMuKAXUlg=
-81,79,VrXw4HoJq7lVz6g9MKbaxoNWQi8=,w4uIgRtBIdKu2vD2PReMuKAXUlg=
-81,65,VrXw4HoJq7lVz6g9MKbaxoNWQi8=,w4uIgRtBIdKu2vD2PReMuKAXUlg=
-81,76,VrXw4HoJq7lVz6g9MKbaxoNWQi8=,w4uIgRtBIdKu2vD2PReMuKAXUlg=
-84,69,VrXw4HoJq7lVz6g9MKbaxoNWQi8=,w4uIgRtBIdKu2vD2PReMuKAXUlg=
-83,77,VrXw4HoJq7lVz6g9MKbaxoNWQi8=,w4uIgRtBIdKu2vD2PReMuKAXUlg=
-81,78,VrXw4HoJq7lVz6g9MKbaxoNWQi8=,w4uIgRtBIdKu2vD2PReMuKAXUlg=
-83,68,VrXw4HoJq7lVz6g9MKbaxoNWQi8=,w4uIgRtBIdKu2vD2PReMuKAXUlg=
-81,70,VrXw4HoJq7lVz6g9MKbaxoNWQi8=,w4uIgRtBIdKu2vD2PReMuKAXUlg=
-82,68,VrXw4HoJq7lVz6g9MKbaxoNWQi8=,w4uIgRtBIdKu2vD2PReMuKAXUlg=
-83,69,VrXw4HoJq7lVz6g9MKbaxoNWQi8=,w4uIgRtBIdKu2vD2PReMuKAXUlg=
-81,71,VrXw4HoJq7lVz6g9MKbaxoNWQi8=,w4uIgRtBIdKu2vD2PReMuKAXUlg=
-81,75,VrXw4HoJq7lVz6g9MKbaxoNWQi8=,w4uIgRtBIdKu2vD2PReMuKAXUlg=
-81,74,VrXw4HoJq7lVz6g9MKbaxoNWQi8=,w4uIgRtBIdKu2vD2PReMuKAXUlg=
-81,72,VrXw4HoJq7lVz6g9MKbaxoNWQi8=,w4uIgRtBIdKu2vD2PReMuKAXUlg=
-81,73,VrXw4HoJq7lVz6g9MKbaxoNWQi8=,w4uIgRtBIdKu2vD2PReMuKAXUlg=
-83,71,VrXw4HoJq7lVz6g9MKbaxoNWQi8=,w4uIgRtBIdKu2vD2PReMuKAXUlg=
-82,69,VrXw4HoJq7lVz6g9MKbaxoNWQi8=,w4uIgRtBIdKu2vD2PReMuKAXUlg=
-84,71,VrXw4HoJq7lVz6g9MKbaxoNWQi8=,w4uIgRtBIdKu2vD2PReMuKAXUlg=
-84,72,VrXw4HoJq7lVz6g9MKbaxoNWQi8=,w4uIgRtBIdKu2vD2PReMuKAXUlg=
-83,70,VrXw4HoJq7lVz6g9MKbaxoNWQi8=,w4uIgRtBIdKu2vD2PReMuKAXUlg=
-82,77,VrXw4HoJq7lVz6g9MKbaxoNWQi8=,w4uIgRtBIdKu2vD2PReMuKAXUlg=
-82,70,VrXw4HoJq7lVz6g9MKbaxoNWQi8=,w4uIgRtBIdKu2vD2PReMuKAXUlg=
-84,73,VrXw4HoJq7lVz6g9MKbaxoNWQi8=,w4uIgRtBIdKu2vD2PReMuKAXUlg=
-82,71,VrXw4HoJq7lVz6g9MKbaxoNWQi8=,w4uIgRtBIdKu2vD2PReMuKAXUlg=
-83,72,VrXw4HoJq7lVz6g9MKbaxoNWQi8=,w4uIgRtBIdKu2vD2PReMuKAXUlg=
-83,73,VrXw4HoJq7lVz6g9MKbaxoNWQi8=,w4uIgRtBIdKu2vD2PReMuKAXUlg=
-83,79,VrXw4HoJq7lVz6g9MKbaxoNWQi8=,w4uIgRtBIdKu2vD2PReMuKAXUlg=
-84,75,VrXw4HoJq7lVz6g9MKbaxoNWQi8=,w4uIgRtBIdKu2vD2PReMuKAXUlg=
-84,74,VrXw4HoJq7lVz6g9MKbaxoNWQi8=,w4uIgRtBIdKu2vD2PReMuKAXUlg=
-82,76,VrXw4HoJq7lVz6g9MKbaxoNWQi8=,w4uIgRtBIdKu2vD2PReMuKAXUlg=
-82,72,VrXw4HoJq7lVz6g9MKbaxoNWQi8=,w4uIgRtBIdKu2vD2PReMuKAXUlg=
-82,78,VrXw4HoJq7lVz6g9MKbaxoNWQi8=,w4uIgRtBIdKu2vD2PReMuKAXUlg=
-83,74,VrXw4HoJq7lVz6g9MKbaxoNWQi8=,w4uIgRtBIdKu2vD2PReMuKAXUlg=
-82,74,VrXw4HoJq7lVz6g9MKbaxoNWQi8=,w4uIgRtBIdKu2vD2PReMuKAXUlg=
-82,73,VrXw4HoJq7lVz6g9MKbaxoNWQi8=,w4uIgRtBIdKu2vD2PReMuKAXUlg=
-83,78,VrXw4HoJq7lVz6g9MKbaxoNWQi8=,w4uIgRtBIdKu2vD2PReMuKAXUlg=
-83,75,VrXw4HoJq7lVz6g9MKbaxoNWQi8=,w4uIgRtBIdKu2vD2PReMuKAXUlg=
-82,75,VrXw4HoJq7lVz6g9MKbaxoNWQi8=,w4uIgRtBIdKu2vD2PReMuKAXUlg=
-83,76,VrXw4HoJq7lVz6g9MKbaxoNWQi8=,w4uIgRtBIdKu2vD2PReMuKAXUlg=
-89,83,VrXw4HoJq7lVz6g9MKbaxoNWQi8=,gJfkUUB4/aCOOUDeJcmYHZTxzJU=
-91,80,VrXw4HoJq7lVz6g9MKbaxoNWQi8=,gJfkUUB4/aCOOUDeJcmYHZTxzJU=
-90,83,CGgkMLCRkBcbtWmyo6M7t7jTah0=,gJfkUUB4/aCOOUDeJcmYHZTxzJU=
-90,82,CGgkMLCRkBcbtWmyo6M7t7jTah0=,gJfkUUB4/aCOOUDeJcmYHZTxzJU=
-91,82,CGgkMLCRkBcbtWmyo6M7t7jTah0=,gJfkUUB4/aCOOUDeJcmYHZTxzJU=
-93,80,CGgkMLCRkBcbtWmyo6M7t7jTah0=,gJfkUUB4/aCOOUDeJcmYHZTxzJU=
-91,83,CGgkMLCRkBcbtWmyo6M7t7jTah0=,gJfkUUB4/aCOOUDeJcmYHZTxzJU=
-92,83,CGgkMLCRkBcbtWmyo6M7t7jTah0=,gJfkUUB4/aCOOUDeJcmYHZTxzJU=
-93,83,CGgkMLCRkBcbtWmyo6M7t7jTah0=,gJfkUUB4/aCOOUDeJcmYHZTxzJU=
-91,81,CGgkMLCRkBcbtWmyo6M7t7jTah0=,gJfkUUB4/aCOOUDeJcmYHZTxzJU=
-92,81,CGgkMLCRkBcbtWmyo6M7t7jTah0=,gJfkUUB4/aCOOUDeJcmYHZTxzJU=
-94,83,CGgkMLCRkBcbtWmyo6M7t7jTah0=,gJfkUUB4/aCOOUDeJcmYHZTxzJU=
-95,80,CGgkMLCRkBcbtWmyo6M7t7jTah0=,gJfkUUB4/aCOOUDeJcmYHZTxzJU=
-92,82,CGgkMLCRkBcbtWmyo6M7t7jTah0=,gJfkUUB4/aCOOUDeJcmYHZTxzJU=
-82,95,CGgkMLCRkBcbtWmyo6M7t7jTah0=,gJfkUUB4/aCOOUDeJcmYHZTxzJU=
-83,95,CGgkMLCRkBcbtWmyo6M7t7jTah0=,gJfkUUB4/aCOOUDeJcmYHZTxzJU=
-84,95,CGgkMLCRkBcbtWmyo6M7t7jTah0=,gJfkUUB4/aCOOUDeJcmYHZTxzJU=
-85,95,CGgkMLCRkBcbtWmyo6M7t7jTah0=,gJfkUUB4/aCOOUDeJcmYHZTxzJU=
-86,95,CGgkMLCRkBcbtWmyo6M7t7jTah0=,gJfkUUB4/aCOOUDeJcmYHZTxzJU=
-87,95,CGgkMLCRkBcbtWmyo6M7t7jTah0=,gJfkUUB4/aCOOUDeJcmYHZTxzJU=
-88,95,CGgkMLCRkBcbtWmyo6M7t7jTah0=,gJfkUUB4/aCOOUDeJcmYHZTxzJU=
-89,95,CGgkMLCRkBcbtWmyo6M7t7jTah0=,gJfkUUB4/aCOOUDeJcmYHZTxzJU=
-90,95,CGgkMLCRkBcbtWmyo6M7t7jTah0=,gJfkUUB4/aCOOUDeJcmYHZTxzJU=
-91,95,CGgkMLCRkBcbtWmyo6M7t7jTah0=,gJfkUUB4/aCOOUDeJcmYHZTxzJU=
-92,95,CGgkMLCRkBcbtWmyo6M7t7jTah0=,gJfkUUB4/aCOOUDeJcmYHZTxzJU=
-93,95,CGgkMLCRkBcbtWmyo6M7t7jTah0=,gJfkUUB4/aCOOUDeJcmYHZTxzJU=
-94,95,CGgkMLCRkBcbtWmyo6M7t7jTah0=,gJfkUUB4/aCOOUDeJcmYHZTxzJU=
-95,95,CGgkMLCRkBcbtWmyo6M7t7jTah0=,gJfkUUB4/aCOOUDeJcmYHZTxzJU=
-96,95,CGgkMLCRkBcbtWmyo6M7t7jTah0=,gJfkUUB4/aCOOUDeJcmYHZTxzJU=
-92,80,CGgkMLCRkBcbtWmyo6M7t7jTah0=,gJfkUUB4/aCOOUDeJcmYHZTxzJU=
-95,83,CGgkMLCRkBcbtWmyo6M7t7jTah0=,gJfkUUB4/aCOOUDeJcmYHZTxzJU=
-93,82,CGgkMLCRkBcbtWmyo6M7t7jTah0=,gJfkUUB4/aCOOUDeJcmYHZTxzJU=
-83,94,CGgkMLCRkBcbtWmyo6M7t7jTah0=,gJfkUUB4/aCOOUDeJcmYHZTxzJU=
-82,94,CGgkMLCRkBcbtWmyo6M7t7jTah0=,gJfkUUB4/aCOOUDeJcmYHZTxzJU=
-84,94,CGgkMLCRkBcbtWmyo6M7t7jTah0=,gJfkUUB4/aCOOUDeJcmYHZTxzJU=
-86,94,CGgkMLCRkBcbtWmyo6M7t7jTah0=,gJfkUUB4/aCOOUDeJcmYHZTxzJU=
-85,94,CGgkMLCRkBcbtWmyo6M7t7jTah0=,gJfkUUB4/aCOOUDeJcmYHZTxzJU=
-87,94,CGgkMLCRkBcbtWmyo6M7t7jTah0=,gJfkUUB4/aCOOUDeJcmYHZTxzJU=
-88,94,CGgkMLCRkBcbtWmyo6M7t7jTah0=,gJfkUUB4/aCOOUDeJcmYHZTxzJU=
-89,94,CGgkMLCRkBcbtWmyo6M7t7jTah0=,gJfkUUB4/aCOOUDeJcmYHZTxzJU=
-90,94,CGgkMLCRkBcbtWmyo6M7t7jTah0=,gJfkUUB4/aCOOUDeJcmYHZTxzJU=
-91,94,CGgkMLCRkBcbtWmyo6M7t7jTah0=,gJfkUUB4/aCOOUDeJcmYHZTxzJU=
-92,94,CGgkMLCRkBcbtWmyo6M7t7jTah0=,gJfkUUB4/aCOOUDeJcmYHZTxzJU=
-93,94,CGgkMLCRkBcbtWmyo6M7t7jTah0=,gJfkUUB4/aCOOUDeJcmYHZTxzJU=
-95,94,CGgkMLCRkBcbtWmyo6M7t7jTah0=,gJfkUUB4/aCOOUDeJcmYHZTxzJU=
-94,94,CGgkMLCRkBcbtWmyo6M7t7jTah0=,gJfkUUB4/aCOOUDeJcmYHZTxzJU=
-93,81,CGgkMLCRkBcbtWmyo6M7t7jTah0=,gJfkUUB4/aCOOUDeJcmYHZTxzJU=
-94,82,CGgkMLCRkBcbtWmyo6M7t7jTah0=,gJfkUUB4/aCOOUDeJcmYHZTxzJU=
-96,94,CGgkMLCRkBcbtWmyo6M7t7jTah0=,gJfkUUB4/aCOOUDeJcmYHZTxzJU=
-83,93,CGgkMLCRkBcbtWmyo6M7t7jTah0=,gJfkUUB4/aCOOUDeJcmYHZTxzJU=
-84,93,CGgkMLCRkBcbtWmyo6M7t7jTah0=,gJfkUUB4/aCOOUDeJcmYHZTxzJU=
-85,93,CGgkMLCRkBcbtWmyo6M7t7jTah0=,gJfkUUB4/aCOOUDeJcmYHZTxzJU=
-86,93,CGgkMLCRkBcbtWmyo6M7t7jTah0=,gJfkUUB4/aCOOUDeJcmYHZTxzJU=
-88,93,CGgkMLCRkBcbtWmyo6M7t7jTah0=,gJfkUUB4/aCOOUDeJcmYHZTxzJU=
-87,93,CGgkMLCRkBcbtWmyo6M7t7jTah0=,gJfkUUB4/aCOOUDeJcmYHZTxzJU=
-89,93,CGgkMLCRkBcbtWmyo6M7t7jTah0=,gJfkUUB4/aCOOUDeJcmYHZTxzJU=
-91,93,CGgkMLCRkBcbtWmyo6M7t7jTah0=,gJfkUUB4/aCOOUDeJcmYHZTxzJU=
-92,93,CGgkMLCRkBcbtWmyo6M7t7jTah0=,gJfkUUB4/aCOOUDeJcmYHZTxzJU=
-90,93,CGgkMLCRkBcbtWmyo6M7t7jTah0=,gJfkUUB4/aCOOUDeJcmYHZTxzJU=
-93,93,CGgkMLCRkBcbtWmyo6M7t7jTah0=,gJfkUUB4/aCOOUDeJcmYHZTxzJU=
-94,93,CGgkMLCRkBcbtWmyo6M7t7jTah0=,gJfkUUB4/aCOOUDeJcmYHZTxzJU=
-95,93,CGgkMLCRkBcbtWmyo6M7t7jTah0=,gJfkUUB4/aCOOUDeJcmYHZTxzJU=
-94,81,CGgkMLCRkBcbtWmyo6M7t7jTah0=,gJfkUUB4/aCOOUDeJcmYHZTxzJU=
-95,82,CGgkMLCRkBcbtWmyo6M7t7jTah0=,gJfkUUB4/aCOOUDeJcmYHZTxzJU=
-96,93,CGgkMLCRkBcbtWmyo6M7t7jTah0=,gJfkUUB4/aCOOUDeJcmYHZTxzJU=
-83,92,CGgkMLCRkBcbtWmyo6M7t7jTah0=,gJfkUUB4/aCOOUDeJcmYHZTxzJU=
-84,92,CGgkMLCRkBcbtWmyo6M7t7jTah0=,gJfkUUB4/aCOOUDeJcmYHZTxzJU=
-86,92,CGgkMLCRkBcbtWmyo6M7t7jTah0=,gJfkUUB4/aCOOUDeJcmYHZTxzJU=
-85,92,CGgkMLCRkBcbtWmyo6M7t7jTah0=,gJfkUUB4/aCOOUDeJcmYHZTxzJU=
-87,92,CGgkMLCRkBcbtWmyo6M7t7jTah0=,gJfkUUB4/aCOOUDeJcmYHZTxzJU=
-88,92,CGgkMLCRkBcbtWmyo6M7t7jTah0=,gJfkUUB4/aCOOUDeJcmYHZTxzJU=
-89,92,CGgkMLCRkBcbtWmyo6M7t7jTah0=,gJfkUUB4/aCOOUDeJcmYHZTxzJU=
-90,92,CGgkMLCRkBcbtWmyo6M7t7jTah0=,gJfkUUB4/aCOOUDeJcmYHZTxzJU=
-91,92,CGgkMLCRkBcbtWmyo6M7t7jTah0=,gJfkUUB4/aCOOUDeJcmYHZTxzJU=
-92,92,CGgkMLCRkBcbtWmyo6M7t7jTah0=,gJfkUUB4/aCOOUDeJcmYHZTxzJU=
-93,92,CGgkMLCRkBcbtWmyo6M7t7jTah0=,gJfkUUB4/aCOOUDeJcmYHZTxzJU=
-94,92,CGgkMLCRkBcbtWmyo6M7t7jTah0=,gJfkUUB4/aCOOUDeJcmYHZTxzJU=
-95,92,CGgkMLCRkBcbtWmyo6M7t7jTah0=,gJfkUUB4/aCOOUDeJcmYHZTxzJU=
-95,81,CGgkMLCRkBcbtWmyo6M7t7jTah0=,gJfkUUB4/aCOOUDeJcmYHZTxzJU=
-96,92,CGgkMLCRkBcbtWmyo6M7t7jTah0=,gJfkUUB4/aCOOUDeJcmYHZTxzJU=
-96,81,CGgkMLCRkBcbtWmyo6M7t7jTah0=,gJfkUUB4/aCOOUDeJcmYHZTxzJU=
-96,83,CGgkMLCRkBcbtWmyo6M7t7jTah0=,gJfkUUB4/aCOOUDeJcmYHZTxzJU=
-96,82,CGgkMLCRkBcbtWmyo6M7t7jTah0=,gJfkUUB4/aCOOUDeJcmYHZTxzJU=
-94,80,CGgkMLCRkBcbtWmyo6M7t7jTah0=,gJfkUUB4/aCOOUDeJcmYHZTxzJU=
-82,80,CGgkMLCRkBcbtWmyo6M7t7jTah0=,gJfkUUB4/aCOOUDeJcmYHZTxzJU=
-84,91,CGgkMLCRkBcbtWmyo6M7t7jTah0=,gJfkUUB4/aCOOUDeJcmYHZTxzJU=
-85,91,CGgkMLCRkBcbtWmyo6M7t7jTah0=,gJfkUUB4/aCOOUDeJcmYHZTxzJU=
-86,91,CGgkMLCRkBcbtWmyo6M7t7jTah0=,gJfkUUB4/aCOOUDeJcmYHZTxzJU=
-88,91,CGgkMLCRkBcbtWmyo6M7t7jTah0=,gJfkUUB4/aCOOUDeJcmYHZTxzJU=
-87,91,CGgkMLCRkBcbtWmyo6M7t7jTah0=,gJfkUUB4/aCOOUDeJcmYHZTxzJU=
-89,91,CGgkMLCRkBcbtWmyo6M7t7jTah0=,gJfkUUB4/aCOOUDeJcmYHZTxzJU=
-90,91,CGgkMLCRkBcbtWmyo6M7t7jTah0=,gJfkUUB4/aCOOUDeJcmYHZTxzJU=
-91,91,CGgkMLCRkBcbtWmyo6M7t7jTah0=,gJfkUUB4/aCOOUDeJcmYHZTxzJU=
-92,91,CGgkMLCRkBcbtWmyo6M7t7jTah0=,gJfkUUB4/aCOOUDeJcmYHZTxzJU=
-93,91,CGgkMLCRkBcbtWmyo6M7t7jTah0=,gJfkUUB4/aCOOUDeJcmYHZTxzJU=
-94,91,CGgkMLCRkBcbtWmyo6M7t7jTah0=,gJfkUUB4/aCOOUDeJcmYHZTxzJU=
-96,91,CGgkMLCRkBcbtWmyo6M7t7jTah0=,gJfkUUB4/aCOOUDeJcmYHZTxzJU=
-95,91,CGgkMLCRkBcbtWmyo6M7t7jTah0=,gJfkUUB4/aCOOUDeJcmYHZTxzJU=
-83,90,CGgkMLCRkBcbtWmyo6M7t7jTah0=,gJfkUUB4/aCOOUDeJcmYHZTxzJU=
-84,90,CGgkMLCRkBcbtWmyo6M7t7jTah0=,gJfkUUB4/aCOOUDeJcmYHZTxzJU=
-85,90,CGgkMLCRkBcbtWmyo6M7t7jTah0=,gJfkUUB4/aCOOUDeJcmYHZTxzJU=
-86,90,CGgkMLCRkBcbtWmyo6M7t7jTah0=,gJfkUUB4/aCOOUDeJcmYHZTxzJU=
-88,90,CGgkMLCRkBcbtWmyo6M7t7jTah0=,gJfkUUB4/aCOOUDeJcmYHZTxzJU=
-90,90,CGgkMLCRkBcbtWmyo6M7t7jTah0=,gJfkUUB4/aCOOUDeJcmYHZTxzJU=
-87,90,CGgkMLCRkBcbtWmyo6M7t7jTah0=,gJfkUUB4/aCOOUDeJcmYHZTxzJU=
-89,90,CGgkMLCRkBcbtWmyo6M7t7jTah0=,gJfkUUB4/aCOOUDeJcmYHZTxzJU=
-91,90,CGgkMLCRkBcbtWmyo6M7t7jTah0=,gJfkUUB4/aCOOUDeJcmYHZTxzJU=
-92,90,CGgkMLCRkBcbtWmyo6M7t7jTah0=,gJfkUUB4/aCOOUDeJcmYHZTxzJU=
-93,90,CGgkMLCRkBcbtWmyo6M7t7jTah0=,gJfkUUB4/aCOOUDeJcmYHZTxzJU=
-94,90,CGgkMLCRkBcbtWmyo6M7t7jTah0=,gJfkUUB4/aCOOUDeJcmYHZTxzJU=
-95,90,CGgkMLCRkBcbtWmyo6M7t7jTah0=,gJfkUUB4/aCOOUDeJcmYHZTxzJU=
-96,90,CGgkMLCRkBcbtWmyo6M7t7jTah0=,gJfkUUB4/aCOOUDeJcmYHZTxzJU=
-84,80,CGgkMLCRkBcbtWmyo6M7t7jTah0=,gJfkUUB4/aCOOUDeJcmYHZTxzJU=
-84,81,CGgkMLCRkBcbtWmyo6M7t7jTah0=,gJfkUUB4/aCOOUDeJcmYHZTxzJU=
-84,89,CGgkMLCRkBcbtWmyo6M7t7jTah0=,gJfkUUB4/aCOOUDeJcmYHZTxzJU=
-83,89,CGgkMLCRkBcbtWmyo6M7t7jTah0=,gJfkUUB4/aCOOUDeJcmYHZTxzJU=
-85,89,CGgkMLCRkBcbtWmyo6M7t7jTah0=,gJfkUUB4/aCOOUDeJcmYHZTxzJU=
-86,89,CGgkMLCRkBcbtWmyo6M7t7jTah0=,gJfkUUB4/aCOOUDeJcmYHZTxzJU=
-88,89,CGgkMLCRkBcbtWmyo6M7t7jTah0=,gJfkUUB4/aCOOUDeJcmYHZTxzJU=
-87,89,CGgkMLCRkBcbtWmyo6M7t7jTah0=,gJfkUUB4/aCOOUDeJcmYHZTxzJU=
-89,89,CGgkMLCRkBcbtWmyo6M7t7jTah0=,gJfkUUB4/aCOOUDeJcmYHZTxzJU=
-90,89,CGgkMLCRkBcbtWmyo6M7t7jTah0=,gJfkUUB4/aCOOUDeJcmYHZTxzJU=
-91,89,CGgkMLCRkBcbtWmyo6M7t7jTah0=,gJfkUUB4/aCOOUDeJcmYHZTxzJU=
-92,89,CGgkMLCRkBcbtWmyo6M7t7jTah0=,gJfkUUB4/aCOOUDeJcmYHZTxzJU=
-94,89,CGgkMLCRkBcbtWmyo6M7t7jTah0=,gJfkUUB4/aCOOUDeJcmYHZTxzJU=
-93,89,CGgkMLCRkBcbtWmyo6M7t7jTah0=,gJfkUUB4/aCOOUDeJcmYHZTxzJU=
-84,82,CGgkMLCRkBcbtWmyo6M7t7jTah0=,gJfkUUB4/aCOOUDeJcmYHZTxzJU=
-95,89,CGgkMLCRkBcbtWmyo6M7t7jTah0=,gJfkUUB4/aCOOUDeJcmYHZTxzJU=
-85,80,CGgkMLCRkBcbtWmyo6M7t7jTah0=,gJfkUUB4/aCOOUDeJcmYHZTxzJU=
-96,89,CGgkMLCRkBcbtWmyo6M7t7jTah0=,gJfkUUB4/aCOOUDeJcmYHZTxzJU=
-85,81,CGgkMLCRkBcbtWmyo6M7t7jTah0=,gJfkUUB4/aCOOUDeJcmYHZTxzJU=
-82,88,CGgkMLCRkBcbtWmyo6M7t7jTah0=,gJfkUUB4/aCOOUDeJcmYHZTxzJU=
-83,88,CGgkMLCRkBcbtWmyo6M7t7jTah0=,gJfkUUB4/aCOOUDeJcmYHZTxzJU=
-84,88,CGgkMLCRkBcbtWmyo6M7t7jTah0=,gJfkUUB4/aCOOUDeJcmYHZTxzJU=
-86,88,CGgkMLCRkBcbtWmyo6M7t7jTah0=,gJfkUUB4/aCOOUDeJcmYHZTxzJU=
-85,88,CGgkMLCRkBcbtWmyo6M7t7jTah0=,gJfkUUB4/aCOOUDeJcmYHZTxzJU=
-87,88,CGgkMLCRkBcbtWmyo6M7t7jTah0=,gJfkUUB4/aCOOUDeJcmYHZTxzJU=
-88,88,CGgkMLCRkBcbtWmyo6M7t7jTah0=,gJfkUUB4/aCOOUDeJcmYHZTxzJU=
-90,88,CGgkMLCRkBcbtWmyo6M7t7jTah0=,gJfkUUB4/aCOOUDeJcmYHZTxzJU=
-89,88,CGgkMLCRkBcbtWmyo6M7t7jTah0=,gJfkUUB4/aCOOUDeJcmYHZTxzJU=
-91,88,CGgkMLCRkBcbtWmyo6M7t7jTah0=,gJfkUUB4/aCOOUDeJcmYHZTxzJU=
-92,88,CGgkMLCRkBcbtWmyo6M7t7jTah0=,gJfkUUB4/aCOOUDeJcmYHZTxzJU=
-93,88,CGgkMLCRkBcbtWmyo6M7t7jTah0=,gJfkUUB4/aCOOUDeJcmYHZTxzJU=
-94,88,CGgkMLCRkBcbtWmyo6M7t7jTah0=,gJfkUUB4/aCOOUDeJcmYHZTxzJU=
-86,80,CGgkMLCRkBcbtWmyo6M7t7jTah0=,gJfkUUB4/aCOOUDeJcmYHZTxzJU=
-85,82,CGgkMLCRkBcbtWmyo6M7t7jTah0=,gJfkUUB4/aCOOUDeJcmYHZTxzJU=
-95,88,CGgkMLCRkBcbtWmyo6M7t7jTah0=,gJfkUUB4/aCOOUDeJcmYHZTxzJU=
-96,88,CGgkMLCRkBcbtWmyo6M7t7jTah0=,gJfkUUB4/aCOOUDeJcmYHZTxzJU=
-86,81,CGgkMLCRkBcbtWmyo6M7t7jTah0=,gJfkUUB4/aCOOUDeJcmYHZTxzJU=
-82,87,CGgkMLCRkBcbtWmyo6M7t7jTah0=,gJfkUUB4/aCOOUDeJcmYHZTxzJU=
-83,87,CGgkMLCRkBcbtWmyo6M7t7jTah0=,gJfkUUB4/aCOOUDeJcmYHZTxzJU=
-84,87,CGgkMLCRkBcbtWmyo6M7t7jTah0=,gJfkUUB4/aCOOUDeJcmYHZTxzJU=
-85,87,CGgkMLCRkBcbtWmyo6M7t7jTah0=,gJfkUUB4/aCOOUDeJcmYHZTxzJU=
-86,87,CGgkMLCRkBcbtWmyo6M7t7jTah0=,gJfkUUB4/aCOOUDeJcmYHZTxzJU=
-87,87,CGgkMLCRkBcbtWmyo6M7t7jTah0=,gJfkUUB4/aCOOUDeJcmYHZTxzJU=
-88,87,CGgkMLCRkBcbtWmyo6M7t7jTah0=,gJfkUUB4/aCOOUDeJcmYHZTxzJU=
-90,87,CGgkMLCRkBcbtWmyo6M7t7jTah0=,gJfkUUB4/aCOOUDeJcmYHZTxzJU=
-89,87,CGgkMLCRkBcbtWmyo6M7t7jTah0=,gJfkUUB4/aCOOUDeJcmYHZTxzJU=
-91,87,CGgkMLCRkBcbtWmyo6M7t7jTah0=,gJfkUUB4/aCOOUDeJcmYHZTxzJU=
-92,87,CGgkMLCRkBcbtWmyo6M7t7jTah0=,gJfkUUB4/aCOOUDeJcmYHZTxzJU=
-93,87,CGgkMLCRkBcbtWmyo6M7t7jTah0=,gJfkUUB4/aCOOUDeJcmYHZTxzJU=
-94,87,CGgkMLCRkBcbtWmyo6M7t7jTah0=,gJfkUUB4/aCOOUDeJcmYHZTxzJU=
-95,87,CGgkMLCRkBcbtWmyo6M7t7jTah0=,gJfkUUB4/aCOOUDeJcmYHZTxzJU=
-87,80,CGgkMLCRkBcbtWmyo6M7t7jTah0=,gJfkUUB4/aCOOUDeJcmYHZTxzJU=
-86,82,CGgkMLCRkBcbtWmyo6M7t7jTah0=,gJfkUUB4/aCOOUDeJcmYHZTxzJU=
-87,81,CGgkMLCRkBcbtWmyo6M7t7jTah0=,gJfkUUB4/aCOOUDeJcmYHZTxzJU=
-96,87,CGgkMLCRkBcbtWmyo6M7t7jTah0=,gJfkUUB4/aCOOUDeJcmYHZTxzJU=
-82,86,CGgkMLCRkBcbtWmyo6M7t7jTah0=,gJfkUUB4/aCOOUDeJcmYHZTxzJU=
-83,86,CGgkMLCRkBcbtWmyo6M7t7jTah0=,gJfkUUB4/aCOOUDeJcmYHZTxzJU=
-84,86,CGgkMLCRkBcbtWmyo6M7t7jTah0=,gJfkUUB4/aCOOUDeJcmYHZTxzJU=
-85,86,CGgkMLCRkBcbtWmyo6M7t7jTah0=,gJfkUUB4/aCOOUDeJcmYHZTxzJU=
-87,86,CGgkMLCRkBcbtWmyo6M7t7jTah0=,gJfkUUB4/aCOOUDeJcmYHZTxzJU=
-86,86,CGgkMLCRkBcbtWmyo6M7t7jTah0=,gJfkUUB4/aCOOUDeJcmYHZTxzJU=
-88,86,CGgkMLCRkBcbtWmyo6M7t7jTah0=,gJfkUUB4/aCOOUDeJcmYHZTxzJU=
-89,86,CGgkMLCRkBcbtWmyo6M7t7jTah0=,gJfkUUB4/aCOOUDeJcmYHZTxzJU=
-90,86,CGgkMLCRkBcbtWmyo6M7t7jTah0=,gJfkUUB4/aCOOUDeJcmYHZTxzJU=
-91,86,CGgkMLCRkBcbtWmyo6M7t7jTah0=,gJfkUUB4/aCOOUDeJcmYHZTxzJU=
-92,86,CGgkMLCRkBcbtWmyo6M7t7jTah0=,gJfkUUB4/aCOOUDeJcmYHZTxzJU=
-93,86,CGgkMLCRkBcbtWmyo6M7t7jTah0=,gJfkUUB4/aCOOUDeJcmYHZTxzJU=
-95,86,CGgkMLCRkBcbtWmyo6M7t7jTah0=,gJfkUUB4/aCOOUDeJcmYHZTxzJU=
-94,86,CGgkMLCRkBcbtWmyo6M7t7jTah0=,gJfkUUB4/aCOOUDeJcmYHZTxzJU=
-87,82,CGgkMLCRkBcbtWmyo6M7t7jTah0=,gJfkUUB4/aCOOUDeJcmYHZTxzJU=
-96,86,CGgkMLCRkBcbtWmyo6M7t7jTah0=,gJfkUUB4/aCOOUDeJcmYHZTxzJU=
-88,80,CGgkMLCRkBcbtWmyo6M7t7jTah0=,gJfkUUB4/aCOOUDeJcmYHZTxzJU=
-88,81,CGgkMLCRkBcbtWmyo6M7t7jTah0=,gJfkUUB4/aCOOUDeJcmYHZTxzJU=
-83,85,CGgkMLCRkBcbtWmyo6M7t7jTah0=,gJfkUUB4/aCOOUDeJcmYHZTxzJU=
-82,85,CGgkMLCRkBcbtWmyo6M7t7jTah0=,gJfkUUB4/aCOOUDeJcmYHZTxzJU=
-84,85,CGgkMLCRkBcbtWmyo6M7t7jTah0=,gJfkUUB4/aCOOUDeJcmYHZTxzJU=
-86,85,CGgkMLCRkBcbtWmyo6M7t7jTah0=,gJfkUUB4/aCOOUDeJcmYHZTxzJU=
-85,85,CGgkMLCRkBcbtWmyo6M7t7jTah0=,gJfkUUB4/aCOOUDeJcmYHZTxzJU=
-88,85,CGgkMLCRkBcbtWmyo6M7t7jTah0=,gJfkUUB4/aCOOUDeJcmYHZTxzJU=
-87,85,CGgkMLCRkBcbtWmyo6M7t7jTah0=,gJfkUUB4/aCOOUDeJcmYHZTxzJU=
-90,85,CGgkMLCRkBcbtWmyo6M7t7jTah0=,gJfkUUB4/aCOOUDeJcmYHZTxzJU=
-89,85,CGgkMLCRkBcbtWmyo6M7t7jTah0=,gJfkUUB4/aCOOUDeJcmYHZTxzJU=
-91,85,CGgkMLCRkBcbtWmyo6M7t7jTah0=,gJfkUUB4/aCOOUDeJcmYHZTxzJU=
-92,85,CGgkMLCRkBcbtWmyo6M7t7jTah0=,gJfkUUB4/aCOOUDeJcmYHZTxzJU=
-93,85,CGgkMLCRkBcbtWmyo6M7t7jTah0=,gJfkUUB4/aCOOUDeJcmYHZTxzJU=
-94,85,CGgkMLCRkBcbtWmyo6M7t7jTah0=,gJfkUUB4/aCOOUDeJcmYHZTxzJU=
-88,82,CGgkMLCRkBcbtWmyo6M7t7jTah0=,gJfkUUB4/aCOOUDeJcmYHZTxzJU=
-95,85,CGgkMLCRkBcbtWmyo6M7t7jTah0=,gJfkUUB4/aCOOUDeJcmYHZTxzJU=
-96,80,CGgkMLCRkBcbtWmyo6M7t7jTah0=,gJfkUUB4/aCOOUDeJcmYHZTxzJU=
-96,85,CGgkMLCRkBcbtWmyo6M7t7jTah0=,gJfkUUB4/aCOOUDeJcmYHZTxzJU=
-89,80,CGgkMLCRkBcbtWmyo6M7t7jTah0=,gJfkUUB4/aCOOUDeJcmYHZTxzJU=
-89,81,CGgkMLCRkBcbtWmyo6M7t7jTah0=,gJfkUUB4/aCOOUDeJcmYHZTxzJU=
-84,84,CGgkMLCRkBcbtWmyo6M7t7jTah0=,gJfkUUB4/aCOOUDeJcmYHZTxzJU=
-85,84,CGgkMLCRkBcbtWmyo6M7t7jTah0=,gJfkUUB4/aCOOUDeJcmYHZTxzJU=
-86,84,CGgkMLCRkBcbtWmyo6M7t7jTah0=,gJfkUUB4/aCOOUDeJcmYHZTxzJU=
-87,84,CGgkMLCRkBcbtWmyo6M7t7jTah0=,gJfkUUB4/aCOOUDeJcmYHZTxzJU=
-88,84,CGgkMLCRkBcbtWmyo6M7t7jTah0=,gJfkUUB4/aCOOUDeJcmYHZTxzJU=
-89,84,CGgkMLCRkBcbtWmyo6M7t7jTah0=,gJfkUUB4/aCOOUDeJcmYHZTxzJU=
-90,84,CGgkMLCRkBcbtWmyo6M7t7jTah0=,gJfkUUB4/aCOOUDeJcmYHZTxzJU=
-91,84,CGgkMLCRkBcbtWmyo6M7t7jTah0=,gJfkUUB4/aCOOUDeJcmYHZTxzJU=
-92,84,CGgkMLCRkBcbtWmyo6M7t7jTah0=,gJfkUUB4/aCOOUDeJcmYHZTxzJU=
-93,84,CGgkMLCRkBcbtWmyo6M7t7jTah0=,gJfkUUB4/aCOOUDeJcmYHZTxzJU=
-94,84,CGgkMLCRkBcbtWmyo6M7t7jTah0=,gJfkUUB4/aCOOUDeJcmYHZTxzJU=
-95,84,CGgkMLCRkBcbtWmyo6M7t7jTah0=,gJfkUUB4/aCOOUDeJcmYHZTxzJU=
-96,84,CGgkMLCRkBcbtWmyo6M7t7jTah0=,gJfkUUB4/aCOOUDeJcmYHZTxzJU=
-90,80,CGgkMLCRkBcbtWmyo6M7t7jTah0=,gJfkUUB4/aCOOUDeJcmYHZTxzJU=
-89,82,CGgkMLCRkBcbtWmyo6M7t7jTah0=,gJfkUUB4/aCOOUDeJcmYHZTxzJU=
-90,81,CGgkMLCRkBcbtWmyo6M7t7jTah0=,gJfkUUB4/aCOOUDeJcmYHZTxzJU=
-83,83,CGgkMLCRkBcbtWmyo6M7t7jTah0=,gJfkUUB4/aCOOUDeJcmYHZTxzJU=
-84,83,CGgkMLCRkBcbtWmyo6M7t7jTah0=,gJfkUUB4/aCOOUDeJcmYHZTxzJU=
-85,83,CGgkMLCRkBcbtWmyo6M7t7jTah0=,gJfkUUB4/aCOOUDeJcmYHZTxzJU=
-86,83,CGgkMLCRkBcbtWmyo6M7t7jTah0=,gJfkUUB4/aCOOUDeJcmYHZTxzJU=
-87,83,CGgkMLCRkBcbtWmyo6M7t7jTah0=,gJfkUUB4/aCOOUDeJcmYHZTxzJU=
-88,83,CGgkMLCRkBcbtWmyo6M7t7jTah0=,gJfkUUB4/aCOOUDeJcmYHZTxzJU=
-81,95,CGgkMLCRkBcbtWmyo6M7t7jTah0=,gJfkUUB4/aCOOUDeJcmYHZTxzJU=
-81,94,CGgkMLCRkBcbtWmyo6M7t7jTah0=,gJfkUUB4/aCOOUDeJcmYHZTxzJU=
-82,81,CGgkMLCRkBcbtWmyo6M7t7jTah0=,gJfkUUB4/aCOOUDeJcmYHZTxzJU=
-82,93,CGgkMLCRkBcbtWmyo6M7t7jTah0=,gJfkUUB4/aCOOUDeJcmYHZTxzJU=
-81,83,CGgkMLCRkBcbtWmyo6M7t7jTah0=,gJfkUUB4/aCOOUDeJcmYHZTxzJU=
-82,91,CGgkMLCRkBcbtWmyo6M7t7jTah0=,gJfkUUB4/aCOOUDeJcmYHZTxzJU=
-82,92,CGgkMLCRkBcbtWmyo6M7t7jTah0=,gJfkUUB4/aCOOUDeJcmYHZTxzJU=
-81,84,CGgkMLCRkBcbtWmyo6M7t7jTah0=,gJfkUUB4/aCOOUDeJcmYHZTxzJU=
-82,82,CGgkMLCRkBcbtWmyo6M7t7jTah0=,gJfkUUB4/aCOOUDeJcmYHZTxzJU=
-83,91,CGgkMLCRkBcbtWmyo6M7t7jTah0=,gJfkUUB4/aCOOUDeJcmYHZTxzJU=
-81,93,CGgkMLCRkBcbtWmyo6M7t7jTah0=,gJfkUUB4/aCOOUDeJcmYHZTxzJU=
-81,80,CGgkMLCRkBcbtWmyo6M7t7jTah0=,gJfkUUB4/aCOOUDeJcmYHZTxzJU=
-81,85,CGgkMLCRkBcbtWmyo6M7t7jTah0=,gJfkUUB4/aCOOUDeJcmYHZTxzJU=
-83,80,CGgkMLCRkBcbtWmyo6M7t7jTah0=,gJfkUUB4/aCOOUDeJcmYHZTxzJU=
-81,86,CGgkMLCRkBcbtWmyo6M7t7jTah0=,gJfkUUB4/aCOOUDeJcmYHZTxzJU=
-81,87,CGgkMLCRkBcbtWmyo6M7t7jTah0=,gJfkUUB4/aCOOUDeJcmYHZTxzJU=
-83,82,CGgkMLCRkBcbtWmyo6M7t7jTah0=,gJfkUUB4/aCOOUDeJcmYHZTxzJU=
-83,81,CGgkMLCRkBcbtWmyo6M7t7jTah0=,gJfkUUB4/aCOOUDeJcmYHZTxzJU=
-81,92,CGgkMLCRkBcbtWmyo6M7t7jTah0=,gJfkUUB4/aCOOUDeJcmYHZTxzJU=
-81,81,CGgkMLCRkBcbtWmyo6M7t7jTah0=,gJfkUUB4/aCOOUDeJcmYHZTxzJU=
-82,89,CGgkMLCRkBcbtWmyo6M7t7jTah0=,gJfkUUB4/aCOOUDeJcmYHZTxzJU=
-81,82,CGgkMLCRkBcbtWmyo6M7t7jTah0=,gJfkUUB4/aCOOUDeJcmYHZTxzJU=
-82,90,CGgkMLCRkBcbtWmyo6M7t7jTah0=,gJfkUUB4/aCOOUDeJcmYHZTxzJU=
-83,84,CGgkMLCRkBcbtWmyo6M7t7jTah0=,gJfkUUB4/aCOOUDeJcmYHZTxzJU=
-81,89,CGgkMLCRkBcbtWmyo6M7t7jTah0=,gJfkUUB4/aCOOUDeJcmYHZTxzJU=
-82,84,CGgkMLCRkBcbtWmyo6M7t7jTah0=,gJfkUUB4/aCOOUDeJcmYHZTxzJU=
-82,83,CGgkMLCRkBcbtWmyo6M7t7jTah0=,gJfkUUB4/aCOOUDeJcmYHZTxzJU=
-81,88,CGgkMLCRkBcbtWmyo6M7t7jTah0=,gJfkUUB4/aCOOUDeJcmYHZTxzJU=
-81,91,CGgkMLCRkBcbtWmyo6M7t7jTah0=,gJfkUUB4/aCOOUDeJcmYHZTxzJU=
-81,90,CGgkMLCRkBcbtWmyo6M7t7jTah0=,gJfkUUB4/aCOOUDeJcmYHZTxzJU=
-75,80,iBmi6g6PRascJlIDc/R0zrF/lqY=,iCon4Yg5uBTmZUFAG/qIzkEuUeQ=
-73,83,iBmi6g6PRascJlIDc/R0zrF/lqY=,iCon4Yg5uBTmZUFAG/qIzkEuUeQ=
-74,83,iBmi6g6PRascJlIDc/R0zrF/lqY=,iCon4Yg5uBTmZUFAG/qIzkEuUeQ=
-72,83,iBmi6g6PRascJlIDc/R0zrF/lqY=,iCon4Yg5uBTmZUFAG/qIzkEuUeQ=
-71,83,iBmi6g6PRascJlIDc/R0zrF/lqY=,iCon4Yg5uBTmZUFAG/qIzkEuUeQ=
-74,82,iBmi6g6PRascJlIDc/R0zrF/lqY=,iCon4Yg5uBTmZUFAG/qIzkEuUeQ=
-70,83,iBmi6g6PRascJlIDc/R0zrF/lqY=,iCon4Yg5uBTmZUFAG/qIzkEuUeQ=
-75,82,iBmi6g6PRascJlIDc/R0zrF/lqY=,iCon4Yg5uBTmZUFAG/qIzkEuUeQ=
-69,83,YwK4+9Ri1GuQfLe1JZP32r8/lkI=,iCon4Yg5uBTmZUFAG/qIzkEuUeQ=
-75,83,YwK4+9Ri1GuQfLe1JZP32r8/lkI=,iCon4Yg5uBTmZUFAG/qIzkEuUeQ=
-68,83,YwK4+9Ri1GuQfLe1JZP32r8/lkI=,iCon4Yg5uBTmZUFAG/qIzkEuUeQ=
-67,83,YwK4+9Ri1GuQfLe1JZP32r8/lkI=,iCon4Yg5uBTmZUFAG/qIzkEuUeQ=
-77,80,YwK4+9Ri1GuQfLe1JZP32r8/lkI=,iCon4Yg5uBTmZUFAG/qIzkEuUeQ=
-66,83,YwK4+9Ri1GuQfLe1JZP32r8/lkI=,iCon4Yg5uBTmZUFAG/qIzkEuUeQ=
-65,83,YwK4+9Ri1GuQfLe1JZP32r8/lkI=,iCon4Yg5uBTmZUFAG/qIzkEuUeQ=
-76,83,YwK4+9Ri1GuQfLe1JZP32r8/lkI=,iCon4Yg5uBTmZUFAG/qIzkEuUeQ=
-74,81,YwK4+9Ri1GuQfLe1JZP32r8/lkI=,iCon4Yg5uBTmZUFAG/qIzkEuUeQ=
-74,80,YwK4+9Ri1GuQfLe1JZP32r8/lkI=,iCon4Yg5uBTmZUFAG/qIzkEuUeQ=
-77,83,YwK4+9Ri1GuQfLe1JZP32r8/lkI=,iCon4Yg5uBTmZUFAG/qIzkEuUeQ=
-75,81,YwK4+9Ri1GuQfLe1JZP32r8/lkI=,iCon4Yg5uBTmZUFAG/qIzkEuUeQ=
-76,81,YwK4+9Ri1GuQfLe1JZP32r8/lkI=,iCon4Yg5uBTmZUFAG/qIzkEuUeQ=
-78,83,YwK4+9Ri1GuQfLe1JZP32r8/lkI=,iCon4Yg5uBTmZUFAG/qIzkEuUeQ=
-76,82,YwK4+9Ri1GuQfLe1JZP32r8/lkI=,iCon4Yg5uBTmZUFAG/qIzkEuUeQ=
-67,95,YwK4+9Ri1GuQfLe1JZP32r8/lkI=,iCon4Yg5uBTmZUFAG/qIzkEuUeQ=
-80,84,YwK4+9Ri1GuQfLe1JZP32r8/lkI=,iCon4Yg5uBTmZUFAG/qIzkEuUeQ=
-73,82,YwK4+9Ri1GuQfLe1JZP32r8/lkI=,iCon4Yg5uBTmZUFAG/qIzkEuUeQ=
-79,84,YwK4+9Ri1GuQfLe1JZP32r8/lkI=,iCon4Yg5uBTmZUFAG/qIzkEuUeQ=
-78,84,YwK4+9Ri1GuQfLe1JZP32r8/lkI=,iCon4Yg5uBTmZUFAG/qIzkEuUeQ=
-77,84,YwK4+9Ri1GuQfLe1JZP32r8/lkI=,iCon4Yg5uBTmZUFAG/qIzkEuUeQ=
-76,84,YwK4+9Ri1GuQfLe1JZP32r8/lkI=,iCon4Yg5uBTmZUFAG/qIzkEuUeQ=
-75,84,YwK4+9Ri1GuQfLe1JZP32r8/lkI=,iCon4Yg5uBTmZUFAG/qIzkEuUeQ=
-74,84,YwK4+9Ri1GuQfLe1JZP32r8/lkI=,iCon4Yg5uBTmZUFAG/qIzkEuUeQ=
-73,84,YwK4+9Ri1GuQfLe1JZP32r8/lkI=,iCon4Yg5uBTmZUFAG/qIzkEuUeQ=
-71,84,YwK4+9Ri1GuQfLe1JZP32r8/lkI=,iCon4Yg5uBTmZUFAG/qIzkEuUeQ=
-72,84,YwK4+9Ri1GuQfLe1JZP32r8/lkI=,iCon4Yg5uBTmZUFAG/qIzkEuUeQ=
-70,84,YwK4+9Ri1GuQfLe1JZP32r8/lkI=,iCon4Yg5uBTmZUFAG/qIzkEuUeQ=
-69,84,YwK4+9Ri1GuQfLe1JZP32r8/lkI=,iCon4Yg5uBTmZUFAG/qIzkEuUeQ=
-68,84,YwK4+9Ri1GuQfLe1JZP32r8/lkI=,iCon4Yg5uBTmZUFAG/qIzkEuUeQ=
-67,84,YwK4+9Ri1GuQfLe1JZP32r8/lkI=,iCon4Yg5uBTmZUFAG/qIzkEuUeQ=
-66,84,YwK4+9Ri1GuQfLe1JZP32r8/lkI=,iCon4Yg5uBTmZUFAG/qIzkEuUeQ=
-66,95,YwK4+9Ri1GuQfLe1JZP32r8/lkI=,iCon4Yg5uBTmZUFAG/qIzkEuUeQ=
-65,84,YwK4+9Ri1GuQfLe1JZP32r8/lkI=,iCon4Yg5uBTmZUFAG/qIzkEuUeQ=
-73,81,YwK4+9Ri1GuQfLe1JZP32r8/lkI=,iCon4Yg5uBTmZUFAG/qIzkEuUeQ=
-69,95,YwK4+9Ri1GuQfLe1JZP32r8/lkI=,iCon4Yg5uBTmZUFAG/qIzkEuUeQ=
-70,95,YwK4+9Ri1GuQfLe1JZP32r8/lkI=,iCon4Yg5uBTmZUFAG/qIzkEuUeQ=
-68,95,YwK4+9Ri1GuQfLe1JZP32r8/lkI=,iCon4Yg5uBTmZUFAG/qIzkEuUeQ=
-80,85,YwK4+9Ri1GuQfLe1JZP32r8/lkI=,iCon4Yg5uBTmZUFAG/qIzkEuUeQ=
-72,95,YwK4+9Ri1GuQfLe1JZP32r8/lkI=,iCon4Yg5uBTmZUFAG/qIzkEuUeQ=
-72,82,YwK4+9Ri1GuQfLe1JZP32r8/lkI=,iCon4Yg5uBTmZUFAG/qIzkEuUeQ=
-79,80,YwK4+9Ri1GuQfLe1JZP32r8/lkI=,iCon4Yg5uBTmZUFAG/qIzkEuUeQ=
-76,95,YwK4+9Ri1GuQfLe1JZP32r8/lkI=,iCon4Yg5uBTmZUFAG/qIzkEuUeQ=
-77,95,YwK4+9Ri1GuQfLe1JZP32r8/lkI=,iCon4Yg5uBTmZUFAG/qIzkEuUeQ=
-78,95,YwK4+9Ri1GuQfLe1JZP32r8/lkI=,iCon4Yg5uBTmZUFAG/qIzkEuUeQ=
-79,95,YwK4+9Ri1GuQfLe1JZP32r8/lkI=,iCon4Yg5uBTmZUFAG/qIzkEuUeQ=
-79,83,YwK4+9Ri1GuQfLe1JZP32r8/lkI=,iCon4Yg5uBTmZUFAG/qIzkEuUeQ=
-80,95,YwK4+9Ri1GuQfLe1JZP32r8/lkI=,iCon4Yg5uBTmZUFAG/qIzkEuUeQ=
-76,80,YwK4+9Ri1GuQfLe1JZP32r8/lkI=,iCon4Yg5uBTmZUFAG/qIzkEuUeQ=
-65,95,YwK4+9Ri1GuQfLe1JZP32r8/lkI=,iCon4Yg5uBTmZUFAG/qIzkEuUeQ=
-71,95,YwK4+9Ri1GuQfLe1JZP32r8/lkI=,iCon4Yg5uBTmZUFAG/qIzkEuUeQ=
-77,82,YwK4+9Ri1GuQfLe1JZP32r8/lkI=,iCon4Yg5uBTmZUFAG/qIzkEuUeQ=
-73,95,YwK4+9Ri1GuQfLe1JZP32r8/lkI=,iCon4Yg5uBTmZUFAG/qIzkEuUeQ=
-80,80,YwK4+9Ri1GuQfLe1JZP32r8/lkI=,iCon4Yg5uBTmZUFAG/qIzkEuUeQ=
-73,80,YwK4+9Ri1GuQfLe1JZP32r8/lkI=,iCon4Yg5uBTmZUFAG/qIzkEuUeQ=
-79,85,YwK4+9Ri1GuQfLe1JZP32r8/lkI=,iCon4Yg5uBTmZUFAG/qIzkEuUeQ=
-78,85,YwK4+9Ri1GuQfLe1JZP32r8/lkI=,iCon4Yg5uBTmZUFAG/qIzkEuUeQ=
-77,85,YwK4+9Ri1GuQfLe1JZP32r8/lkI=,iCon4Yg5uBTmZUFAG/qIzkEuUeQ=
-76,85,YwK4+9Ri1GuQfLe1JZP32r8/lkI=,iCon4Yg5uBTmZUFAG/qIzkEuUeQ=
-75,85,YwK4+9Ri1GuQfLe1JZP32r8/lkI=,iCon4Yg5uBTmZUFAG/qIzkEuUeQ=
-74,85,YwK4+9Ri1GuQfLe1JZP32r8/lkI=,iCon4Yg5uBTmZUFAG/qIzkEuUeQ=
-73,85,YwK4+9Ri1GuQfLe1JZP32r8/lkI=,iCon4Yg5uBTmZUFAG/qIzkEuUeQ=
-72,85,YwK4+9Ri1GuQfLe1JZP32r8/lkI=,iCon4Yg5uBTmZUFAG/qIzkEuUeQ=
-71,85,YwK4+9Ri1GuQfLe1JZP32r8/lkI=,iCon4Yg5uBTmZUFAG/qIzkEuUeQ=
-70,85,YwK4+9Ri1GuQfLe1JZP32r8/lkI=,iCon4Yg5uBTmZUFAG/qIzkEuUeQ=
-69,85,YwK4+9Ri1GuQfLe1JZP32r8/lkI=,iCon4Yg5uBTmZUFAG/qIzkEuUeQ=
-68,85,YwK4+9Ri1GuQfLe1JZP32r8/lkI=,iCon4Yg5uBTmZUFAG/qIzkEuUeQ=
-67,85,YwK4+9Ri1GuQfLe1JZP32r8/lkI=,iCon4Yg5uBTmZUFAG/qIzkEuUeQ=
-75,95,YwK4+9Ri1GuQfLe1JZP32r8/lkI=,iCon4Yg5uBTmZUFAG/qIzkEuUeQ=
-74,95,YwK4+9Ri1GuQfLe1JZP32r8/lkI=,iCon4Yg5uBTmZUFAG/qIzkEuUeQ=
-66,85,YwK4+9Ri1GuQfLe1JZP32r8/lkI=,iCon4Yg5uBTmZUFAG/qIzkEuUeQ=
-72,81,YwK4+9Ri1GuQfLe1JZP32r8/lkI=,iCon4Yg5uBTmZUFAG/qIzkEuUeQ=
-66,94,YwK4+9Ri1GuQfLe1JZP32r8/lkI=,iCon4Yg5uBTmZUFAG/qIzkEuUeQ=
-69,94,YwK4+9Ri1GuQfLe1JZP32r8/lkI=,iCon4Yg5uBTmZUFAG/qIzkEuUeQ=
-68,94,YwK4+9Ri1GuQfLe1JZP32r8/lkI=,iCon4Yg5uBTmZUFAG/qIzkEuUeQ=
-65,85,YwK4+9Ri1GuQfLe1JZP32r8/lkI=,iCon4Yg5uBTmZUFAG/qIzkEuUeQ=
-67,94,YwK4+9Ri1GuQfLe1JZP32r8/lkI=,iCon4Yg5uBTmZUFAG/qIzkEuUeQ=
-65,94,YwK4+9Ri1GuQfLe1JZP32r8/lkI=,iCon4Yg5uBTmZUFAG/qIzkEuUeQ=
-70,94,YwK4+9Ri1GuQfLe1JZP32r8/lkI=,iCon4Yg5uBTmZUFAG/qIzkEuUeQ=
-71,94,YwK4+9Ri1GuQfLe1JZP32r8/lkI=,iCon4Yg5uBTmZUFAG/qIzkEuUeQ=
-77,94,YwK4+9Ri1GuQfLe1JZP32r8/lkI=,iCon4Yg5uBTmZUFAG/qIzkEuUeQ=
-78,94,YwK4+9Ri1GuQfLe1JZP32r8/lkI=,iCon4Yg5uBTmZUFAG/qIzkEuUeQ=
-79,94,YwK4+9Ri1GuQfLe1JZP32r8/lkI=,iCon4Yg5uBTmZUFAG/qIzkEuUeQ=
-72,94,YwK4+9Ri1GuQfLe1JZP32r8/lkI=,iCon4Yg5uBTmZUFAG/qIzkEuUeQ=
-78,82,YwK4+9Ri1GuQfLe1JZP32r8/lkI=,iCon4Yg5uBTmZUFAG/qIzkEuUeQ=
-80,94,YwK4+9Ri1GuQfLe1JZP32r8/lkI=,iCon4Yg5uBTmZUFAG/qIzkEuUeQ=
-80,86,YwK4+9Ri1GuQfLe1JZP32r8/lkI=,iCon4Yg5uBTmZUFAG/qIzkEuUeQ=
-71,82,YwK4+9Ri1GuQfLe1JZP32r8/lkI=,iCon4Yg5uBTmZUFAG/qIzkEuUeQ=
-72,80,YwK4+9Ri1GuQfLe1JZP32r8/lkI=,iCon4Yg5uBTmZUFAG/qIzkEuUeQ=
-79,86,YwK4+9Ri1GuQfLe1JZP32r8/lkI=,iCon4Yg5uBTmZUFAG/qIzkEuUeQ=
-78,86,YwK4+9Ri1GuQfLe1JZP32r8/lkI=,iCon4Yg5uBTmZUFAG/qIzkEuUeQ=
-66,93,YwK4+9Ri1GuQfLe1JZP32r8/lkI=,iCon4Yg5uBTmZUFAG/qIzkEuUeQ=
-73,94,YwK4+9Ri1GuQfLe1JZP32r8/lkI=,iCon4Yg5uBTmZUFAG/qIzkEuUeQ=
-77,81,YwK4+9Ri1GuQfLe1JZP32r8/lkI=,iCon4Yg5uBTmZUFAG/qIzkEuUeQ=
-69,93,YwK4+9Ri1GuQfLe1JZP32r8/lkI=,iCon4Yg5uBTmZUFAG/qIzkEuUeQ=
-70,93,YwK4+9Ri1GuQfLe1JZP32r8/lkI=,iCon4Yg5uBTmZUFAG/qIzkEuUeQ=
-77,86,YwK4+9Ri1GuQfLe1JZP32r8/lkI=,iCon4Yg5uBTmZUFAG/qIzkEuUeQ=
-76,86,YwK4+9Ri1GuQfLe1JZP32r8/lkI=,iCon4Yg5uBTmZUFAG/qIzkEuUeQ=
-75,86,YwK4+9Ri1GuQfLe1JZP32r8/lkI=,iCon4Yg5uBTmZUFAG/qIzkEuUeQ=
-74,86,YwK4+9Ri1GuQfLe1JZP32r8/lkI=,iCon4Yg5uBTmZUFAG/qIzkEuUeQ=
-73,86,YwK4+9Ri1GuQfLe1JZP32r8/lkI=,iCon4Yg5uBTmZUFAG/qIzkEuUeQ=
-72,86,YwK4+9Ri1GuQfLe1JZP32r8/lkI=,iCon4Yg5uBTmZUFAG/qIzkEuUeQ=
-71,86,YwK4+9Ri1GuQfLe1JZP32r8/lkI=,iCon4Yg5uBTmZUFAG/qIzkEuUeQ=
-70,86,YwK4+9Ri1GuQfLe1JZP32r8/lkI=,iCon4Yg5uBTmZUFAG/qIzkEuUeQ=
-69,86,YwK4+9Ri1GuQfLe1JZP32r8/lkI=,iCon4Yg5uBTmZUFAG/qIzkEuUeQ=
-68,86,YwK4+9Ri1GuQfLe1JZP32r8/lkI=,iCon4Yg5uBTmZUFAG/qIzkEuUeQ=
-71,93,YwK4+9Ri1GuQfLe1JZP32r8/lkI=,iCon4Yg5uBTmZUFAG/qIzkEuUeQ=
-67,93,YwK4+9Ri1GuQfLe1JZP32r8/lkI=,iCon4Yg5uBTmZUFAG/qIzkEuUeQ=
-74,94,YwK4+9Ri1GuQfLe1JZP32r8/lkI=,iCon4Yg5uBTmZUFAG/qIzkEuUeQ=
-67,86,YwK4+9Ri1GuQfLe1JZP32r8/lkI=,iCon4Yg5uBTmZUFAG/qIzkEuUeQ=
-75,94,YwK4+9Ri1GuQfLe1JZP32r8/lkI=,iCon4Yg5uBTmZUFAG/qIzkEuUeQ=
-73,93,YwK4+9Ri1GuQfLe1JZP32r8/lkI=,iCon4Yg5uBTmZUFAG/qIzkEuUeQ=
-72,93,YwK4+9Ri1GuQfLe1JZP32r8/lkI=,iCon4Yg5uBTmZUFAG/qIzkEuUeQ=
-68,93,YwK4+9Ri1GuQfLe1JZP32r8/lkI=,iCon4Yg5uBTmZUFAG/qIzkEuUeQ=
-65,93,YwK4+9Ri1GuQfLe1JZP32r8/lkI=,iCon4Yg5uBTmZUFAG/qIzkEuUeQ=
-78,93,YwK4+9Ri1GuQfLe1JZP32r8/lkI=,iCon4Yg5uBTmZUFAG/qIzkEuUeQ=
-78,81,YwK4+9Ri1GuQfLe1JZP32r8/lkI=,iCon4Yg5uBTmZUFAG/qIzkEuUeQ=
-76,94,YwK4+9Ri1GuQfLe1JZP32r8/lkI=,iCon4Yg5uBTmZUFAG/qIzkEuUeQ=
-66,92,YwK4+9Ri1GuQfLe1JZP32r8/lkI=,iCon4Yg5uBTmZUFAG/qIzkEuUeQ=
-67,92,YwK4+9Ri1GuQfLe1JZP32r8/lkI=,iCon4Yg5uBTmZUFAG/qIzkEuUeQ=
-68,92,YwK4+9Ri1GuQfLe1JZP32r8/lkI=,iCon4Yg5uBTmZUFAG/qIzkEuUeQ=
-69,92,YwK4+9Ri1GuQfLe1JZP32r8/lkI=,iCon4Yg5uBTmZUFAG/qIzkEuUeQ=
-70,92,YwK4+9Ri1GuQfLe1JZP32r8/lkI=,iCon4Yg5uBTmZUFAG/qIzkEuUeQ=
-71,92,YwK4+9Ri1GuQfLe1JZP32r8/lkI=,iCon4Yg5uBTmZUFAG/qIzkEuUeQ=
-79,93,YwK4+9Ri1GuQfLe1JZP32r8/lkI=,iCon4Yg5uBTmZUFAG/qIzkEuUeQ=
-73,92,YwK4+9Ri1GuQfLe1JZP32r8/lkI=,iCon4Yg5uBTmZUFAG/qIzkEuUeQ=
-80,93,YwK4+9Ri1GuQfLe1JZP32r8/lkI=,iCon4Yg5uBTmZUFAG/qIzkEuUeQ=
-74,93,YwK4+9Ri1GuQfLe1JZP32r8/lkI=,iCon4Yg5uBTmZUFAG/qIzkEuUeQ=
-72,92,YwK4+9Ri1GuQfLe1JZP32r8/lkI=,iCon4Yg5uBTmZUFAG/qIzkEuUeQ=
-76,93,YwK4+9Ri1GuQfLe1JZP32r8/lkI=,iCon4Yg5uBTmZUFAG/qIzkEuUeQ=
-65,92,YwK4+9Ri1GuQfLe1JZP32r8/lkI=,iCon4Yg5uBTmZUFAG/qIzkEuUeQ=
-79,92,YwK4+9Ri1GuQfLe1JZP32r8/lkI=,iCon4Yg5uBTmZUFAG/qIzkEuUeQ=
-75,92,YwK4+9Ri1GuQfLe1JZP32r8/lkI=,iCon4Yg5uBTmZUFAG/qIzkEuUeQ=
-78,80,YwK4+9Ri1GuQfLe1JZP32r8/lkI=,iCon4Yg5uBTmZUFAG/qIzkEuUeQ=
-79,82,YwK4+9Ri1GuQfLe1JZP32r8/lkI=,iCon4Yg5uBTmZUFAG/qIzkEuUeQ=
-75,93,YwK4+9Ri1GuQfLe1JZP32r8/lkI=,iCon4Yg5uBTmZUFAG/qIzkEuUeQ=
-65,82,YwK4+9Ri1GuQfLe1JZP32r8/lkI=,iCon4Yg5uBTmZUFAG/qIzkEuUeQ=
-65,80,YwK4+9Ri1GuQfLe1JZP32r8/lkI=,iCon4Yg5uBTmZUFAG/qIzkEuUeQ=
-66,80,YwK4+9Ri1GuQfLe1JZP32r8/lkI=,iCon4Yg5uBTmZUFAG/qIzkEuUeQ=
-78,92,YwK4+9Ri1GuQfLe1JZP32r8/lkI=,iCon4Yg5uBTmZUFAG/qIzkEuUeQ=
-65,81,YwK4+9Ri1GuQfLe1JZP32r8/lkI=,iCon4Yg5uBTmZUFAG/qIzkEuUeQ=
-80,81,YwK4+9Ri1GuQfLe1JZP32r8/lkI=,iCon4Yg5uBTmZUFAG/qIzkEuUeQ=
-66,81,YwK4+9Ri1GuQfLe1JZP32r8/lkI=,iCon4Yg5uBTmZUFAG/qIzkEuUeQ=
-74,92,YwK4+9Ri1GuQfLe1JZP32r8/lkI=,iCon4Yg5uBTmZUFAG/qIzkEuUeQ=
-77,92,YwK4+9Ri1GuQfLe1JZP32r8/lkI=,iCon4Yg5uBTmZUFAG/qIzkEuUeQ=
-68,91,YwK4+9Ri1GuQfLe1JZP32r8/lkI=,iCon4Yg5uBTmZUFAG/qIzkEuUeQ=
-69,91,YwK4+9Ri1GuQfLe1JZP32r8/lkI=,iCon4Yg5uBTmZUFAG/qIzkEuUeQ=
-70,91,YwK4+9Ri1GuQfLe1JZP32r8/lkI=,iCon4Yg5uBTmZUFAG/qIzkEuUeQ=
-71,91,YwK4+9Ri1GuQfLe1JZP32r8/lkI=,iCon4Yg5uBTmZUFAG/qIzkEuUeQ=
-72,91,YwK4+9Ri1GuQfLe1JZP32r8/lkI=,iCon4Yg5uBTmZUFAG/qIzkEuUeQ=
-73,91,YwK4+9Ri1GuQfLe1JZP32r8/lkI=,iCon4Yg5uBTmZUFAG/qIzkEuUeQ=
-74,91,YwK4+9Ri1GuQfLe1JZP32r8/lkI=,iCon4Yg5uBTmZUFAG/qIzkEuUeQ=
-66,91,YwK4+9Ri1GuQfLe1JZP32r8/lkI=,iCon4Yg5uBTmZUFAG/qIzkEuUeQ=
-67,91,YwK4+9Ri1GuQfLe1JZP32r8/lkI=,iCon4Yg5uBTmZUFAG/qIzkEuUeQ=
-77,93,YwK4+9Ri1GuQfLe1JZP32r8/lkI=,iCon4Yg5uBTmZUFAG/qIzkEuUeQ=
-76,92,YwK4+9Ri1GuQfLe1JZP32r8/lkI=,iCon4Yg5uBTmZUFAG/qIzkEuUeQ=
-66,86,YwK4+9Ri1GuQfLe1JZP32r8/lkI=,iCon4Yg5uBTmZUFAG/qIzkEuUeQ=
-71,81,YwK4+9Ri1GuQfLe1JZP32r8/lkI=,iCon4Yg5uBTmZUFAG/qIzkEuUeQ=
-67,80,YwK4+9Ri1GuQfLe1JZP32r8/lkI=,iCon4Yg5uBTmZUFAG/qIzkEuUeQ=
-79,91,YwK4+9Ri1GuQfLe1JZP32r8/lkI=,iCon4Yg5uBTmZUFAG/qIzkEuUeQ=
-67,81,YwK4+9Ri1GuQfLe1JZP32r8/lkI=,iCon4Yg5uBTmZUFAG/qIzkEuUeQ=
-66,90,YwK4+9Ri1GuQfLe1JZP32r8/lkI=,iCon4Yg5uBTmZUFAG/qIzkEuUeQ=
-67,90,YwK4+9Ri1GuQfLe1JZP32r8/lkI=,iCon4Yg5uBTmZUFAG/qIzkEuUeQ=
-68,90,YwK4+9Ri1GuQfLe1JZP32r8/lkI=,iCon4Yg5uBTmZUFAG/qIzkEuUeQ=
-69,90,YwK4+9Ri1GuQfLe1JZP32r8/lkI=,iCon4Yg5uBTmZUFAG/qIzkEuUeQ=
-70,90,YwK4+9Ri1GuQfLe1JZP32r8/lkI=,iCon4Yg5uBTmZUFAG/qIzkEuUeQ=
-71,90,YwK4+9Ri1GuQfLe1JZP32r8/lkI=,iCon4Yg5uBTmZUFAG/qIzkEuUeQ=
-72,90,YwK4+9Ri1GuQfLe1JZP32r8/lkI=,iCon4Yg5uBTmZUFAG/qIzkEuUeQ=
-73,90,YwK4+9Ri1GuQfLe1JZP32r8/lkI=,iCon4Yg5uBTmZUFAG/qIzkEuUeQ=
-74,90,YwK4+9Ri1GuQfLe1JZP32r8/lkI=,iCon4Yg5uBTmZUFAG/qIzkEuUeQ=
-80,92,YwK4+9Ri1GuQfLe1JZP32r8/lkI=,iCon4Yg5uBTmZUFAG/qIzkEuUeQ=
-77,91,YwK4+9Ri1GuQfLe1JZP32r8/lkI=,iCon4Yg5uBTmZUFAG/qIzkEuUeQ=
-76,91,YwK4+9Ri1GuQfLe1JZP32r8/lkI=,iCon4Yg5uBTmZUFAG/qIzkEuUeQ=
-65,86,YwK4+9Ri1GuQfLe1JZP32r8/lkI=,iCon4Yg5uBTmZUFAG/qIzkEuUeQ=
-70,82,YwK4+9Ri1GuQfLe1JZP32r8/lkI=,iCon4Yg5uBTmZUFAG/qIzkEuUeQ=
-71,80,YwK4+9Ri1GuQfLe1JZP32r8/lkI=,iCon4Yg5uBTmZUFAG/qIzkEuUeQ=
-75,91,YwK4+9Ri1GuQfLe1JZP32r8/lkI=,iCon4Yg5uBTmZUFAG/qIzkEuUeQ=
-68,80,YwK4+9Ri1GuQfLe1JZP32r8/lkI=,iCon4Yg5uBTmZUFAG/qIzkEuUeQ=
-67,82,YwK4+9Ri1GuQfLe1JZP32r8/lkI=,iCon4Yg5uBTmZUFAG/qIzkEuUeQ=
-68,81,YwK4+9Ri1GuQfLe1JZP32r8/lkI=,iCon4Yg5uBTmZUFAG/qIzkEuUeQ=
-80,83,YwK4+9Ri1GuQfLe1JZP32r8/lkI=,iCon4Yg5uBTmZUFAG/qIzkEuUeQ=
-66,82,YwK4+9Ri1GuQfLe1JZP32r8/lkI=,iCon4Yg5uBTmZUFAG/qIzkEuUeQ=
-79,90,YwK4+9Ri1GuQfLe1JZP32r8/lkI=,iCon4Yg5uBTmZUFAG/qIzkEuUeQ=
-68,89,YwK4+9Ri1GuQfLe1JZP32r8/lkI=,iCon4Yg5uBTmZUFAG/qIzkEuUeQ=
-69,89,YwK4+9Ri1GuQfLe1JZP32r8/lkI=,iCon4Yg5uBTmZUFAG/qIzkEuUeQ=
-70,89,YwK4+9Ri1GuQfLe1JZP32r8/lkI=,iCon4Yg5uBTmZUFAG/qIzkEuUeQ=
-71,89,YwK4+9Ri1GuQfLe1JZP32r8/lkI=,iCon4Yg5uBTmZUFAG/qIzkEuUeQ=
-72,89,YwK4+9Ri1GuQfLe1JZP32r8/lkI=,iCon4Yg5uBTmZUFAG/qIzkEuUeQ=
-73,89,YwK4+9Ri1GuQfLe1JZP32r8/lkI=,iCon4Yg5uBTmZUFAG/qIzkEuUeQ=
-78,90,YwK4+9Ri1GuQfLe1JZP32r8/lkI=,iCon4Yg5uBTmZUFAG/qIzkEuUeQ=
-75,89,YwK4+9Ri1GuQfLe1JZP32r8/lkI=,iCon4Yg5uBTmZUFAG/qIzkEuUeQ=
-65,91,YwK4+9Ri1GuQfLe1JZP32r8/lkI=,iCon4Yg5uBTmZUFAG/qIzkEuUeQ=
-67,89,YwK4+9Ri1GuQfLe1JZP32r8/lkI=,iCon4Yg5uBTmZUFAG/qIzkEuUeQ=
-79,81,YwK4+9Ri1GuQfLe1JZP32r8/lkI=,iCon4Yg5uBTmZUFAG/qIzkEuUeQ=
-78,91,YwK4+9Ri1GuQfLe1JZP32r8/lkI=,iCon4Yg5uBTmZUFAG/qIzkEuUeQ=
-69,80,YwK4+9Ri1GuQfLe1JZP32r8/lkI=,iCon4Yg5uBTmZUFAG/qIzkEuUeQ=
-68,82,YwK4+9Ri1GuQfLe1JZP32r8/lkI=,iCon4Yg5uBTmZUFAG/qIzkEuUeQ=
-80,87,YwK4+9Ri1GuQfLe1JZP32r8/lkI=,iCon4Yg5uBTmZUFAG/qIzkEuUeQ=
-80,89,YwK4+9Ri1GuQfLe1JZP32r8/lkI=,iCon4Yg5uBTmZUFAG/qIzkEuUeQ=
-69,81,YwK4+9Ri1GuQfLe1JZP32r8/lkI=,iCon4Yg5uBTmZUFAG/qIzkEuUeQ=
-77,89,YwK4+9Ri1GuQfLe1JZP32r8/lkI=,iCon4Yg5uBTmZUFAG/qIzkEuUeQ=
-68,88,YwK4+9Ri1GuQfLe1JZP32r8/lkI=,iCon4Yg5uBTmZUFAG/qIzkEuUeQ=
-69,88,YwK4+9Ri1GuQfLe1JZP32r8/lkI=,iCon4Yg5uBTmZUFAG/qIzkEuUeQ=
-70,88,YwK4+9Ri1GuQfLe1JZP32r8/lkI=,iCon4Yg5uBTmZUFAG/qIzkEuUeQ=
-71,88,YwK4+9Ri1GuQfLe1JZP32r8/lkI=,iCon4Yg5uBTmZUFAG/qIzkEuUeQ=
-72,88,YwK4+9Ri1GuQfLe1JZP32r8/lkI=,iCon4Yg5uBTmZUFAG/qIzkEuUeQ=
-73,88,YwK4+9Ri1GuQfLe1JZP32r8/lkI=,iCon4Yg5uBTmZUFAG/qIzkEuUeQ=
-74,88,YwK4+9Ri1GuQfLe1JZP32r8/lkI=,iCon4Yg5uBTmZUFAG/qIzkEuUeQ=
-75,88,YwK4+9Ri1GuQfLe1JZP32r8/lkI=,iCon4Yg5uBTmZUFAG/qIzkEuUeQ=
-79,89,YwK4+9Ri1GuQfLe1JZP32r8/lkI=,iCon4Yg5uBTmZUFAG/qIzkEuUeQ=
-80,82,YwK4+9Ri1GuQfLe1JZP32r8/lkI=,iCon4Yg5uBTmZUFAG/qIzkEuUeQ=
-65,90,YwK4+9Ri1GuQfLe1JZP32r8/lkI=,iCon4Yg5uBTmZUFAG/qIzkEuUeQ=
-80,91,YwK4+9Ri1GuQfLe1JZP32r8/lkI=,iCon4Yg5uBTmZUFAG/qIzkEuUeQ=
-76,90,YwK4+9Ri1GuQfLe1JZP32r8/lkI=,iCon4Yg5uBTmZUFAG/qIzkEuUeQ=
-70,80,YwK4+9Ri1GuQfLe1JZP32r8/lkI=,iCon4Yg5uBTmZUFAG/qIzkEuUeQ=
-69,82,YwK4+9Ri1GuQfLe1JZP32r8/lkI=,iCon4Yg5uBTmZUFAG/qIzkEuUeQ=
-76,88,YwK4+9Ri1GuQfLe1JZP32r8/lkI=,iCon4Yg5uBTmZUFAG/qIzkEuUeQ=
-70,81,YwK4+9Ri1GuQfLe1JZP32r8/lkI=,iCon4Yg5uBTmZUFAG/qIzkEuUeQ=
-77,90,YwK4+9Ri1GuQfLe1JZP32r8/lkI=,iCon4Yg5uBTmZUFAG/qIzkEuUeQ=
-80,90,YwK4+9Ri1GuQfLe1JZP32r8/lkI=,iCon4Yg5uBTmZUFAG/qIzkEuUeQ=
-68,87,YwK4+9Ri1GuQfLe1JZP32r8/lkI=,iCon4Yg5uBTmZUFAG/qIzkEuUeQ=
-69,87,YwK4+9Ri1GuQfLe1JZP32r8/lkI=,iCon4Yg5uBTmZUFAG/qIzkEuUeQ=
-70,87,YwK4+9Ri1GuQfLe1JZP32r8/lkI=,iCon4Yg5uBTmZUFAG/qIzkEuUeQ=
-71,87,YwK4+9Ri1GuQfLe1JZP32r8/lkI=,iCon4Yg5uBTmZUFAG/qIzkEuUeQ=
-72,87,YwK4+9Ri1GuQfLe1JZP32r8/lkI=,iCon4Yg5uBTmZUFAG/qIzkEuUeQ=
-73,87,YwK4+9Ri1GuQfLe1JZP32r8/lkI=,iCon4Yg5uBTmZUFAG/qIzkEuUeQ=
-74,87,YwK4+9Ri1GuQfLe1JZP32r8/lkI=,iCon4Yg5uBTmZUFAG/qIzkEuUeQ=
-75,87,YwK4+9Ri1GuQfLe1JZP32r8/lkI=,iCon4Yg5uBTmZUFAG/qIzkEuUeQ=
-76,87,YwK4+9Ri1GuQfLe1JZP32r8/lkI=,iCon4Yg5uBTmZUFAG/qIzkEuUeQ=
-77,87,YwK4+9Ri1GuQfLe1JZP32r8/lkI=,iCon4Yg5uBTmZUFAG/qIzkEuUeQ=
-74,89,YwK4+9Ri1GuQfLe1JZP32r8/lkI=,iCon4Yg5uBTmZUFAG/qIzkEuUeQ=
-66,89,YwK4+9Ri1GuQfLe1JZP32r8/lkI=,iCon4Yg5uBTmZUFAG/qIzkEuUeQ=
-66,88,YwK4+9Ri1GuQfLe1JZP32r8/lkI=,iCon4Yg5uBTmZUFAG/qIzkEuUeQ=
-78,89,YwK4+9Ri1GuQfLe1JZP32r8/lkI=,iCon4Yg5uBTmZUFAG/qIzkEuUeQ=
-75,90,YwK4+9Ri1GuQfLe1JZP32r8/lkI=,iCon4Yg5uBTmZUFAG/qIzkEuUeQ=
-76,89,YwK4+9Ri1GuQfLe1JZP32r8/lkI=,iCon4Yg5uBTmZUFAG/qIzkEuUeQ=
-65,89,YwK4+9Ri1GuQfLe1JZP32r8/lkI=,iCon4Yg5uBTmZUFAG/qIzkEuUeQ=
-79,88,YwK4+9Ri1GuQfLe1JZP32r8/lkI=,iCon4Yg5uBTmZUFAG/qIzkEuUeQ=
-67,88,YwK4+9Ri1GuQfLe1JZP32r8/lkI=,iCon4Yg5uBTmZUFAG/qIzkEuUeQ=
-78,87,YwK4+9Ri1GuQfLe1JZP32r8/lkI=,iCon4Yg5uBTmZUFAG/qIzkEuUeQ=
-65,88,YwK4+9Ri1GuQfLe1JZP32r8/lkI=,iCon4Yg5uBTmZUFAG/qIzkEuUeQ=
-66,87,YwK4+9Ri1GuQfLe1JZP32r8/lkI=,iCon4Yg5uBTmZUFAG/qIzkEuUeQ=
-79,87,YwK4+9Ri1GuQfLe1JZP32r8/lkI=,iCon4Yg5uBTmZUFAG/qIzkEuUeQ=
-80,88,YwK4+9Ri1GuQfLe1JZP32r8/lkI=,iCon4Yg5uBTmZUFAG/qIzkEuUeQ=
-78,88,YwK4+9Ri1GuQfLe1JZP32r8/lkI=,iCon4Yg5uBTmZUFAG/qIzkEuUeQ=
-65,87,YwK4+9Ri1GuQfLe1JZP32r8/lkI=,iCon4Yg5uBTmZUFAG/qIzkEuUeQ=
-67,87,YwK4+9Ri1GuQfLe1JZP32r8/lkI=,iCon4Yg5uBTmZUFAG/qIzkEuUeQ=
-77,88,YwK4+9Ri1GuQfLe1JZP32r8/lkI=,iCon4Yg5uBTmZUFAG/qIzkEuUeQ=
-76,65,1pOO1rrEg81usxvuDUxDPF0S8vs=,+ojsgpEcI8F18xP17+YZN6ez87A=
-77,67,1pOO1rrEg81usxvuDUxDPF0S8vs=,+ojsgpEcI8F18xP17+YZN6ez87A=
-78,67,1pOO1rrEg81usxvuDUxDPF0S8vs=,+ojsgpEcI8F18xP17+YZN6ez87A=
-65,79,1pOO1rrEg81usxvuDUxDPF0S8vs=,+ojsgpEcI8F18xP17+YZN6ez87A=
-66,79,1pOO1rrEg81usxvuDUxDPF0S8vs=,+ojsgpEcI8F18xP17+YZN6ez87A=
-67,79,1pOO1rrEg81usxvuDUxDPF0S8vs=,+ojsgpEcI8F18xP17+YZN6ez87A=
-68,79,1pOO1rrEg81usxvuDUxDPF0S8vs=,+ojsgpEcI8F18xP17+YZN6ez87A=
-69,79,1pOO1rrEg81usxvuDUxDPF0S8vs=,+ojsgpEcI8F18xP17+YZN6ez87A=
-71,79,1pOO1rrEg81usxvuDUxDPF0S8vs=,+ojsgpEcI8F18xP17+YZN6ez87A=
-72,79,1pOO1rrEg81usxvuDUxDPF0S8vs=,+ojsgpEcI8F18xP17+YZN6ez87A=
-70,79,1pOO1rrEg81usxvuDUxDPF0S8vs=,+ojsgpEcI8F18xP17+YZN6ez87A=
-73,79,1pOO1rrEg81usxvuDUxDPF0S8vs=,+ojsgpEcI8F18xP17+YZN6ez87A=
-74,79,1pOO1rrEg81usxvuDUxDPF0S8vs=,+ojsgpEcI8F18xP17+YZN6ez87A=
-75,79,1pOO1rrEg81usxvuDUxDPF0S8vs=,+ojsgpEcI8F18xP17+YZN6ez87A=
-78,79,1pOO1rrEg81usxvuDUxDPF0S8vs=,+ojsgpEcI8F18xP17+YZN6ez87A=
-77,79,1pOO1rrEg81usxvuDUxDPF0S8vs=,+ojsgpEcI8F18xP17+YZN6ez87A=
-76,79,1pOO1rrEg81usxvuDUxDPF0S8vs=,+ojsgpEcI8F18xP17+YZN6ez87A=
-79,67,1pOO1rrEg81usxvuDUxDPF0S8vs=,+ojsgpEcI8F18xP17+YZN6ez87A=
-65,78,1pOO1rrEg81usxvuDUxDPF0S8vs=,+ojsgpEcI8F18xP17+YZN6ez87A=
-77,66,1pOO1rrEg81usxvuDUxDPF0S8vs=,+ojsgpEcI8F18xP17+YZN6ez87A=
-66,78,1pOO1rrEg81usxvuDUxDPF0S8vs=,+ojsgpEcI8F18xP17+YZN6ez87A=
-71,67,1pOO1rrEg81usxvuDUxDPF0S8vs=,+ojsgpEcI8F18xP17+YZN6ez87A=
-67,78,1pOO1rrEg81usxvuDUxDPF0S8vs=,+ojsgpEcI8F18xP17+YZN6ez87A=
-70,67,1pOO1rrEg81usxvuDUxDPF0S8vs=,+ojsgpEcI8F18xP17+YZN6ez87A=
-68,78,1pOO1rrEg81usxvuDUxDPF0S8vs=,+ojsgpEcI8F18xP17+YZN6ez87A=
-69,67,1pOO1rrEg81usxvuDUxDPF0S8vs=,+ojsgpEcI8F18xP17+YZN6ez87A=
-80,64,1pOO1rrEg81usxvuDUxDPF0S8vs=,+ojsgpEcI8F18xP17+YZN6ez87A=
-69,78,1pOO1rrEg81usxvuDUxDPF0S8vs=,+ojsgpEcI8F18xP17+YZN6ez87A=
-68,67,1pOO1rrEg81usxvuDUxDPF0S8vs=,+ojsgpEcI8F18xP17+YZN6ez87A=
-67,67,1pOO1rrEg81usxvuDUxDPF0S8vs=,+ojsgpEcI8F18xP17+YZN6ez87A=
-66,67,1pOO1rrEg81usxvuDUxDPF0S8vs=,+ojsgpEcI8F18xP17+YZN6ez87A=
-71,64,1pOO1rrEg81usxvuDUxDPF0S8vs=,+ojsgpEcI8F18xP17+YZN6ez87A=
-70,64,1pOO1rrEg81usxvuDUxDPF0S8vs=,+ojsgpEcI8F18xP17+YZN6ez87A=
-69,64,1pOO1rrEg81usxvuDUxDPF0S8vs=,+ojsgpEcI8F18xP17+YZN6ez87A=
-68,64,1pOO1rrEg81usxvuDUxDPF0S8vs=,+ojsgpEcI8F18xP17+YZN6ez87A=
-67,64,1pOO1rrEg81usxvuDUxDPF0S8vs=,+ojsgpEcI8F18xP17+YZN6ez87A=
-66,64,1pOO1rrEg81usxvuDUxDPF0S8vs=,+ojsgpEcI8F18xP17+YZN6ez87A=
-70,78,1pOO1rrEg81usxvuDUxDPF0S8vs=,+ojsgpEcI8F18xP17+YZN6ez87A=
-71,78,1pOO1rrEg81usxvuDUxDPF0S8vs=,+ojsgpEcI8F18xP17+YZN6ez87A=
-72,78,1pOO1rrEg81usxvuDUxDPF0S8vs=,+ojsgpEcI8F18xP17+YZN6ez87A=
-73,78,1pOO1rrEg81usxvuDUxDPF0S8vs=,+ojsgpEcI8F18xP17+YZN6ez87A=
-74,78,1pOO1rrEg81usxvuDUxDPF0S8vs=,+ojsgpEcI8F18xP17+YZN6ez87A=
-72,64,1pOO1rrEg81usxvuDUxDPF0S8vs=,+ojsgpEcI8F18xP17+YZN6ez87A=
-79,79,1pOO1rrEg81usxvuDUxDPF0S8vs=,+ojsgpEcI8F18xP17+YZN6ez87A=
-75,78,1pOO1rrEg81usxvuDUxDPF0S8vs=,+ojsgpEcI8F18xP17+YZN6ez87A=
-76,78,1pOO1rrEg81usxvuDUxDPF0S8vs=,+ojsgpEcI8F18xP17+YZN6ez87A=
-77,78,1pOO1rrEg81usxvuDUxDPF0S8vs=,+ojsgpEcI8F18xP17+YZN6ez87A=
-80,79,1pOO1rrEg81usxvuDUxDPF0S8vs=,+ojsgpEcI8F18xP17+YZN6ez87A=
-65,64,1pOO1rrEg81usxvuDUxDPF0S8vs=,+ojsgpEcI8F18xP17+YZN6ez87A=
-79,64,1pOO1rrEg81usxvuDUxDPF0S8vs=,+ojsgpEcI8F18xP17+YZN6ez87A=
-74,65,1pOO1rrEg81usxvuDUxDPF0S8vs=,+ojsgpEcI8F18xP17+YZN6ez87A=
-65,67,1pOO1rrEg81usxvuDUxDPF0S8vs=,+ojsgpEcI8F18xP17+YZN6ez87A=
-76,64,1pOO1rrEg81usxvuDUxDPF0S8vs=,+ojsgpEcI8F18xP17+YZN6ez87A=
-79,78,1pOO1rrEg81usxvuDUxDPF0S8vs=,+ojsgpEcI8F18xP17+YZN6ez87A=
-75,66,1pOO1rrEg81usxvuDUxDPF0S8vs=,+ojsgpEcI8F18xP17+YZN6ez87A=
-78,78,1pOO1rrEg81usxvuDUxDPF0S8vs=,+ojsgpEcI8F18xP17+YZN6ez87A=
-65,77,1pOO1rrEg81usxvuDUxDPF0S8vs=,+ojsgpEcI8F18xP17+YZN6ez87A=
-77,65,1pOO1rrEg81usxvuDUxDPF0S8vs=,+ojsgpEcI8F18xP17+YZN6ez87A=
-74,67,1pOO1rrEg81usxvuDUxDPF0S8vs=,+ojsgpEcI8F18xP17+YZN6ez87A=
-77,64,1pOO1rrEg81usxvuDUxDPF0S8vs=,+ojsgpEcI8F18xP17+YZN6ez87A=
-73,66,1pOO1rrEg81usxvuDUxDPF0S8vs=,+ojsgpEcI8F18xP17+YZN6ez87A=
-80,78,1pOO1rrEg81usxvuDUxDPF0S8vs=,+ojsgpEcI8F18xP17+YZN6ez87A=
-66,77,1pOO1rrEg81usxvuDUxDPF0S8vs=,+ojsgpEcI8F18xP17+YZN6ez87A=
-67,77,1pOO1rrEg81usxvuDUxDPF0S8vs=,+ojsgpEcI8F18xP17+YZN6ez87A=
-68,77,1pOO1rrEg81usxvuDUxDPF0S8vs=,+ojsgpEcI8F18xP17+YZN6ez87A=
-69,77,1pOO1rrEg81usxvuDUxDPF0S8vs=,+ojsgpEcI8F18xP17+YZN6ez87A=
-70,77,1pOO1rrEg81usxvuDUxDPF0S8vs=,+ojsgpEcI8F18xP17+YZN6ez87A=
-71,77,1pOO1rrEg81usxvuDUxDPF0S8vs=,+ojsgpEcI8F18xP17+YZN6ez87A=
-78,66,1pOO1rrEg81usxvuDUxDPF0S8vs=,+ojsgpEcI8F18xP17+YZN6ez87A=
-72,77,1pOO1rrEg81usxvuDUxDPF0S8vs=,+ojsgpEcI8F18xP17+YZN6ez87A=
-73,77,1pOO1rrEg81usxvuDUxDPF0S8vs=,+ojsgpEcI8F18xP17+YZN6ez87A=
-74,77,1pOO1rrEg81usxvuDUxDPF0S8vs=,+ojsgpEcI8F18xP17+YZN6ez87A=
-75,77,1pOO1rrEg81usxvuDUxDPF0S8vs=,+ojsgpEcI8F18xP17+YZN6ez87A=
-80,68,1pOO1rrEg81usxvuDUxDPF0S8vs=,+ojsgpEcI8F18xP17+YZN6ez87A=
-76,77,1pOO1rrEg81usxvuDUxDPF0S8vs=,+ojsgpEcI8F18xP17+YZN6ez87A=
-79,68,1pOO1rrEg81usxvuDUxDPF0S8vs=,+ojsgpEcI8F18xP17+YZN6ez87A=
-76,67,1pOO1rrEg81usxvuDUxDPF0S8vs=,+ojsgpEcI8F18xP17+YZN6ez87A=
-78,77,1pOO1rrEg81usxvuDUxDPF0S8vs=,+ojsgpEcI8F18xP17+YZN6ez87A=
-79,77,1pOO1rrEg81usxvuDUxDPF0S8vs=,+ojsgpEcI8F18xP17+YZN6ez87A=
-77,68,1pOO1rrEg81usxvuDUxDPF0S8vs=,+ojsgpEcI8F18xP17+YZN6ez87A=
-78,68,1pOO1rrEg81usxvuDUxDPF0S8vs=,+ojsgpEcI8F18xP17+YZN6ez87A=
-74,66,1pOO1rrEg81usxvuDUxDPF0S8vs=,+ojsgpEcI8F18xP17+YZN6ez87A=
-75,67,1pOO1rrEg81usxvuDUxDPF0S8vs=,+ojsgpEcI8F18xP17+YZN6ez87A=
-75,64,1pOO1rrEg81usxvuDUxDPF0S8vs=,+ojsgpEcI8F18xP17+YZN6ez87A=
-78,64,1pOO1rrEg81usxvuDUxDPF0S8vs=,+ojsgpEcI8F18xP17+YZN6ez87A=
-65,76,1pOO1rrEg81usxvuDUxDPF0S8vs=,+ojsgpEcI8F18xP17+YZN6ez87A=
-76,66,1pOO1rrEg81usxvuDUxDPF0S8vs=,+ojsgpEcI8F18xP17+YZN6ez87A=
-79,66,1pOO1rrEg81usxvuDUxDPF0S8vs=,+ojsgpEcI8F18xP17+YZN6ez87A=
-66,76,1pOO1rrEg81usxvuDUxDPF0S8vs=,+ojsgpEcI8F18xP17+YZN6ez87A=
-67,76,1pOO1rrEg81usxvuDUxDPF0S8vs=,+ojsgpEcI8F18xP17+YZN6ez87A=
-68,76,1pOO1rrEg81usxvuDUxDPF0S8vs=,+ojsgpEcI8F18xP17+YZN6ez87A=
-69,76,1pOO1rrEg81usxvuDUxDPF0S8vs=,+ojsgpEcI8F18xP17+YZN6ez87A=
-78,65,1pOO1rrEg81usxvuDUxDPF0S8vs=,+ojsgpEcI8F18xP17+YZN6ez87A=
-80,77,1pOO1rrEg81usxvuDUxDPF0S8vs=,+ojsgpEcI8F18xP17+YZN6ez87A=
-70,76,1pOO1rrEg81usxvuDUxDPF0S8vs=,+ojsgpEcI8F18xP17+YZN6ez87A=
-71,76,1pOO1rrEg81usxvuDUxDPF0S8vs=,+ojsgpEcI8F18xP17+YZN6ez87A=
-72,76,1pOO1rrEg81usxvuDUxDPF0S8vs=,+ojsgpEcI8F18xP17+YZN6ez87A=
-76,68,1pOO1rrEg81usxvuDUxDPF0S8vs=,+ojsgpEcI8F18xP17+YZN6ez87A=
-73,76,1pOO1rrEg81usxvuDUxDPF0S8vs=,+ojsgpEcI8F18xP17+YZN6ez87A=
-74,76,1pOO1rrEg81usxvuDUxDPF0S8vs=,+ojsgpEcI8F18xP17+YZN6ez87A=
-77,77,1pOO1rrEg81usxvuDUxDPF0S8vs=,+ojsgpEcI8F18xP17+YZN6ez87A=
-75,76,1pOO1rrEg81usxvuDUxDPF0S8vs=,+ojsgpEcI8F18xP17+YZN6ez87A=
-75,65,1pOO1rrEg81usxvuDUxDPF0S8vs=,+ojsgpEcI8F18xP17+YZN6ez87A=
-76,76,1pOO1rrEg81usxvuDUxDPF0S8vs=,+ojsgpEcI8F18xP17+YZN6ez87A=
-72,67,1pOO1rrEg81usxvuDUxDPF0S8vs=,+ojsgpEcI8F18xP17+YZN6ez87A=
-73,64,1pOO1rrEg81usxvuDUxDPF0S8vs=,+ojsgpEcI8F18xP17+YZN6ez87A=
-79,65,1pOO1rrEg81usxvuDUxDPF0S8vs=,+ojsgpEcI8F18xP17+YZN6ez87A=
-75,68,1pOO1rrEg81usxvuDUxDPF0S8vs=,+ojsgpEcI8F18xP17+YZN6ez87A=
-74,64,1pOO1rrEg81usxvuDUxDPF0S8vs=,+ojsgpEcI8F18xP17+YZN6ez87A=
-80,65,1pOO1rrEg81usxvuDUxDPF0S8vs=,+ojsgpEcI8F18xP17+YZN6ez87A=
-80,67,1pOO1rrEg81usxvuDUxDPF0S8vs=,+ojsgpEcI8F18xP17+YZN6ez87A=
-80,66,1pOO1rrEg81usxvuDUxDPF0S8vs=,+ojsgpEcI8F18xP17+YZN6ez87A=
-65,66,1pOO1rrEg81usxvuDUxDPF0S8vs=,+ojsgpEcI8F18xP17+YZN6ez87A=
-65,65,1pOO1rrEg81usxvuDUxDPF0S8vs=,+ojsgpEcI8F18xP17+YZN6ez87A=
-66,65,1pOO1rrEg81usxvuDUxDPF0S8vs=,+ojsgpEcI8F18xP17+YZN6ez87A=
-65,75,1pOO1rrEg81usxvuDUxDPF0S8vs=,+ojsgpEcI8F18xP17+YZN6ez87A=
-66,75,1pOO1rrEg81usxvuDUxDPF0S8vs=,+ojsgpEcI8F18xP17+YZN6ez87A=
-67,75,1pOO1rrEg81usxvuDUxDPF0S8vs=,+ojsgpEcI8F18xP17+YZN6ez87A=
-68,75,1pOO1rrEg81usxvuDUxDPF0S8vs=,+ojsgpEcI8F18xP17+YZN6ez87A=
-69,75,1pOO1rrEg81usxvuDUxDPF0S8vs=,+ojsgpEcI8F18xP17+YZN6ez87A=
-70,75,1pOO1rrEg81usxvuDUxDPF0S8vs=,+ojsgpEcI8F18xP17+YZN6ez87A=
-71,75,1pOO1rrEg81usxvuDUxDPF0S8vs=,+ojsgpEcI8F18xP17+YZN6ez87A=
-72,75,1pOO1rrEg81usxvuDUxDPF0S8vs=,+ojsgpEcI8F18xP17+YZN6ez87A=
-73,75,1pOO1rrEg81usxvuDUxDPF0S8vs=,+ojsgpEcI8F18xP17+YZN6ez87A=
-74,75,1pOO1rrEg81usxvuDUxDPF0S8vs=,+ojsgpEcI8F18xP17+YZN6ez87A=
-75,75,1pOO1rrEg81usxvuDUxDPF0S8vs=,+ojsgpEcI8F18xP17+YZN6ez87A=
-73,67,1pOO1rrEg81usxvuDUxDPF0S8vs=,+ojsgpEcI8F18xP17+YZN6ez87A=
-77,76,1pOO1rrEg81usxvuDUxDPF0S8vs=,+ojsgpEcI8F18xP17+YZN6ez87A=
-76,75,1pOO1rrEg81usxvuDUxDPF0S8vs=,+ojsgpEcI8F18xP17+YZN6ez87A=
-74,68,1pOO1rrEg81usxvuDUxDPF0S8vs=,+ojsgpEcI8F18xP17+YZN6ez87A=
-77,75,1pOO1rrEg81usxvuDUxDPF0S8vs=,+ojsgpEcI8F18xP17+YZN6ez87A=
-66,66,1pOO1rrEg81usxvuDUxDPF0S8vs=,+ojsgpEcI8F18xP17+YZN6ez87A=
-79,76,1pOO1rrEg81usxvuDUxDPF0S8vs=,+ojsgpEcI8F18xP17+YZN6ez87A=
-67,65,1pOO1rrEg81usxvuDUxDPF0S8vs=,+ojsgpEcI8F18xP17+YZN6ez87A=
-65,74,1pOO1rrEg81usxvuDUxDPF0S8vs=,+ojsgpEcI8F18xP17+YZN6ez87A=
-66,74,1pOO1rrEg81usxvuDUxDPF0S8vs=,+ojsgpEcI8F18xP17+YZN6ez87A=
-67,74,1pOO1rrEg81usxvuDUxDPF0S8vs=,+ojsgpEcI8F18xP17+YZN6ez87A=
-68,74,1pOO1rrEg81usxvuDUxDPF0S8vs=,+ojsgpEcI8F18xP17+YZN6ez87A=
-69,74,1pOO1rrEg81usxvuDUxDPF0S8vs=,+ojsgpEcI8F18xP17+YZN6ez87A=
-70,74,1pOO1rrEg81usxvuDUxDPF0S8vs=,+ojsgpEcI8F18xP17+YZN6ez87A=
-71,74,1pOO1rrEg81usxvuDUxDPF0S8vs=,+ojsgpEcI8F18xP17+YZN6ez87A=
-72,74,1pOO1rrEg81usxvuDUxDPF0S8vs=,+ojsgpEcI8F18xP17+YZN6ez87A=
-73,74,1pOO1rrEg81usxvuDUxDPF0S8vs=,+ojsgpEcI8F18xP17+YZN6ez87A=
-73,68,1pOO1rrEg81usxvuDUxDPF0S8vs=,+ojsgpEcI8F18xP17+YZN6ez87A=
-72,68,1pOO1rrEg81usxvuDUxDPF0S8vs=,+ojsgpEcI8F18xP17+YZN6ez87A=
-71,68,1pOO1rrEg81usxvuDUxDPF0S8vs=,+ojsgpEcI8F18xP17+YZN6ez87A=
-70,68,1pOO1rrEg81usxvuDUxDPF0S8vs=,+ojsgpEcI8F18xP17+YZN6ez87A=
-69,68,1pOO1rrEg81usxvuDUxDPF0S8vs=,+ojsgpEcI8F18xP17+YZN6ez87A=
-68,68,1pOO1rrEg81usxvuDUxDPF0S8vs=,+ojsgpEcI8F18xP17+YZN6ez87A=
-67,68,1pOO1rrEg81usxvuDUxDPF0S8vs=,+ojsgpEcI8F18xP17+YZN6ez87A=
-66,68,1pOO1rrEg81usxvuDUxDPF0S8vs=,+ojsgpEcI8F18xP17+YZN6ez87A=
-74,74,1pOO1rrEg81usxvuDUxDPF0S8vs=,+ojsgpEcI8F18xP17+YZN6ez87A=
-79,75,1pOO1rrEg81usxvuDUxDPF0S8vs=,+ojsgpEcI8F18xP17+YZN6ez87A=
-73,65,1pOO1rrEg81usxvuDUxDPF0S8vs=,+ojsgpEcI8F18xP17+YZN6ez87A=
-65,68,1pOO1rrEg81usxvuDUxDPF0S8vs=,+ojsgpEcI8F18xP17+YZN6ez87A=
-78,76,1pOO1rrEg81usxvuDUxDPF0S8vs=,+ojsgpEcI8F18xP17+YZN6ez87A=
-80,76,1pOO1rrEg81usxvuDUxDPF0S8vs=,+ojsgpEcI8F18xP17+YZN6ez87A=
-76,74,1pOO1rrEg81usxvuDUxDPF0S8vs=,+ojsgpEcI8F18xP17+YZN6ez87A=
-80,69,1pOO1rrEg81usxvuDUxDPF0S8vs=,+ojsgpEcI8F18xP17+YZN6ez87A=
-78,75,1pOO1rrEg81usxvuDUxDPF0S8vs=,+ojsgpEcI8F18xP17+YZN6ez87A=
-67,66,1pOO1rrEg81usxvuDUxDPF0S8vs=,+ojsgpEcI8F18xP17+YZN6ez87A=
-75,74,1pOO1rrEg81usxvuDUxDPF0S8vs=,+ojsgpEcI8F18xP17+YZN6ez87A=
-65,73,1pOO1rrEg81usxvuDUxDPF0S8vs=,+ojsgpEcI8F18xP17+YZN6ez87A=
-68,65,1pOO1rrEg81usxvuDUxDPF0S8vs=,+ojsgpEcI8F18xP17+YZN6ez87A=
-66,73,1pOO1rrEg81usxvuDUxDPF0S8vs=,+ojsgpEcI8F18xP17+YZN6ez87A=
-67,73,1pOO1rrEg81usxvuDUxDPF0S8vs=,+ojsgpEcI8F18xP17+YZN6ez87A=
-68,73,1pOO1rrEg81usxvuDUxDPF0S8vs=,+ojsgpEcI8F18xP17+YZN6ez87A=
-69,73,1pOO1rrEg81usxvuDUxDPF0S8vs=,+ojsgpEcI8F18xP17+YZN6ez87A=
-70,73,1pOO1rrEg81usxvuDUxDPF0S8vs=,+ojsgpEcI8F18xP17+YZN6ez87A=
-71,73,1pOO1rrEg81usxvuDUxDPF0S8vs=,+ojsgpEcI8F18xP17+YZN6ez87A=
-72,73,1pOO1rrEg81usxvuDUxDPF0S8vs=,+ojsgpEcI8F18xP17+YZN6ez87A=
-73,73,1pOO1rrEg81usxvuDUxDPF0S8vs=,+ojsgpEcI8F18xP17+YZN6ez87A=
-72,66,1pOO1rrEg81usxvuDUxDPF0S8vs=,+ojsgpEcI8F18xP17+YZN6ez87A=
-79,74,1pOO1rrEg81usxvuDUxDPF0S8vs=,+ojsgpEcI8F18xP17+YZN6ez87A=
-80,75,1pOO1rrEg81usxvuDUxDPF0S8vs=,+ojsgpEcI8F18xP17+YZN6ez87A=
-77,74,1pOO1rrEg81usxvuDUxDPF0S8vs=,+ojsgpEcI8F18xP17+YZN6ez87A=
-75,73,1pOO1rrEg81usxvuDUxDPF0S8vs=,+ojsgpEcI8F18xP17+YZN6ez87A=
-79,69,1pOO1rrEg81usxvuDUxDPF0S8vs=,+ojsgpEcI8F18xP17+YZN6ez87A=
-78,74,1pOO1rrEg81usxvuDUxDPF0S8vs=,+ojsgpEcI8F18xP17+YZN6ez87A=
-74,73,1pOO1rrEg81usxvuDUxDPF0S8vs=,+ojsgpEcI8F18xP17+YZN6ez87A=
-68,66,1pOO1rrEg81usxvuDUxDPF0S8vs=,+ojsgpEcI8F18xP17+YZN6ez87A=
-78,69,1pOO1rrEg81usxvuDUxDPF0S8vs=,+ojsgpEcI8F18xP17+YZN6ez87A=
-77,69,1pOO1rrEg81usxvuDUxDPF0S8vs=,+ojsgpEcI8F18xP17+YZN6ez87A=
-78,73,1pOO1rrEg81usxvuDUxDPF0S8vs=,+ojsgpEcI8F18xP17+YZN6ez87A=
-69,65,1pOO1rrEg81usxvuDUxDPF0S8vs=,+ojsgpEcI8F18xP17+YZN6ez87A=
-65,72,1pOO1rrEg81usxvuDUxDPF0S8vs=,+ojsgpEcI8F18xP17+YZN6ez87A=
-66,72,1pOO1rrEg81usxvuDUxDPF0S8vs=,+ojsgpEcI8F18xP17+YZN6ez87A=
-67,72,1pOO1rrEg81usxvuDUxDPF0S8vs=,+ojsgpEcI8F18xP17+YZN6ez87A=
-68,72,1pOO1rrEg81usxvuDUxDPF0S8vs=,+ojsgpEcI8F18xP17+YZN6ez87A=
-69,72,1pOO1rrEg81usxvuDUxDPF0S8vs=,+ojsgpEcI8F18xP17+YZN6ez87A=
-70,72,1pOO1rrEg81usxvuDUxDPF0S8vs=,+ojsgpEcI8F18xP17+YZN6ez87A=
-71,72,1pOO1rrEg81usxvuDUxDPF0S8vs=,+ojsgpEcI8F18xP17+YZN6ez87A=
-72,72,1pOO1rrEg81usxvuDUxDPF0S8vs=,+ojsgpEcI8F18xP17+YZN6ez87A=
-73,72,1pOO1rrEg81usxvuDUxDPF0S8vs=,+ojsgpEcI8F18xP17+YZN6ez87A=
-76,73,1pOO1rrEg81usxvuDUxDPF0S8vs=,+ojsgpEcI8F18xP17+YZN6ez87A=
-76,69,1pOO1rrEg81usxvuDUxDPF0S8vs=,+ojsgpEcI8F18xP17+YZN6ez87A=
-79,73,1pOO1rrEg81usxvuDUxDPF0S8vs=,+ojsgpEcI8F18xP17+YZN6ez87A=
-74,72,1pOO1rrEg81usxvuDUxDPF0S8vs=,+ojsgpEcI8F18xP17+YZN6ez87A=
-77,73,1pOO1rrEg81usxvuDUxDPF0S8vs=,+ojsgpEcI8F18xP17+YZN6ez87A=
-80,74,1pOO1rrEg81usxvuDUxDPF0S8vs=,+ojsgpEcI8F18xP17+YZN6ez87A=
-76,72,1pOO1rrEg81usxvuDUxDPF0S8vs=,+ojsgpEcI8F18xP17+YZN6ez87A=
-69,66,1pOO1rrEg81usxvuDUxDPF0S8vs=,+ojsgpEcI8F18xP17+YZN6ez87A=
-75,69,1pOO1rrEg81usxvuDUxDPF0S8vs=,+ojsgpEcI8F18xP17+YZN6ez87A=
-75,72,1pOO1rrEg81usxvuDUxDPF0S8vs=,+ojsgpEcI8F18xP17+YZN6ez87A=
-70,65,1pOO1rrEg81usxvuDUxDPF0S8vs=,+ojsgpEcI8F18xP17+YZN6ez87A=
-65,71,1pOO1rrEg81usxvuDUxDPF0S8vs=,+ojsgpEcI8F18xP17+YZN6ez87A=
-66,71,1pOO1rrEg81usxvuDUxDPF0S8vs=,+ojsgpEcI8F18xP17+YZN6ez87A=
-67,71,1pOO1rrEg81usxvuDUxDPF0S8vs=,+ojsgpEcI8F18xP17+YZN6ez87A=
-68,71,1pOO1rrEg81usxvuDUxDPF0S8vs=,+ojsgpEcI8F18xP17+YZN6ez87A=
-69,71,1pOO1rrEg81usxvuDUxDPF0S8vs=,+ojsgpEcI8F18xP17+YZN6ez87A=
-70,71,1pOO1rrEg81usxvuDUxDPF0S8vs=,+ojsgpEcI8F18xP17+YZN6ez87A=
-71,71,1pOO1rrEg81usxvuDUxDPF0S8vs=,+ojsgpEcI8F18xP17+YZN6ez87A=
-72,71,1pOO1rrEg81usxvuDUxDPF0S8vs=,+ojsgpEcI8F18xP17+YZN6ez87A=
-79,72,1pOO1rrEg81usxvuDUxDPF0S8vs=,+ojsgpEcI8F18xP17+YZN6ez87A=
-73,71,1pOO1rrEg81usxvuDUxDPF0S8vs=,+ojsgpEcI8F18xP17+YZN6ez87A=
-80,72,1pOO1rrEg81usxvuDUxDPF0S8vs=,+ojsgpEcI8F18xP17+YZN6ez87A=
-77,72,1pOO1rrEg81usxvuDUxDPF0S8vs=,+ojsgpEcI8F18xP17+YZN6ez87A=
-80,73,1pOO1rrEg81usxvuDUxDPF0S8vs=,+ojsgpEcI8F18xP17+YZN6ez87A=
-76,71,1pOO1rrEg81usxvuDUxDPF0S8vs=,+ojsgpEcI8F18xP17+YZN6ez87A=
-78,72,1pOO1rrEg81usxvuDUxDPF0S8vs=,+ojsgpEcI8F18xP17+YZN6ez87A=
-70,66,1pOO1rrEg81usxvuDUxDPF0S8vs=,+ojsgpEcI8F18xP17+YZN6ez87A=
-74,69,1pOO1rrEg81usxvuDUxDPF0S8vs=,+ojsgpEcI8F18xP17+YZN6ez87A=
-77,71,1pOO1rrEg81usxvuDUxDPF0S8vs=,+ojsgpEcI8F18xP17+YZN6ez87A=
-71,65,1pOO1rrEg81usxvuDUxDPF0S8vs=,+ojsgpEcI8F18xP17+YZN6ez87A=
-65,70,1pOO1rrEg81usxvuDUxDPF0S8vs=,+ojsgpEcI8F18xP17+YZN6ez87A=
-66,70,1pOO1rrEg81usxvuDUxDPF0S8vs=,+ojsgpEcI8F18xP17+YZN6ez87A=
-67,70,1pOO1rrEg81usxvuDUxDPF0S8vs=,+ojsgpEcI8F18xP17+YZN6ez87A=
-68,70,1pOO1rrEg81usxvuDUxDPF0S8vs=,+ojsgpEcI8F18xP17+YZN6ez87A=
-69,70,1pOO1rrEg81usxvuDUxDPF0S8vs=,+ojsgpEcI8F18xP17+YZN6ez87A=
-70,70,1pOO1rrEg81usxvuDUxDPF0S8vs=,+ojsgpEcI8F18xP17+YZN6ez87A=
-71,70,1pOO1rrEg81usxvuDUxDPF0S8vs=,+ojsgpEcI8F18xP17+YZN6ez87A=
-72,70,1pOO1rrEg81usxvuDUxDPF0S8vs=,+ojsgpEcI8F18xP17+YZN6ez87A=
-78,71,1pOO1rrEg81usxvuDUxDPF0S8vs=,+ojsgpEcI8F18xP17+YZN6ez87A=
-73,69,1pOO1rrEg81usxvuDUxDPF0S8vs=,+ojsgpEcI8F18xP17+YZN6ez87A=
-72,69,1pOO1rrEg81usxvuDUxDPF0S8vs=,+ojsgpEcI8F18xP17+YZN6ez87A=
-71,69,1pOO1rrEg81usxvuDUxDPF0S8vs=,+ojsgpEcI8F18xP17+YZN6ez87A=
-70,69,1pOO1rrEg81usxvuDUxDPF0S8vs=,+ojsgpEcI8F18xP17+YZN6ez87A=
-69,69,1pOO1rrEg81usxvuDUxDPF0S8vs=,+ojsgpEcI8F18xP17+YZN6ez87A=
-68,69,1pOO1rrEg81usxvuDUxDPF0S8vs=,+ojsgpEcI8F18xP17+YZN6ez87A=
-67,69,1pOO1rrEg81usxvuDUxDPF0S8vs=,+ojsgpEcI8F18xP17+YZN6ez87A=
-66,69,1pOO1rrEg81usxvuDUxDPF0S8vs=,+ojsgpEcI8F18xP17+YZN6ez87A=
-65,69,1pOO1rrEg81usxvuDUxDPF0S8vs=,+ojsgpEcI8F18xP17+YZN6ez87A=
-74,71,1pOO1rrEg81usxvuDUxDPF0S8vs=,+ojsgpEcI8F18xP17+YZN6ez87A=
-72,65,1pOO1rrEg81usxvuDUxDPF0S8vs=,+ojsgpEcI8F18xP17+YZN6ez87A=
-73,70,1pOO1rrEg81usxvuDUxDPF0S8vs=,+ojsgpEcI8F18xP17+YZN6ez87A=
-79,71,1pOO1rrEg81usxvuDUxDPF0S8vs=,+ojsgpEcI8F18xP17+YZN6ez87A=
-75,71,1pOO1rrEg81usxvuDUxDPF0S8vs=,+ojsgpEcI8F18xP17+YZN6ez87A=
-78,70,1pOO1rrEg81usxvuDUxDPF0S8vs=,+ojsgpEcI8F18xP17+YZN6ez87A=
-71,66,1pOO1rrEg81usxvuDUxDPF0S8vs=,+ojsgpEcI8F18xP17+YZN6ez87A=
-79,70,1pOO1rrEg81usxvuDUxDPF0S8vs=,+ojsgpEcI8F18xP17+YZN6ez87A=
-80,70,1pOO1rrEg81usxvuDUxDPF0S8vs=,+ojsgpEcI8F18xP17+YZN6ez87A=
-76,70,1pOO1rrEg81usxvuDUxDPF0S8vs=,+ojsgpEcI8F18xP17+YZN6ez87A=
-77,70,1pOO1rrEg81usxvuDUxDPF0S8vs=,+ojsgpEcI8F18xP17+YZN6ez87A=
-80,71,1pOO1rrEg81usxvuDUxDPF0S8vs=,+ojsgpEcI8F18xP17+YZN6ez87A=
-75,70,1pOO1rrEg81usxvuDUxDPF0S8vs=,+ojsgpEcI8F18xP17+YZN6ez87A=
-74,70,1pOO1rrEg81usxvuDUxDPF0S8vs=,+ojsgpEcI8F18xP17+YZN6ez87A=
