7,99,UoQ7Ero2za6r3u8ZEspgTQQ4TTU=,351WZa0Ux51nGyW9XoHd0FboRxw=
5,96,NtfyF/BjzxIk49bj8DmLkU5X9Mk=,351WZa0Ux51nGyW9XoHd0FboRxw=
6,98,NtfyF/BjzxIk49bj8DmLkU5X9Mk=,351WZa0Ux51nGyW9XoHd0FboRxw=
6,99,NtfyF/BjzxIk49bj8DmLkU5X9Mk=,351WZa0Ux51nGyW9XoHd0FboRxw=
5,99,NtfyF/BjzxIk49bj8DmLkU5X9Mk=,351WZa0Ux51nGyW9XoHd0FboRxw=
3,96,NtfyF/BjzxIk49bj8DmLkU5X9Mk=,351WZa0Ux51nGyW9XoHd0FboRxw=
5,98,NtfyF/BjzxIk49bj8DmLkU5X9Mk=,351WZa0Ux51nGyW9XoHd0FboRxw=
4,99,NtfyF/BjzxIk49bj8DmLkU5X9Mk=,351WZa0Ux51nGyW9XoHd0FboRxw=
3,99,NtfyF/BjzxIk49bj8DmLkU5X9Mk=,351WZa0Ux51nGyW9XoHd0FboRxw=
5,97,NtfyF/BjzxIk49bj8DmLkU5X9Mk=,351WZa0Ux51nGyW9XoHd0FboRxw=
2,99,NtfyF/BjzxIk49bj8DmLkU5X9Mk=,351WZa0Ux51nGyW9XoHd0FboRxw=
1,96,NtfyF/BjzxIk49bj8DmLkU5X9Mk=,351WZa0Ux51nGyW9XoHd0FboRxw=
4,98,NtfyF/BjzxIk49bj8DmLkU5X9Mk=,351WZa0Ux51nGyW9XoHd0FboRxw=
15,111,NtfyF/BjzxIk49bj8DmLkU5X9Mk=,351WZa0Ux51nGyW9XoHd0FboRxw=
14,111,NtfyF/BjzxIk49bj8DmLkU5X9Mk=,351WZa0Ux51nGyW9XoHd0FboRxw=
13,111,NtfyF/BjzxIk49bj8DmLkU5X9Mk=,351WZa0Ux51nGyW9XoHd0FboRxw=
12,111,NtfyF/BjzxIk49bj8DmLkU5X9Mk=,351WZa0Ux51nGyW9XoHd0FboRxw=
10,111,NtfyF/BjzxIk49bj8DmLkU5X9Mk=,351WZa0Ux51nGyW9XoHd0FboRxw=
11,111,NtfyF/BjzxIk49bj8DmLkU5X9Mk=,351WZa0Ux51nGyW9XoHd0FboRxw=
8,111,NtfyF/BjzxIk49bj8DmLkU5X9Mk=,351WZa0Ux51nGyW9XoHd0FboRxw=
9,111,NtfyF/BjzxIk49bj8DmLkU5X9Mk=,351WZa0Ux51nGyW9XoHd0FboRxw=
7,111,NtfyF/BjzxIk49bj8DmLkU5X9Mk=,351WZa0Ux51nGyW9XoHd0FboRxw=
6,111,NtfyF/BjzxIk49bj8DmLkU5X9Mk=,351WZa0Ux51nGyW9XoHd0FboRxw=
4,97,NtfyF/BjzxIk49bj8DmLkU5X9Mk=,351WZa0Ux51nGyW9XoHd0FboRxw=
3,111,NtfyF/BjzxIk49bj8DmLkU5X9Mk=,351WZa0Ux51nGyW9XoHd0FboRxw=
4,111,NtfyF/BjzxIk49bj8DmLkU5X9Mk=,351WZa0Ux51nGyW9XoHd0FboRxw=
4,96,NtfyF/BjzxIk49bj8DmLkU5X9Mk=,351WZa0Ux51nGyW9XoHd0FboRxw=
3,98,NtfyF/BjzxIk49bj8DmLkU5X9Mk=,351WZa0Ux51nGyW9XoHd0FboRxw=
1,99,NtfyF/BjzxIk49bj8DmLkU5X9Mk=,351WZa0Ux51nGyW9XoHd0FboRxw=
15,110,NtfyF/BjzxIk49bj8DmLkU5X9Mk=,351WZa0Ux51nGyW9XoHd0FboRxw=
14,110,NtfyF/BjzxIk49bj8DmLkU5X9Mk=,351WZa0Ux51nGyW9XoHd0FboRxw=
13,110,NtfyF/BjzxIk49bj8DmLkU5X9Mk=,351WZa0Ux51nGyW9XoHd0FboRxw=
12,110,NtfyF/BjzxIk49bj8DmLkU5X9Mk=,351WZa0Ux51nGyW9XoHd0FboRxw=
11,110,NtfyF/BjzxIk49bj8DmLkU5X9Mk=,351WZa0Ux51nGyW9XoHd0FboRxw=
10,110,NtfyF/BjzxIk49bj8DmLkU5X9Mk=,351WZa0Ux51nGyW9XoHd0FboRxw=
9,110,NtfyF/BjzxIk49bj8DmLkU5X9Mk=,351WZa0Ux51nGyW9XoHd0FboRxw=
8,110,NtfyF/BjzxIk49bj8DmLkU5X9Mk=,351WZa0Ux51nGyW9XoHd0FboRxw=
7,110,NtfyF/BjzxIk49bj8DmLkU5X9Mk=,351WZa0Ux51nGyW9XoHd0FboRxw=
6,110,NtfyF/BjzxIk49bj8DmLkU5X9Mk=,351WZa0Ux51nGyW9XoHd0FboRxw=
2,111,NtfyF/BjzxIk49bj8DmLkU5X9Mk=,351WZa0Ux51nGyW9XoHd0FboRxw=
5,110,NtfyF/BjzxIk49bj8DmLkU5X9Mk=,351WZa0Ux51nGyW9XoHd0FboRxw=
4,110,NtfyF/BjzxIk49bj8DmLkU5X9Mk=,351WZa0Ux51nGyW9XoHd0FboRxw=
0,111,NtfyF/BjzxIk49bj8DmLkU5X9Mk=,351WZa0Ux51nGyW9XoHd0FboRxw=
3,97,NtfyF/BjzxIk49bj8DmLkU5X9Mk=,351WZa0Ux51nGyW9XoHd0FboRxw=
2,98,NtfyF/BjzxIk49bj8DmLkU5X9Mk=,351WZa0Ux51nGyW9XoHd0FboRxw=
1,111,NtfyF/BjzxIk49bj8DmLkU5X9Mk=,351WZa0Ux51nGyW9XoHd0FboRxw=
15,109,NtfyF/BjzxIk49bj8DmLkU5X9Mk=,351WZa0Ux51nGyW9XoHd0FboRxw=
14,109,NtfyF/BjzxIk49bj8DmLkU5X9Mk=,351WZa0Ux51nGyW9XoHd0FboRxw=
13,109,NtfyF/BjzxIk49bj8DmLkU5X9Mk=,351WZa0Ux51nGyW9XoHd0FboRxw=
12,109,NtfyF/BjzxIk49bj8DmLkU5X9Mk=,351WZa0Ux51nGyW9XoHd0FboRxw=
10,109,NtfyF/BjzxIk49bj8DmLkU5X9Mk=,351WZa0Ux51nGyW9XoHd0FboRxw=
9,109,NtfyF/BjzxIk49bj8DmLkU5X9Mk=,351WZa0Ux51nGyW9XoHd0FboRxw=
8,109,NtfyF/BjzxIk49bj8DmLkU5X9Mk=,351WZa0Ux51nGyW9XoHd0FboRxw=
7,109,NtfyF/BjzxIk49bj8DmLkU5X9Mk=,351WZa0Ux51nGyW9XoHd0FboRxw=
11,109,NtfyF/BjzxIk49bj8DmLkU5X9Mk=,351WZa0Ux51nGyW9XoHd0FboRxw=
6,109,NtfyF/BjzxIk49bj8DmLkU5X9Mk=,351WZa0Ux51nGyW9XoHd0FboRxw=
5,109,NtfyF/BjzxIk49bj8DmLkU5X9Mk=,351WZa0Ux51nGyW9XoHd0FboRxw=
3,110,NtfyF/BjzxIk49bj8DmLkU5X9Mk=,351WZa0Ux51nGyW9XoHd0FboRxw=
0,110,NtfyF/BjzxIk49bj8DmLkU5X9Mk=,351WZa0Ux51nGyW9XoHd0FboRxw=
2,110,NtfyF/BjzxIk49bj8DmLkU5X9Mk=,351WZa0Ux51nGyW9XoHd0FboRxw=
1,110,NtfyF/BjzxIk49bj8DmLkU5X9Mk=,351WZa0Ux51nGyW9XoHd0FboRxw=
2,97,NtfyF/BjzxIk49bj8DmLkU5X9Mk=,351WZa0Ux51nGyW9XoHd0FboRxw=
1,98,NtfyF/BjzxIk49bj8DmLkU5X9Mk=,351WZa0Ux51nGyW9XoHd0FboRxw=
4,109,NtfyF/BjzxIk49bj8DmLkU5X9Mk=,351WZa0Ux51nGyW9XoHd0FboRxw=
15,108,NtfyF/BjzxIk49bj8DmLkU5X9Mk=,351WZa0Ux51nGyW9XoHd0FboRxw=
14,108,NtfyF/BjzxIk49bj8DmLkU5X9Mk=,351WZa0Ux51nGyW9XoHd0FboRxw=
12,108,NtfyF/BjzxIk49bj8DmLkU5X9Mk=,351WZa0Ux51nGyW9XoHd0FboRxw=
13,108,NtfyF/BjzxIk49bj8DmLkU5X9Mk=,351WZa0Ux51nGyW9XoHd0FboRxw=
11,108,NtfyF/BjzxIk49bj8DmLkU5X9Mk=,351WZa0Ux51nGyW9XoHd0FboRxw=
10,108,NtfyF/BjzxIk49bj8DmLkU5X9Mk=,351WZa0Ux51nGyW9XoHd0FboRxw=
9,108,NtfyF/BjzxIk49bj8DmLkU5X9Mk=,351WZa0Ux51nGyW9XoHd0FboRxw=
8,108,NtfyF/BjzxIk49bj8DmLkU5X9Mk=,351WZa0Ux51nGyW9XoHd0FboRxw=
5,111,NtfyF/BjzxIk49bj8DmLkU5X9Mk=,351WZa0Ux51nGyW9XoHd0FboRxw=
7,108,NtfyF/BjzxIk49bj8DmLkU5X9Mk=,351WZa0Ux51nGyW9XoHd0FboRxw=
1,109,NtfyF/BjzxIk49bj8DmLkU5X9Mk=,351WZa0Ux51nGyW9XoHd0FboRxw=
0,109,NtfyF/BjzxIk49bj8DmLkU5X9Mk=,351WZa0Ux51nGyW9XoHd0FboRxw=
5,108,NtfyF/BjzxIk49bj8DmLkU5X9Mk=,351WZa0Ux51nGyW9XoHd0FboRxw=
6,108,NtfyF/BjzxIk49bj8DmLkU5X9Mk=,351WZa0Ux51nGyW9XoHd0FboRxw=
1,108,NtfyF/BjzxIk49bj8DmLkU5X9Mk=,351WZa0Ux51nGyW9XoHd0FboRxw=
1,97,NtfyF/BjzxIk49bj8DmLkU5X9Mk=,351WZa0Ux51nGyW9XoHd0FboRxw=
0,97,NtfyF/BjzxIk49bj8DmLkU5X9Mk=,351WZa0Ux51nGyW9XoHd0FboRxw=
15,96,NtfyF/BjzxIk49bj8DmLkU5X9Mk=,351WZa0Ux51nGyW9XoHd0FboRxw=
2,96,NtfyF/BjzxIk49bj8DmLkU5X9Mk=,351WZa0Ux51nGyW9XoHd0FboRxw=
0,99,NtfyF/BjzxIk49bj8DmLkU5X9Mk=,351WZa0Ux51nGyW9XoHd0FboRxw=
15,98,NtfyF/BjzxIk49bj8DmLkU5X9Mk=,351WZa0Ux51nGyW9XoHd0FboRxw=
14,96,NtfyF/BjzxIk49bj8DmLkU5X9Mk=,351WZa0Ux51nGyW9XoHd0FboRxw=
0,98,NtfyF/BjzxIk49bj8DmLkU5X9Mk=,351WZa0Ux51nGyW9XoHd0FboRxw=
15,97,NtfyF/BjzxIk49bj8DmLkU5X9Mk=,351WZa0Ux51nGyW9XoHd0FboRxw=
15,107,NtfyF/BjzxIk49bj8DmLkU5X9Mk=,351WZa0Ux51nGyW9XoHd0FboRxw=
14,107,NtfyF/BjzxIk49bj8DmLkU5X9Mk=,351WZa0Ux51nGyW9XoHd0FboRxw=
13,107,NtfyF/BjzxIk49bj8DmLkU5X9Mk=,351WZa0Ux51nGyW9XoHd0FboRxw=
12,107,NtfyF/BjzxIk49bj8DmLkU5X9Mk=,351WZa0Ux51nGyW9XoHd0FboRxw=
11,107,NtfyF/BjzxIk49bj8DmLkU5X9Mk=,351WZa0Ux51nGyW9XoHd0FboRxw=
9,107,NtfyF/BjzxIk49bj8DmLkU5X9Mk=,351WZa0Ux51nGyW9XoHd0FboRxw=
14,97,NtfyF/BjzxIk49bj8DmLkU5X9Mk=,351WZa0Ux51nGyW9XoHd0FboRxw=
10,107,NtfyF/BjzxIk49bj8DmLkU5X9Mk=,351WZa0Ux51nGyW9XoHd0FboRxw=
8,107,NtfyF/BjzxIk49bj8DmLkU5X9Mk=,351WZa0Ux51nGyW9XoHd0FboRxw=
2,108,NtfyF/BjzxIk49bj8DmLkU5X9Mk=,351WZa0Ux51nGyW9XoHd0FboRxw=
4,108,NtfyF/BjzxIk49bj8DmLkU5X9Mk=,351WZa0Ux51nGyW9XoHd0FboRxw=
2,109,NtfyF/BjzxIk49bj8DmLkU5X9Mk=,351WZa0Ux51nGyW9XoHd0FboRxw=
3,109,NtfyF/BjzxIk49bj8DmLkU5X9Mk=,351WZa0Ux51nGyW9XoHd0FboRxw=
0,108,NtfyF/BjzxIk49bj8DmLkU5X9Mk=,351WZa0Ux51nGyW9XoHd0FboRxw=
4,107,NtfyF/BjzxIk49bj8DmLkU5X9Mk=,351WZa0Ux51nGyW9XoHd0FboRxw=
6,107,NtfyF/BjzxIk49bj8DmLkU5X9Mk=,351WZa0Ux51nGyW9XoHd0FboRxw=
3,107,NtfyF/BjzxIk49bj8DmLkU5X9Mk=,351WZa0Ux51nGyW9XoHd0FboRxw=
13,96,NtfyF/BjzxIk49bj8DmLkU5X9Mk=,351WZa0Ux51nGyW9XoHd0FboRxw=
14,98,NtfyF/BjzxIk49bj8DmLkU5X9Mk=,351WZa0Ux51nGyW9XoHd0FboRxw=
15,106,NtfyF/BjzxIk49bj8DmLkU5X9Mk=,351WZa0Ux51nGyW9XoHd0FboRxw=
13,97,NtfyF/BjzxIk49bj8DmLkU5X9Mk=,351WZa0Ux51nGyW9XoHd0FboRxw=
14,106,NtfyF/BjzxIk49bj8DmLkU5X9Mk=,351WZa0Ux51nGyW9XoHd0FboRxw=
13,106,NtfyF/BjzxIk49bj8DmLkU5X9Mk=,351WZa0Ux51nGyW9XoHd0FboRxw=
11,106,NtfyF/BjzxIk49bj8DmLkU5X9Mk=,351WZa0Ux51nGyW9XoHd0FboRxw=
12,106,NtfyF/BjzxIk49bj8DmLkU5X9Mk=,351WZa0Ux51nGyW9XoHd0FboRxw=
10,106,NtfyF/BjzxIk49bj8DmLkU5X9Mk=,351WZa0Ux51nGyW9XoHd0FboRxw=
9,106,NtfyF/BjzxIk49bj8DmLkU5X9Mk=,351WZa0Ux51nGyW9XoHd0FboRxw=
8,106,NtfyF/BjzxIk49bj8DmLkU5X9Mk=,351WZa0Ux51nGyW9XoHd0FboRxw=
1,107,NtfyF/BjzxIk49bj8DmLkU5X9Mk=,351WZa0Ux51nGyW9XoHd0FboRxw=
5,107,NtfyF/BjzxIk49bj8DmLkU5X9Mk=,351WZa0Ux51nGyW9XoHd0FboRxw=
0,107,NtfyF/BjzxIk49bj8DmLkU5X9Mk=,351WZa0Ux51nGyW9XoHd0FboRxw=
7,107,NtfyF/BjzxIk49bj8DmLkU5X9Mk=,351WZa0Ux51nGyW9XoHd0FboRxw=
2,107,NtfyF/BjzxIk49bj8DmLkU5X9Mk=,351WZa0Ux51nGyW9XoHd0FboRxw=
3,108,NtfyF/BjzxIk49bj8DmLkU5X9Mk=,351WZa0Ux51nGyW9XoHd0FboRxw=
7,106,NtfyF/BjzxIk49bj8DmLkU5X9Mk=,351WZa0Ux51nGyW9XoHd0FboRxw=
13,98,NtfyF/BjzxIk49bj8DmLkU5X9Mk=,351WZa0Ux51nGyW9XoHd0FboRxw=
4,106,NtfyF/BjzxIk49bj8DmLkU5X9Mk=,351WZa0Ux51nGyW9XoHd0FboRxw=
12,96,NtfyF/BjzxIk49bj8DmLkU5X9Mk=,351WZa0Ux51nGyW9XoHd0FboRxw=
15,105,NtfyF/BjzxIk49bj8DmLkU5X9Mk=,351WZa0Ux51nGyW9XoHd0FboRxw=
12,97,NtfyF/BjzxIk49bj8DmLkU5X9Mk=,351WZa0Ux51nGyW9XoHd0FboRxw=
14,105,NtfyF/BjzxIk49bj8DmLkU5X9Mk=,351WZa0Ux51nGyW9XoHd0FboRxw=
13,105,NtfyF/BjzxIk49bj8DmLkU5X9Mk=,351WZa0Ux51nGyW9XoHd0FboRxw=
12,105,NtfyF/BjzxIk49bj8DmLkU5X9Mk=,351WZa0Ux51nGyW9XoHd0FboRxw=
11,105,NtfyF/BjzxIk49bj8DmLkU5X9Mk=,351WZa0Ux51nGyW9XoHd0FboRxw=
10,105,NtfyF/BjzxIk49bj8DmLkU5X9Mk=,351WZa0Ux51nGyW9XoHd0FboRxw=
9,105,NtfyF/BjzxIk49bj8DmLkU5X9Mk=,351WZa0Ux51nGyW9XoHd0FboRxw=
8,105,NtfyF/BjzxIk49bj8DmLkU5X9Mk=,351WZa0Ux51nGyW9XoHd0FboRxw=
1,106,NtfyF/BjzxIk49bj8DmLkU5X9Mk=,351WZa0Ux51nGyW9XoHd0FboRxw=
7,105,NtfyF/BjzxIk49bj8DmLkU5X9Mk=,351WZa0Ux51nGyW9XoHd0FboRxw=
0,106,NtfyF/BjzxIk49bj8DmLkU5X9Mk=,351WZa0Ux51nGyW9XoHd0FboRxw=
2,106,NtfyF/BjzxIk49bj8DmLkU5X9Mk=,351WZa0Ux51nGyW9XoHd0FboRxw=
6,106,NtfyF/BjzxIk49bj8DmLkU5X9Mk=,351WZa0Ux51nGyW9XoHd0FboRxw=
3,106,NtfyF/BjzxIk49bj8DmLkU5X9Mk=,351WZa0Ux51nGyW9XoHd0FboRxw=
5,106,NtfyF/BjzxIk49bj8DmLkU5X9Mk=,351WZa0Ux51nGyW9XoHd0FboRxw=
12,98,NtfyF/BjzxIk49bj8DmLkU5X9Mk=,351WZa0Ux51nGyW9XoHd0FboRxw=
1,105,NtfyF/BjzxIk49bj8DmLkU5X9Mk=,351WZa0Ux51nGyW9XoHd0FboRxw=
11,96,NtfyF/BjzxIk49bj8DmLkU5X9Mk=,351WZa0Ux51nGyW9XoHd0FboRxw=
15,104,NtfyF/BjzxIk49bj8DmLkU5X9Mk=,351WZa0Ux51nGyW9XoHd0FboRxw=
11,97,NtfyF/BjzxIk49bj8DmLkU5X9Mk=,351WZa0Ux51nGyW9XoHd0FboRxw=
14,104,NtfyF/BjzxIk49bj8DmLkU5X9Mk=,351WZa0Ux51nGyW9XoHd0FboRxw=
13,104,NtfyF/BjzxIk49bj8DmLkU5X9Mk=,351WZa0Ux51nGyW9XoHd0FboRxw=
12,104,NtfyF/BjzxIk49bj8DmLkU5X9Mk=,351WZa0Ux51nGyW9XoHd0FboRxw=
11,104,NtfyF/BjzxIk49bj8DmLkU5X9Mk=,351WZa0Ux51nGyW9XoHd0FboRxw=
10,104,NtfyF/BjzxIk49bj8DmLkU5X9Mk=,351WZa0Ux51nGyW9XoHd0FboRxw=
9,104,NtfyF/BjzxIk49bj8DmLkU5X9Mk=,351WZa0Ux51nGyW9XoHd0FboRxw=
8,104,NtfyF/BjzxIk49bj8DmLkU5X9Mk=,351WZa0Ux51nGyW9XoHd0FboRxw=
7,104,NtfyF/BjzxIk49bj8DmLkU5X9Mk=,351WZa0Ux51nGyW9XoHd0FboRxw=
2,105,NtfyF/BjzxIk49bj8DmLkU5X9Mk=,351WZa0Ux51nGyW9XoHd0FboRxw=
5,105,NtfyF/BjzxIk49bj8DmLkU5X9Mk=,351WZa0Ux51nGyW9XoHd0FboRxw=
6,104,NtfyF/BjzxIk49bj8DmLkU5X9Mk=,351WZa0Ux51nGyW9XoHd0FboRxw=
0,105,NtfyF/BjzxIk49bj8DmLkU5X9Mk=,351WZa0Ux51nGyW9XoHd0FboRxw=
2,104,NtfyF/BjzxIk49bj8DmLkU5X9Mk=,351WZa0Ux51nGyW9XoHd0FboRxw=
1,104,NtfyF/BjzxIk49bj8DmLkU5X9Mk=,351WZa0Ux51nGyW9XoHd0FboRxw=
6,105,NtfyF/BjzxIk49bj8DmLkU5X9Mk=,351WZa0Ux51nGyW9XoHd0FboRxw=
10,96,NtfyF/BjzxIk49bj8DmLkU5X9Mk=,351WZa0Ux51nGyW9XoHd0FboRxw=
11,98,NtfyF/BjzxIk49bj8DmLkU5X9Mk=,351WZa0Ux51nGyW9XoHd0FboRxw=
10,97,NtfyF/BjzxIk49bj8DmLkU5X9Mk=,351WZa0Ux51nGyW9XoHd0FboRxw=
15,103,NtfyF/BjzxIk49bj8DmLkU5X9Mk=,351WZa0Ux51nGyW9XoHd0FboRxw=
14,103,NtfyF/BjzxIk49bj8DmLkU5X9Mk=,351WZa0Ux51nGyW9XoHd0FboRxw=
13,103,NtfyF/BjzxIk49bj8DmLkU5X9Mk=,351WZa0Ux51nGyW9XoHd0FboRxw=
12,103,NtfyF/BjzxIk49bj8DmLkU5X9Mk=,351WZa0Ux51nGyW9XoHd0FboRxw=
11,103,NtfyF/BjzxIk49bj8DmLkU5X9Mk=,351WZa0Ux51nGyW9XoHd0FboRxw=
10,103,NtfyF/BjzxIk49bj8DmLkU5X9Mk=,351WZa0Ux51nGyW9XoHd0FboRxw=
9,103,NtfyF/BjzxIk49bj8DmLkU5X9Mk=,351WZa0Ux51nGyW9XoHd0FboRxw=
8,103,NtfyF/BjzxIk49bj8DmLkU5X9Mk=,351WZa0Ux51nGyW9XoHd0FboRxw=
7,103,NtfyF/BjzxIk49bj8DmLkU5X9Mk=,351WZa0Ux51nGyW9XoHd0FboRxw=
6,103,NtfyF/BjzxIk49bj8DmLkU5X9Mk=,351WZa0Ux51nGyW9XoHd0FboRxw=
4,105,NtfyF/BjzxIk49bj8DmLkU5X9Mk=,351WZa0Ux51nGyW9XoHd0FboRxw=
4,103,NtfyF/BjzxIk49bj8DmLkU5X9Mk=,351WZa0Ux51nGyW9XoHd0FboRxw=
3,103,NtfyF/BjzxIk49bj8DmLkU5X9Mk=,351WZa0Ux51nGyW9XoHd0FboRxw=
2,103,NtfyF/BjzxIk49bj8DmLkU5X9Mk=,351WZa0Ux51nGyW9XoHd0FboRxw=
0,96,NtfyF/BjzxIk49bj8DmLkU5X9Mk=,351WZa0Ux51nGyW9XoHd0FboRxw=
1,103,NtfyF/BjzxIk49bj8DmLkU5X9Mk=,351WZa0Ux51nGyW9XoHd0FboRxw=
10,98,NtfyF/BjzxIk49bj8DmLkU5X9Mk=,351WZa0Ux51nGyW9XoHd0FboRxw=
0,103,NtfyF/BjzxIk49bj8DmLkU5X9Mk=,351WZa0Ux51nGyW9XoHd0FboRxw=
9,96,NtfyF/BjzxIk49bj8DmLkU5X9Mk=,351WZa0Ux51nGyW9XoHd0FboRxw=
9,97,NtfyF/BjzxIk49bj8DmLkU5X9Mk=,351WZa0Ux51nGyW9XoHd0FboRxw=
15,102,NtfyF/BjzxIk49bj8DmLkU5X9Mk=,351WZa0Ux51nGyW9XoHd0FboRxw=
14,102,NtfyF/BjzxIk49bj8DmLkU5X9Mk=,351WZa0Ux51nGyW9XoHd0FboRxw=
13,102,NtfyF/BjzxIk49bj8DmLkU5X9Mk=,351WZa0Ux51nGyW9XoHd0FboRxw=
12,102,NtfyF/BjzxIk49bj8DmLkU5X9Mk=,351WZa0Ux51nGyW9XoHd0FboRxw=
11,102,NtfyF/BjzxIk49bj8DmLkU5X9Mk=,351WZa0Ux51nGyW9XoHd0FboRxw=
10,102,NtfyF/BjzxIk49bj8DmLkU5X9Mk=,351WZa0Ux51nGyW9XoHd0FboRxw=
9,102,NtfyF/BjzxIk49bj8DmLkU5X9Mk=,351WZa0Ux51nGyW9XoHd0FboRxw=
8,102,NtfyF/BjzxIk49bj8DmLkU5X9Mk=,351WZa0Ux51nGyW9XoHd0FboRxw=
7,102,NtfyF/BjzxIk49bj8DmLkU5X9Mk=,351WZa0Ux51nGyW9XoHd0FboRxw=
6,102,NtfyF/BjzxIk49bj8DmLkU5X9Mk=,351WZa0Ux51nGyW9XoHd0FboRxw=
5,102,NtfyF/BjzxIk49bj8DmLkU5X9Mk=,351WZa0Ux51nGyW9XoHd0FboRxw=
4,102,NtfyF/BjzxIk49bj8DmLkU5X9Mk=,351WZa0Ux51nGyW9XoHd0FboRxw=
3,102,NtfyF/BjzxIk49bj8DmLkU5X9Mk=,351WZa0Ux51nGyW9XoHd0FboRxw=
2,102,NtfyF/BjzxIk49bj8DmLkU5X9Mk=,351WZa0Ux51nGyW9XoHd0FboRxw=
1,102,NtfyF/BjzxIk49bj8DmLkU5X9Mk=,351WZa0Ux51nGyW9XoHd0FboRxw=
8,96,NtfyF/BjzxIk49bj8DmLkU5X9Mk=,351WZa0Ux51nGyW9XoHd0FboRxw=
9,98,NtfyF/BjzxIk49bj8DmLkU5X9Mk=,351WZa0Ux51nGyW9XoHd0FboRxw=
0,102,NtfyF/BjzxIk49bj8DmLkU5X9Mk=,351WZa0Ux51nGyW9XoHd0FboRxw=
8,97,NtfyF/BjzxIk49bj8DmLkU5X9Mk=,351WZa0Ux51nGyW9XoHd0FboRxw=
15,101,NtfyF/BjzxIk49bj8DmLkU5X9Mk=,351WZa0Ux51nGyW9XoHd0FboRxw=
14,101,NtfyF/BjzxIk49bj8DmLkU5X9Mk=,351WZa0Ux51nGyW9XoHd0FboRxw=
13,101,NtfyF/BjzxIk49bj8DmLkU5X9Mk=,351WZa0Ux51nGyW9XoHd0FboRxw=
12,101,NtfyF/BjzxIk49bj8DmLkU5X9Mk=,351WZa0Ux51nGyW9XoHd0FboRxw=
11,101,NtfyF/BjzxIk49bj8DmLkU5X9Mk=,351WZa0Ux51nGyW9XoHd0FboRxw=
10,101,NtfyF/BjzxIk49bj8DmLkU5X9Mk=,351WZa0Ux51nGyW9XoHd0FboRxw=
9,101,NtfyF/BjzxIk49bj8DmLkU5X9Mk=,351WZa0Ux51nGyW9XoHd0FboRxw=
8,101,NtfyF/BjzxIk49bj8DmLkU5X9Mk=,351WZa0Ux51nGyW9XoHd0FboRxw=
7,101,NtfyF/BjzxIk49bj8DmLkU5X9Mk=,351WZa0Ux51nGyW9XoHd0FboRxw=
6,101,NtfyF/BjzxIk49bj8DmLkU5X9Mk=,351WZa0Ux51nGyW9XoHd0FboRxw=
5,101,NtfyF/BjzxIk49bj8DmLkU5X9Mk=,351WZa0Ux51nGyW9XoHd0FboRxw=
4,101,NtfyF/BjzxIk49bj8DmLkU5X9Mk=,351WZa0Ux51nGyW9XoHd0FboRxw=
3,101,NtfyF/BjzxIk49bj8DmLkU5X9Mk=,351WZa0Ux51nGyW9XoHd0FboRxw=
2,101,NtfyF/BjzxIk49bj8DmLkU5X9Mk=,351WZa0Ux51nGyW9XoHd0FboRxw=
1,101,NtfyF/BjzxIk49bj8DmLkU5X9Mk=,351WZa0Ux51nGyW9XoHd0FboRxw=
7,96,NtfyF/BjzxIk49bj8DmLkU5X9Mk=,351WZa0Ux51nGyW9XoHd0FboRxw=
8,98,NtfyF/BjzxIk49bj8DmLkU5X9Mk=,351WZa0Ux51nGyW9XoHd0FboRxw=
0,101,NtfyF/BjzxIk49bj8DmLkU5X9Mk=,351WZa0Ux51nGyW9XoHd0FboRxw=
7,97,NtfyF/BjzxIk49bj8DmLkU5X9Mk=,351WZa0Ux51nGyW9XoHd0FboRxw=
15,100,NtfyF/BjzxIk49bj8DmLkU5X9Mk=,351WZa0Ux51nGyW9XoHd0FboRxw=
14,100,NtfyF/BjzxIk49bj8DmLkU5X9Mk=,351WZa0Ux51nGyW9XoHd0FboRxw=
13,100,NtfyF/BjzxIk49bj8DmLkU5X9Mk=,351WZa0Ux51nGyW9XoHd0FboRxw=
12,100,NtfyF/BjzxIk49bj8DmLkU5X9Mk=,351WZa0Ux51nGyW9XoHd0FboRxw=
11,100,NtfyF/BjzxIk49bj8DmLkU5X9Mk=,351WZa0Ux51nGyW9XoHd0FboRxw=
10,100,NtfyF/BjzxIk49bj8DmLkU5X9Mk=,351WZa0Ux51nGyW9XoHd0FboRxw=
9,100,NtfyF/BjzxIk49bj8DmLkU5X9Mk=,351WZa0Ux51nGyW9XoHd0FboRxw=
8,100,NtfyF/BjzxIk49bj8DmLkU5X9Mk=,351WZa0Ux51nGyW9XoHd0FboRxw=
7,100,NtfyF/BjzxIk49bj8DmLkU5X9Mk=,351WZa0Ux51nGyW9XoHd0FboRxw=
6,100,NtfyF/BjzxIk49bj8DmLkU5X9Mk=,351WZa0Ux51nGyW9XoHd0FboRxw=
5,100,NtfyF/BjzxIk49bj8DmLkU5X9Mk=,351WZa0Ux51nGyW9XoHd0FboRxw=
4,100,NtfyF/BjzxIk49bj8DmLkU5X9Mk=,351WZa0Ux51nGyW9XoHd0FboRxw=
3,100,NtfyF/BjzxIk49bj8DmLkU5X9Mk=,351WZa0Ux51nGyW9XoHd0FboRxw=
2,100,NtfyF/BjzxIk49bj8DmLkU5X9Mk=,351WZa0Ux51nGyW9XoHd0FboRxw=
1,100,NtfyF/BjzxIk49bj8DmLkU5X9Mk=,351WZa0Ux51nGyW9XoHd0FboRxw=
6,96,NtfyF/BjzxIk49bj8DmLkU5X9Mk=,351WZa0Ux51nGyW9XoHd0FboRxw=
7,98,NtfyF/BjzxIk49bj8DmLkU5X9Mk=,351WZa0Ux51nGyW9XoHd0FboRxw=
0,100,NtfyF/BjzxIk49bj8DmLkU5X9Mk=,351WZa0Ux51nGyW9XoHd0FboRxw=
6,97,NtfyF/BjzxIk49bj8DmLkU5X9Mk=,351WZa0Ux51nGyW9XoHd0FboRxw=
15,99,NtfyF/BjzxIk49bj8DmLkU5X9Mk=,351WZa0Ux51nGyW9XoHd0FboRxw=
14,99,NtfyF/BjzxIk49bj8DmLkU5X9Mk=,351WZa0Ux51nGyW9XoHd0FboRxw=
13,99,NtfyF/BjzxIk49bj8DmLkU5X9Mk=,351WZa0Ux51nGyW9XoHd0FboRxw=
12,99,NtfyF/BjzxIk49bj8DmLkU5X9Mk=,351WZa0Ux51nGyW9XoHd0FboRxw=
11,99,NtfyF/BjzxIk49bj8DmLkU5X9Mk=,351WZa0Ux51nGyW9XoHd0FboRxw=
10,99,NtfyF/BjzxIk49bj8DmLkU5X9Mk=,351WZa0Ux51nGyW9XoHd0FboRxw=
9,99,NtfyF/BjzxIk49bj8DmLkU5X9Mk=,351WZa0Ux51nGyW9XoHd0FboRxw=
8,99,NtfyF/BjzxIk49bj8DmLkU5X9Mk=,351WZa0Ux51nGyW9XoHd0FboRxw=
4,104,NtfyF/BjzxIk49bj8DmLkU5X9Mk=,351WZa0Ux51nGyW9XoHd0FboRxw=
5,104,NtfyF/BjzxIk49bj8DmLkU5X9Mk=,351WZa0Ux51nGyW9XoHd0FboRxw=
5,103,NtfyF/BjzxIk49bj8DmLkU5X9Mk=,351WZa0Ux51nGyW9XoHd0FboRxw=
3,104,NtfyF/BjzxIk49bj8DmLkU5X9Mk=,351WZa0Ux51nGyW9XoHd0FboRxw=
0,104,NtfyF/BjzxIk49bj8DmLkU5X9Mk=,351WZa0Ux51nGyW9XoHd0FboRxw=
3,105,NtfyF/BjzxIk49bj8DmLkU5X9Mk=,351WZa0Ux51nGyW9XoHd0FboRxw=
7,115,3UbKCHDTzzUnSHM22orTUy35yj4=,tZ8MZnQC6pd6W2JpKwZlStWTMx8=
6,114,3UbKCHDTzzUnSHM22orTUy35yj4=,tZ8MZnQC6pd6W2JpKwZlStWTMx8=
5,114,3UbKCHDTzzUnSHM22orTUy35yj4=,tZ8MZnQC6pd6W2JpKwZlStWTMx8=
5,113,3UbKCHDTzzUnSHM22orTUy35yj4=,tZ8MZnQC6pd6W2JpKwZlStWTMx8=
3,115,3UbKCHDTzzUnSHM22orTUy35yj4=,tZ8MZnQC6pd6W2JpKwZlStWTMx8=
6,115,3UbKCHDTzzUnSHM22orTUy35yj4=,tZ8MZnQC6pd6W2JpKwZlStWTMx8=
4,113,3UbKCHDTzzUnSHM22orTUy35yj4=,tZ8MZnQC6pd6W2JpKwZlStWTMx8=
4,115,3UbKCHDTzzUnSHM22orTUy35yj4=,tZ8MZnQC6pd6W2JpKwZlStWTMx8=
1,112,3UbKCHDTzzUnSHM22orTUy35yj4=,tZ8MZnQC6pd6W2JpKwZlStWTMx8=
5,115,3UbKCHDTzzUnSHM22orTUy35yj4=,tZ8MZnQC6pd6W2JpKwZlStWTMx8=
5,112,3UbKCHDTzzUnSHM22orTUy35yj4=,tZ8MZnQC6pd6W2JpKwZlStWTMx8=
15,127,3UbKCHDTzzUnSHM22orTUy35yj4=,tZ8MZnQC6pd6W2JpKwZlStWTMx8=
14,127,3UbKCHDTzzUnSHM22orTUy35yj4=,tZ8MZnQC6pd6W2JpKwZlStWTMx8=
13,127,3UbKCHDTzzUnSHM22orTUy35yj4=,tZ8MZnQC6pd6W2JpKwZlStWTMx8=
12,127,3UbKCHDTzzUnSHM22orTUy35yj4=,tZ8MZnQC6pd6W2JpKwZlStWTMx8=
11,127,3UbKCHDTzzUnSHM22orTUy35yj4=,tZ8MZnQC6pd6W2JpKwZlStWTMx8=
10,127,3UbKCHDTzzUnSHM22orTUy35yj4=,tZ8MZnQC6pd6W2JpKwZlStWTMx8=
9,127,3UbKCHDTzzUnSHM22orTUy35yj4=,tZ8MZnQC6pd6W2JpKwZlStWTMx8=
8,127,3UbKCHDTzzUnSHM22orTUy35yj4=,tZ8MZnQC6pd6W2JpKwZlStWTMx8=
7,127,3UbKCHDTzzUnSHM22orTUy35yj4=,tZ8MZnQC6pd6W2JpKwZlStWTMx8=
6,127,3UbKCHDTzzUnSHM22orTUy35yj4=,tZ8MZnQC6pd6W2JpKwZlStWTMx8=
5,127,3UbKCHDTzzUnSHM22orTUy35yj4=,tZ8MZnQC6pd6W2JpKwZlStWTMx8=
4,127,3UbKCHDTzzUnSHM22orTUy35yj4=,tZ8MZnQC6pd6W2JpKwZlStWTMx8=
3,127,3UbKCHDTzzUnSHM22orTUy35yj4=,tZ8MZnQC6pd6W2JpKwZlStWTMx8=
2,127,3UbKCHDTzzUnSHM22orTUy35yj4=,tZ8MZnQC6pd6W2JpKwZlStWTMx8=
1,127,3UbKCHDTzzUnSHM22orTUy35yj4=,tZ8MZnQC6pd6W2JpKwZlStWTMx8=
0,127,3UbKCHDTzzUnSHM22orTUy35yj4=,tZ8MZnQC6pd6W2JpKwZlStWTMx8=
4,114,3UbKCHDTzzUnSHM22orTUy35yj4=,tZ8MZnQC6pd6W2JpKwZlStWTMx8=
1,115,3UbKCHDTzzUnSHM22orTUy35yj4=,tZ8MZnQC6pd6W2JpKwZlStWTMx8=
15,126,3UbKCHDTzzUnSHM22orTUy35yj4=,tZ8MZnQC6pd6W2JpKwZlStWTMx8=
14,126,3UbKCHDTzzUnSHM22orTUy35yj4=,tZ8MZnQC6pd6W2JpKwZlStWTMx8=
13,126,3UbKCHDTzzUnSHM22orTUy35yj4=,tZ8MZnQC6pd6W2JpKwZlStWTMx8=
12,126,3UbKCHDTzzUnSHM22orTUy35yj4=,tZ8MZnQC6pd6W2JpKwZlStWTMx8=
11,126,3UbKCHDTzzUnSHM22orTUy35yj4=,tZ8MZnQC6pd6W2JpKwZlStWTMx8=
10,126,3UbKCHDTzzUnSHM22orTUy35yj4=,tZ8MZnQC6pd6W2JpKwZlStWTMx8=
9,126,3UbKCHDTzzUnSHM22orTUy35yj4=,tZ8MZnQC6pd6W2JpKwZlStWTMx8=
8,126,3UbKCHDTzzUnSHM22orTUy35yj4=,tZ8MZnQC6pd6W2JpKwZlStWTMx8=
7,126,3UbKCHDTzzUnSHM22orTUy35yj4=,tZ8MZnQC6pd6W2JpKwZlStWTMx8=
6,126,3UbKCHDTzzUnSHM22orTUy35yj4=,tZ8MZnQC6pd6W2JpKwZlStWTMx8=
5,126,3UbKCHDTzzUnSHM22orTUy35yj4=,tZ8MZnQC6pd6W2JpKwZlStWTMx8=
4,126,3UbKCHDTzzUnSHM22orTUy35yj4=,tZ8MZnQC6pd6W2JpKwZlStWTMx8=
3,126,3UbKCHDTzzUnSHM22orTUy35yj4=,tZ8MZnQC6pd6W2JpKwZlStWTMx8=
2,126,3UbKCHDTzzUnSHM22orTUy35yj4=,tZ8MZnQC6pd6W2JpKwZlStWTMx8=
1,126,3UbKCHDTzzUnSHM22orTUy35yj4=,tZ8MZnQC6pd6W2JpKwZlStWTMx8=
3,114,3UbKCHDTzzUnSHM22orTUy35yj4=,tZ8MZnQC6pd6W2JpKwZlStWTMx8=
4,112,3UbKCHDTzzUnSHM22orTUy35yj4=,tZ8MZnQC6pd6W2JpKwZlStWTMx8=
0,126,3UbKCHDTzzUnSHM22orTUy35yj4=,tZ8MZnQC6pd6W2JpKwZlStWTMx8=
15,125,3UbKCHDTzzUnSHM22orTUy35yj4=,tZ8MZnQC6pd6W2JpKwZlStWTMx8=
14,125,3UbKCHDTzzUnSHM22orTUy35yj4=,tZ8MZnQC6pd6W2JpKwZlStWTMx8=
13,125,3UbKCHDTzzUnSHM22orTUy35yj4=,tZ8MZnQC6pd6W2JpKwZlStWTMx8=
12,125,3UbKCHDTzzUnSHM22orTUy35yj4=,tZ8MZnQC6pd6W2JpKwZlStWTMx8=
11,125,3UbKCHDTzzUnSHM22orTUy35yj4=,tZ8MZnQC6pd6W2JpKwZlStWTMx8=
10,125,3UbKCHDTzzUnSHM22orTUy35yj4=,tZ8MZnQC6pd6W2JpKwZlStWTMx8=
9,125,3UbKCHDTzzUnSHM22orTUy35yj4=,tZ8MZnQC6pd6W2JpKwZlStWTMx8=
8,125,3UbKCHDTzzUnSHM22orTUy35yj4=,tZ8MZnQC6pd6W2JpKwZlStWTMx8=
7,125,3UbKCHDTzzUnSHM22orTUy35yj4=,tZ8MZnQC6pd6W2JpKwZlStWTMx8=
6,125,3UbKCHDTzzUnSHM22orTUy35yj4=,tZ8MZnQC6pd6W2JpKwZlStWTMx8=
5,125,3UbKCHDTzzUnSHM22orTUy35yj4=,tZ8MZnQC6pd6W2JpKwZlStWTMx8=
4,125,3UbKCHDTzzUnSHM22orTUy35yj4=,tZ8MZnQC6pd6W2JpKwZlStWTMx8=
3,125,3UbKCHDTzzUnSHM22orTUy35yj4=,tZ8MZnQC6pd6W2JpKwZlStWTMx8=
2,125,3UbKCHDTzzUnSHM22orTUy35yj4=,tZ8MZnQC6pd6W2JpKwZlStWTMx8=
1,125,3UbKCHDTzzUnSHM22orTUy35yj4=,tZ8MZnQC6pd6W2JpKwZlStWTMx8=
2,113,3UbKCHDTzzUnSHM22orTUy35yj4=,tZ8MZnQC6pd6W2JpKwZlStWTMx8=
3,113,3UbKCHDTzzUnSHM22orTUy35yj4=,tZ8MZnQC6pd6W2JpKwZlStWTMx8=
0,125,3UbKCHDTzzUnSHM22orTUy35yj4=,tZ8MZnQC6pd6W2JpKwZlStWTMx8=
15,124,3UbKCHDTzzUnSHM22orTUy35yj4=,tZ8MZnQC6pd6W2JpKwZlStWTMx8=
14,124,3UbKCHDTzzUnSHM22orTUy35yj4=,tZ8MZnQC6pd6W2JpKwZlStWTMx8=
13,124,3UbKCHDTzzUnSHM22orTUy35yj4=,tZ8MZnQC6pd6W2JpKwZlStWTMx8=
12,124,3UbKCHDTzzUnSHM22orTUy35yj4=,tZ8MZnQC6pd6W2JpKwZlStWTMx8=
11,124,3UbKCHDTzzUnSHM22orTUy35yj4=,tZ8MZnQC6pd6W2JpKwZlStWTMx8=
10,124,3UbKCHDTzzUnSHM22orTUy35yj4=,tZ8MZnQC6pd6W2JpKwZlStWTMx8=
9,124,3UbKCHDTzzUnSHM22orTUy35yj4=,tZ8MZnQC6pd6W2JpKwZlStWTMx8=
8,124,3UbKCHDTzzUnSHM22orTUy35yj4=,tZ8MZnQC6pd6W2JpKwZlStWTMx8=
7,124,3UbKCHDTzzUnSHM22orTUy35yj4=,tZ8MZnQC6pd6W2JpKwZlStWTMx8=
6,124,3UbKCHDTzzUnSHM22orTUy35yj4=,tZ8MZnQC6pd6W2JpKwZlStWTMx8=
5,124,3UbKCHDTzzUnSHM22orTUy35yj4=,tZ8MZnQC6pd6W2JpKwZlStWTMx8=
4,124,3UbKCHDTzzUnSHM22orTUy35yj4=,tZ8MZnQC6pd6W2JpKwZlStWTMx8=
3,124,3UbKCHDTzzUnSHM22orTUy35yj4=,tZ8MZnQC6pd6W2JpKwZlStWTMx8=
2,124,3UbKCHDTzzUnSHM22orTUy35yj4=,tZ8MZnQC6pd6W2JpKwZlStWTMx8=
1,124,3UbKCHDTzzUnSHM22orTUy35yj4=,tZ8MZnQC6pd6W2JpKwZlStWTMx8=
0,124,3UbKCHDTzzUnSHM22orTUy35yj4=,tZ8MZnQC6pd6W2JpKwZlStWTMx8=
2,114,3UbKCHDTzzUnSHM22orTUy35yj4=,tZ8MZnQC6pd6W2JpKwZlStWTMx8=
1,114,3UbKCHDTzzUnSHM22orTUy35yj4=,tZ8MZnQC6pd6W2JpKwZlStWTMx8=
1,113,3UbKCHDTzzUnSHM22orTUy35yj4=,tZ8MZnQC6pd6W2JpKwZlStWTMx8=
15,112,3UbKCHDTzzUnSHM22orTUy35yj4=,tZ8MZnQC6pd6W2JpKwZlStWTMx8=
0,115,3UbKCHDTzzUnSHM22orTUy35yj4=,tZ8MZnQC6pd6W2JpKwZlStWTMx8=
14,112,3UbKCHDTzzUnSHM22orTUy35yj4=,tZ8MZnQC6pd6W2JpKwZlStWTMx8=
3,112,3UbKCHDTzzUnSHM22orTUy35yj4=,tZ8MZnQC6pd6W2JpKwZlStWTMx8=
15,114,3UbKCHDTzzUnSHM22orTUy35yj4=,tZ8MZnQC6pd6W2JpKwZlStWTMx8=
15,113,3UbKCHDTzzUnSHM22orTUy35yj4=,tZ8MZnQC6pd6W2JpKwZlStWTMx8=
15,123,3UbKCHDTzzUnSHM22orTUy35yj4=,tZ8MZnQC6pd6W2JpKwZlStWTMx8=
14,113,3UbKCHDTzzUnSHM22orTUy35yj4=,tZ8MZnQC6pd6W2JpKwZlStWTMx8=
14,123,3UbKCHDTzzUnSHM22orTUy35yj4=,tZ8MZnQC6pd6W2JpKwZlStWTMx8=
13,123,3UbKCHDTzzUnSHM22orTUy35yj4=,tZ8MZnQC6pd6W2JpKwZlStWTMx8=
12,123,3UbKCHDTzzUnSHM22orTUy35yj4=,tZ8MZnQC6pd6W2JpKwZlStWTMx8=
11,123,3UbKCHDTzzUnSHM22orTUy35yj4=,tZ8MZnQC6pd6W2JpKwZlStWTMx8=
10,123,3UbKCHDTzzUnSHM22orTUy35yj4=,tZ8MZnQC6pd6W2JpKwZlStWTMx8=
9,123,3UbKCHDTzzUnSHM22orTUy35yj4=,tZ8MZnQC6pd6W2JpKwZlStWTMx8=
8,123,3UbKCHDTzzUnSHM22orTUy35yj4=,tZ8MZnQC6pd6W2JpKwZlStWTMx8=
7,123,3UbKCHDTzzUnSHM22orTUy35yj4=,tZ8MZnQC6pd6W2JpKwZlStWTMx8=
6,123,3UbKCHDTzzUnSHM22orTUy35yj4=,tZ8MZnQC6pd6W2JpKwZlStWTMx8=
5,123,3UbKCHDTzzUnSHM22orTUy35yj4=,tZ8MZnQC6pd6W2JpKwZlStWTMx8=
4,123,3UbKCHDTzzUnSHM22orTUy35yj4=,tZ8MZnQC6pd6W2JpKwZlStWTMx8=
3,123,3UbKCHDTzzUnSHM22orTUy35yj4=,tZ8MZnQC6pd6W2JpKwZlStWTMx8=
2,123,3UbKCHDTzzUnSHM22orTUy35yj4=,tZ8MZnQC6pd6W2JpKwZlStWTMx8=
1,123,3UbKCHDTzzUnSHM22orTUy35yj4=,tZ8MZnQC6pd6W2JpKwZlStWTMx8=
14,114,3UbKCHDTzzUnSHM22orTUy35yj4=,tZ8MZnQC6pd6W2JpKwZlStWTMx8=
0,123,3UbKCHDTzzUnSHM22orTUy35yj4=,tZ8MZnQC6pd6W2JpKwZlStWTMx8=
13,112,3UbKCHDTzzUnSHM22orTUy35yj4=,tZ8MZnQC6pd6W2JpKwZlStWTMx8=
15,122,3UbKCHDTzzUnSHM22orTUy35yj4=,tZ8MZnQC6pd6W2JpKwZlStWTMx8=
13,113,3UbKCHDTzzUnSHM22orTUy35yj4=,tZ8MZnQC6pd6W2JpKwZlStWTMx8=
14,122,3UbKCHDTzzUnSHM22orTUy35yj4=,tZ8MZnQC6pd6W2JpKwZlStWTMx8=
13,122,3UbKCHDTzzUnSHM22orTUy35yj4=,tZ8MZnQC6pd6W2JpKwZlStWTMx8=
12,122,3UbKCHDTzzUnSHM22orTUy35yj4=,tZ8MZnQC6pd6W2JpKwZlStWTMx8=
11,122,3UbKCHDTzzUnSHM22orTUy35yj4=,tZ8MZnQC6pd6W2JpKwZlStWTMx8=
10,122,3UbKCHDTzzUnSHM22orTUy35yj4=,tZ8MZnQC6pd6W2JpKwZlStWTMx8=
9,122,3UbKCHDTzzUnSHM22orTUy35yj4=,tZ8MZnQC6pd6W2JpKwZlStWTMx8=
8,122,3UbKCHDTzzUnSHM22orTUy35yj4=,tZ8MZnQC6pd6W2JpKwZlStWTMx8=
7,122,3UbKCHDTzzUnSHM22orTUy35yj4=,tZ8MZnQC6pd6W2JpKwZlStWTMx8=
6,122,3UbKCHDTzzUnSHM22orTUy35yj4=,tZ8MZnQC6pd6W2JpKwZlStWTMx8=
5,122,3UbKCHDTzzUnSHM22orTUy35yj4=,tZ8MZnQC6pd6W2JpKwZlStWTMx8=
4,122,3UbKCHDTzzUnSHM22orTUy35yj4=,tZ8MZnQC6pd6W2JpKwZlStWTMx8=
3,122,3UbKCHDTzzUnSHM22orTUy35yj4=,tZ8MZnQC6pd6W2JpKwZlStWTMx8=
2,122,3UbKCHDTzzUnSHM22orTUy35yj4=,tZ8MZnQC6pd6W2JpKwZlStWTMx8=
1,122,3UbKCHDTzzUnSHM22orTUy35yj4=,tZ8MZnQC6pd6W2JpKwZlStWTMx8=
12,112,3UbKCHDTzzUnSHM22orTUy35yj4=,tZ8MZnQC6pd6W2JpKwZlStWTMx8=
13,114,3UbKCHDTzzUnSHM22orTUy35yj4=,tZ8MZnQC6pd6W2JpKwZlStWTMx8=
0,122,3UbKCHDTzzUnSHM22orTUy35yj4=,tZ8MZnQC6pd6W2JpKwZlStWTMx8=
15,121,3UbKCHDTzzUnSHM22orTUy35yj4=,tZ8MZnQC6pd6W2JpKwZlStWTMx8=
12,113,3UbKCHDTzzUnSHM22orTUy35yj4=,tZ8MZnQC6pd6W2JpKwZlStWTMx8=
14,121,3UbKCHDTzzUnSHM22orTUy35yj4=,tZ8MZnQC6pd6W2JpKwZlStWTMx8=
13,121,3UbKCHDTzzUnSHM22orTUy35yj4=,tZ8MZnQC6pd6W2JpKwZlStWTMx8=
12,121,3UbKCHDTzzUnSHM22orTUy35yj4=,tZ8MZnQC6pd6W2JpKwZlStWTMx8=
11,121,3UbKCHDTzzUnSHM22orTUy35yj4=,tZ8MZnQC6pd6W2JpKwZlStWTMx8=
10,121,3UbKCHDTzzUnSHM22orTUy35yj4=,tZ8MZnQC6pd6W2JpKwZlStWTMx8=
9,121,3UbKCHDTzzUnSHM22orTUy35yj4=,tZ8MZnQC6pd6W2JpKwZlStWTMx8=
8,121,3UbKCHDTzzUnSHM22orTUy35yj4=,tZ8MZnQC6pd6W2JpKwZlStWTMx8=
7,121,3UbKCHDTzzUnSHM22orTUy35yj4=,tZ8MZnQC6pd6W2JpKwZlStWTMx8=
6,121,3UbKCHDTzzUnSHM22orTUy35yj4=,tZ8MZnQC6pd6W2JpKwZlStWTMx8=
5,121,3UbKCHDTzzUnSHM22orTUy35yj4=,tZ8MZnQC6pd6W2JpKwZlStWTMx8=
4,121,3UbKCHDTzzUnSHM22orTUy35yj4=,tZ8MZnQC6pd6W2JpKwZlStWTMx8=
3,121,3UbKCHDTzzUnSHM22orTUy35yj4=,tZ8MZnQC6pd6W2JpKwZlStWTMx8=
2,121,3UbKCHDTzzUnSHM22orTUy35yj4=,tZ8MZnQC6pd6W2JpKwZlStWTMx8=
1,121,3UbKCHDTzzUnSHM22orTUy35yj4=,tZ8MZnQC6pd6W2JpKwZlStWTMx8=
11,112,3UbKCHDTzzUnSHM22orTUy35yj4=,tZ8MZnQC6pd6W2JpKwZlStWTMx8=
12,114,3UbKCHDTzzUnSHM22orTUy35yj4=,tZ8MZnQC6pd6W2JpKwZlStWTMx8=
0,121,3UbKCHDTzzUnSHM22orTUy35yj4=,tZ8MZnQC6pd6W2JpKwZlStWTMx8=
15,120,3UbKCHDTzzUnSHM22orTUy35yj4=,tZ8MZnQC6pd6W2JpKwZlStWTMx8=
11,113,3UbKCHDTzzUnSHM22orTUy35yj4=,tZ8MZnQC6pd6W2JpKwZlStWTMx8=
14,120,3UbKCHDTzzUnSHM22orTUy35yj4=,tZ8MZnQC6pd6W2JpKwZlStWTMx8=
13,120,3UbKCHDTzzUnSHM22orTUy35yj4=,tZ8MZnQC6pd6W2JpKwZlStWTMx8=
12,120,3UbKCHDTzzUnSHM22orTUy35yj4=,tZ8MZnQC6pd6W2JpKwZlStWTMx8=
11,120,3UbKCHDTzzUnSHM22orTUy35yj4=,tZ8MZnQC6pd6W2JpKwZlStWTMx8=
10,120,3UbKCHDTzzUnSHM22orTUy35yj4=,tZ8MZnQC6pd6W2JpKwZlStWTMx8=
9,120,3UbKCHDTzzUnSHM22orTUy35yj4=,tZ8MZnQC6pd6W2JpKwZlStWTMx8=
8,120,3UbKCHDTzzUnSHM22orTUy35yj4=,tZ8MZnQC6pd6W2JpKwZlStWTMx8=
7,120,3UbKCHDTzzUnSHM22orTUy35yj4=,tZ8MZnQC6pd6W2JpKwZlStWTMx8=
6,120,3UbKCHDTzzUnSHM22orTUy35yj4=,tZ8MZnQC6pd6W2JpKwZlStWTMx8=
5,120,3UbKCHDTzzUnSHM22orTUy35yj4=,tZ8MZnQC6pd6W2JpKwZlStWTMx8=
4,120,3UbKCHDTzzUnSHM22orTUy35yj4=,tZ8MZnQC6pd6W2JpKwZlStWTMx8=
3,120,3UbKCHDTzzUnSHM22orTUy35yj4=,tZ8MZnQC6pd6W2JpKwZlStWTMx8=
2,120,3UbKCHDTzzUnSHM22orTUy35yj4=,tZ8MZnQC6pd6W2JpKwZlStWTMx8=
1,120,3UbKCHDTzzUnSHM22orTUy35yj4=,tZ8MZnQC6pd6W2JpKwZlStWTMx8=
11,114,3UbKCHDTzzUnSHM22orTUy35yj4=,tZ8MZnQC6pd6W2JpKwZlStWTMx8=
2,115,3UbKCHDTzzUnSHM22orTUy35yj4=,tZ8MZnQC6pd6W2JpKwZlStWTMx8=
10,112,3UbKCHDTzzUnSHM22orTUy35yj4=,tZ8MZnQC6pd6W2JpKwZlStWTMx8=
10,113,3UbKCHDTzzUnSHM22orTUy35yj4=,tZ8MZnQC6pd6W2JpKwZlStWTMx8=
15,119,3UbKCHDTzzUnSHM22orTUy35yj4=,tZ8MZnQC6pd6W2JpKwZlStWTMx8=
14,119,3UbKCHDTzzUnSHM22orTUy35yj4=,tZ8MZnQC6pd6W2JpKwZlStWTMx8=
13,119,3UbKCHDTzzUnSHM22orTUy35yj4=,tZ8MZnQC6pd6W2JpKwZlStWTMx8=
12,119,3UbKCHDTzzUnSHM22orTUy35yj4=,tZ8MZnQC6pd6W2JpKwZlStWTMx8=
11,119,3UbKCHDTzzUnSHM22orTUy35yj4=,tZ8MZnQC6pd6W2JpKwZlStWTMx8=
10,119,3UbKCHDTzzUnSHM22orTUy35yj4=,tZ8MZnQC6pd6W2JpKwZlStWTMx8=
9,119,3UbKCHDTzzUnSHM22orTUy35yj4=,tZ8MZnQC6pd6W2JpKwZlStWTMx8=
8,119,3UbKCHDTzzUnSHM22orTUy35yj4=,tZ8MZnQC6pd6W2JpKwZlStWTMx8=
7,119,3UbKCHDTzzUnSHM22orTUy35yj4=,tZ8MZnQC6pd6W2JpKwZlStWTMx8=
6,119,3UbKCHDTzzUnSHM22orTUy35yj4=,tZ8MZnQC6pd6W2JpKwZlStWTMx8=
0,120,3UbKCHDTzzUnSHM22orTUy35yj4=,tZ8MZnQC6pd6W2JpKwZlStWTMx8=
4,119,3UbKCHDTzzUnSHM22orTUy35yj4=,tZ8MZnQC6pd6W2JpKwZlStWTMx8=
5,119,3UbKCHDTzzUnSHM22orTUy35yj4=,tZ8MZnQC6pd6W2JpKwZlStWTMx8=
3,119,3UbKCHDTzzUnSHM22orTUy35yj4=,tZ8MZnQC6pd6W2JpKwZlStWTMx8=
0,112,3UbKCHDTzzUnSHM22orTUy35yj4=,tZ8MZnQC6pd6W2JpKwZlStWTMx8=
9,112,3UbKCHDTzzUnSHM22orTUy35yj4=,tZ8MZnQC6pd6W2JpKwZlStWTMx8=
10,114,3UbKCHDTzzUnSHM22orTUy35yj4=,tZ8MZnQC6pd6W2JpKwZlStWTMx8=
2,119,3UbKCHDTzzUnSHM22orTUy35yj4=,tZ8MZnQC6pd6W2JpKwZlStWTMx8=
9,113,3UbKCHDTzzUnSHM22orTUy35yj4=,tZ8MZnQC6pd6W2JpKwZlStWTMx8=
15,118,3UbKCHDTzzUnSHM22orTUy35yj4=,tZ8MZnQC6pd6W2JpKwZlStWTMx8=
14,118,3UbKCHDTzzUnSHM22orTUy35yj4=,tZ8MZnQC6pd6W2JpKwZlStWTMx8=
13,118,3UbKCHDTzzUnSHM22orTUy35yj4=,tZ8MZnQC6pd6W2JpKwZlStWTMx8=
12,118,3UbKCHDTzzUnSHM22orTUy35yj4=,tZ8MZnQC6pd6W2JpKwZlStWTMx8=
11,118,3UbKCHDTzzUnSHM22orTUy35yj4=,tZ8MZnQC6pd6W2JpKwZlStWTMx8=
10,118,3UbKCHDTzzUnSHM22orTUy35yj4=,tZ8MZnQC6pd6W2JpKwZlStWTMx8=
9,118,3UbKCHDTzzUnSHM22orTUy35yj4=,tZ8MZnQC6pd6W2JpKwZlStWTMx8=
8,118,3UbKCHDTzzUnSHM22orTUy35yj4=,tZ8MZnQC6pd6W2JpKwZlStWTMx8=
7,118,3UbKCHDTzzUnSHM22orTUy35yj4=,tZ8MZnQC6pd6W2JpKwZlStWTMx8=
6,118,3UbKCHDTzzUnSHM22orTUy35yj4=,tZ8MZnQC6pd6W2JpKwZlStWTMx8=
0,119,3UbKCHDTzzUnSHM22orTUy35yj4=,tZ8MZnQC6pd6W2JpKwZlStWTMx8=
5,118,3UbKCHDTzzUnSHM22orTUy35yj4=,tZ8MZnQC6pd6W2JpKwZlStWTMx8=
4,118,3UbKCHDTzzUnSHM22orTUy35yj4=,tZ8MZnQC6pd6W2JpKwZlStWTMx8=
0,113,3UbKCHDTzzUnSHM22orTUy35yj4=,tZ8MZnQC6pd6W2JpKwZlStWTMx8=
0,114,3UbKCHDTzzUnSHM22orTUy35yj4=,tZ8MZnQC6pd6W2JpKwZlStWTMx8=
8,112,3UbKCHDTzzUnSHM22orTUy35yj4=,tZ8MZnQC6pd6W2JpKwZlStWTMx8=
9,114,3UbKCHDTzzUnSHM22orTUy35yj4=,tZ8MZnQC6pd6W2JpKwZlStWTMx8=
8,113,3UbKCHDTzzUnSHM22orTUy35yj4=,tZ8MZnQC6pd6W2JpKwZlStWTMx8=
15,117,3UbKCHDTzzUnSHM22orTUy35yj4=,tZ8MZnQC6pd6W2JpKwZlStWTMx8=
14,117,3UbKCHDTzzUnSHM22orTUy35yj4=,tZ8MZnQC6pd6W2JpKwZlStWTMx8=
13,117,3UbKCHDTzzUnSHM22orTUy35yj4=,tZ8MZnQC6pd6W2JpKwZlStWTMx8=
12,117,3UbKCHDTzzUnSHM22orTUy35yj4=,tZ8MZnQC6pd6W2JpKwZlStWTMx8=
11,117,3UbKCHDTzzUnSHM22orTUy35yj4=,tZ8MZnQC6pd6W2JpKwZlStWTMx8=
10,117,3UbKCHDTzzUnSHM22orTUy35yj4=,tZ8MZnQC6pd6W2JpKwZlStWTMx8=
9,117,3UbKCHDTzzUnSHM22orTUy35yj4=,tZ8MZnQC6pd6W2JpKwZlStWTMx8=
8,117,3UbKCHDTzzUnSHM22orTUy35yj4=,tZ8MZnQC6pd6W2JpKwZlStWTMx8=
7,117,3UbKCHDTzzUnSHM22orTUy35yj4=,tZ8MZnQC6pd6W2JpKwZlStWTMx8=
1,119,3UbKCHDTzzUnSHM22orTUy35yj4=,tZ8MZnQC6pd6W2JpKwZlStWTMx8=
6,117,3UbKCHDTzzUnSHM22orTUy35yj4=,tZ8MZnQC6pd6W2JpKwZlStWTMx8=
2,112,3UbKCHDTzzUnSHM22orTUy35yj4=,tZ8MZnQC6pd6W2JpKwZlStWTMx8=
1,118,3UbKCHDTzzUnSHM22orTUy35yj4=,tZ8MZnQC6pd6W2JpKwZlStWTMx8=
5,117,3UbKCHDTzzUnSHM22orTUy35yj4=,tZ8MZnQC6pd6W2JpKwZlStWTMx8=
3,117,3UbKCHDTzzUnSHM22orTUy35yj4=,tZ8MZnQC6pd6W2JpKwZlStWTMx8=
4,117,3UbKCHDTzzUnSHM22orTUy35yj4=,tZ8MZnQC6pd6W2JpKwZlStWTMx8=
7,112,3UbKCHDTzzUnSHM22orTUy35yj4=,tZ8MZnQC6pd6W2JpKwZlStWTMx8=
8,114,3UbKCHDTzzUnSHM22orTUy35yj4=,tZ8MZnQC6pd6W2JpKwZlStWTMx8=
7,113,3UbKCHDTzzUnSHM22orTUy35yj4=,tZ8MZnQC6pd6W2JpKwZlStWTMx8=
15,116,3UbKCHDTzzUnSHM22orTUy35yj4=,tZ8MZnQC6pd6W2JpKwZlStWTMx8=
14,116,3UbKCHDTzzUnSHM22orTUy35yj4=,tZ8MZnQC6pd6W2JpKwZlStWTMx8=
13,116,3UbKCHDTzzUnSHM22orTUy35yj4=,tZ8MZnQC6pd6W2JpKwZlStWTMx8=
12,116,3UbKCHDTzzUnSHM22orTUy35yj4=,tZ8MZnQC6pd6W2JpKwZlStWTMx8=
11,116,3UbKCHDTzzUnSHM22orTUy35yj4=,tZ8MZnQC6pd6W2JpKwZlStWTMx8=
10,116,3UbKCHDTzzUnSHM22orTUy35yj4=,tZ8MZnQC6pd6W2JpKwZlStWTMx8=
9,116,3UbKCHDTzzUnSHM22orTUy35yj4=,tZ8MZnQC6pd6W2JpKwZlStWTMx8=
8,116,3UbKCHDTzzUnSHM22orTUy35yj4=,tZ8MZnQC6pd6W2JpKwZlStWTMx8=
2,117,3UbKCHDTzzUnSHM22orTUy35yj4=,tZ8MZnQC6pd6W2JpKwZlStWTMx8=
0,118,3UbKCHDTzzUnSHM22orTUy35yj4=,tZ8MZnQC6pd6W2JpKwZlStWTMx8=
2,118,3UbKCHDTzzUnSHM22orTUy35yj4=,tZ8MZnQC6pd6W2JpKwZlStWTMx8=
7,116,3UbKCHDTzzUnSHM22orTUy35yj4=,tZ8MZnQC6pd6W2JpKwZlStWTMx8=
5,116,3UbKCHDTzzUnSHM22orTUy35yj4=,tZ8MZnQC6pd6W2JpKwZlStWTMx8=
3,118,3UbKCHDTzzUnSHM22orTUy35yj4=,tZ8MZnQC6pd6W2JpKwZlStWTMx8=
4,116,3UbKCHDTzzUnSHM22orTUy35yj4=,tZ8MZnQC6pd6W2JpKwZlStWTMx8=
3,116,3UbKCHDTzzUnSHM22orTUy35yj4=,tZ8MZnQC6pd6W2JpKwZlStWTMx8=
6,112,3UbKCHDTzzUnSHM22orTUy35yj4=,tZ8MZnQC6pd6W2JpKwZlStWTMx8=
7,114,3UbKCHDTzzUnSHM22orTUy35yj4=,tZ8MZnQC6pd6W2JpKwZlStWTMx8=
6,113,3UbKCHDTzzUnSHM22orTUy35yj4=,tZ8MZnQC6pd6W2JpKwZlStWTMx8=
15,115,3UbKCHDTzzUnSHM22orTUy35yj4=,tZ8MZnQC6pd6W2JpKwZlStWTMx8=
14,115,3UbKCHDTzzUnSHM22orTUy35yj4=,tZ8MZnQC6pd6W2JpKwZlStWTMx8=
13,115,3UbKCHDTzzUnSHM22orTUy35yj4=,tZ8MZnQC6pd6W2JpKwZlStWTMx8=
12,115,3UbKCHDTzzUnSHM22orTUy35yj4=,tZ8MZnQC6pd6W2JpKwZlStWTMx8=
11,115,3UbKCHDTzzUnSHM22orTUy35yj4=,tZ8MZnQC6pd6W2JpKwZlStWTMx8=
10,115,3UbKCHDTzzUnSHM22orTUy35yj4=,tZ8MZnQC6pd6W2JpKwZlStWTMx8=
9,115,3UbKCHDTzzUnSHM22orTUy35yj4=,tZ8MZnQC6pd6W2JpKwZlStWTMx8=
8,115,3UbKCHDTzzUnSHM22orTUy35yj4=,tZ8MZnQC6pd6W2JpKwZlStWTMx8=
0,117,3UbKCHDTzzUnSHM22orTUy35yj4=,tZ8MZnQC6pd6W2JpKwZlStWTMx8=
0,116,3UbKCHDTzzUnSHM22orTUy35yj4=,tZ8MZnQC6pd6W2JpKwZlStWTMx8=
2,116,3UbKCHDTzzUnSHM22orTUy35yj4=,tZ8MZnQC6pd6W2JpKwZlStWTMx8=
1,117,3UbKCHDTzzUnSHM22orTUy35yj4=,tZ8MZnQC6pd6W2JpKwZlStWTMx8=
1,116,3UbKCHDTzzUnSHM22orTUy35yj4=,tZ8MZnQC6pd6W2JpKwZlStWTMx8=
6,116,3UbKCHDTzzUnSHM22orTUy35yj4=,tZ8MZnQC6pd6W2JpKwZlStWTMx8=
