79,-28,O1ewxzS7M/7U1M5kpIkC9gluKvA=,CTHw28qlr/9KccHYfaYlBYQVlPs=
78,-28,O1ewxzS7M/7U1M5kpIkC9gluKvA=,CTHw28qlr/9KccHYfaYlBYQVlPs=
64,-27,vd32aalJehADzXuJE+xgFot022U=,CTHw28qlr/9KccHYfaYlBYQVlPs=
77,-28,vd32aalJehADzXuJE+xgFot022U=,CTHw28qlr/9KccHYfaYlBYQVlPs=
70,-30,O1ewxzS7M/7U1M5kpIkC9gluKvA=,CTHw28qlr/9KccHYfaYlBYQVlPs=
70,-32,O1ewxzS7M/7U1M5kpIkC9gluKvA=,CTHw28qlr/9KccHYfaYlBYQVlPs=
76,-28,vd32aalJehADzXuJE+xgFot022U=,CTHw28qlr/9KccHYfaYlBYQVlPs=
71,-20,vd32aalJehADzXuJE+xgFot022U=,CTHw28qlr/9KccHYfaYlBYQVlPs=
72,-20,vd32aalJehADzXuJE+xgFot022U=,CTHw28qlr/9KccHYfaYlBYQVlPs=
74,-28,vd32aalJehADzXuJE+xgFot022U=,CTHw28qlr/9KccHYfaYlBYQVlPs=
72,-28,vd32aalJehADzXuJE+xgFot022U=,CTHw28qlr/9KccHYfaYlBYQVlPs=
73,-28,vd32aalJehADzXuJE+xgFot022U=,CTHw28qlr/9KccHYfaYlBYQVlPs=
71,-30,O1ewxzS7M/7U1M5kpIkC9gluKvA=,CTHw28qlr/9KccHYfaYlBYQVlPs=
70,-31,O1ewxzS7M/7U1M5kpIkC9gluKvA=,CTHw28qlr/9KccHYfaYlBYQVlPs=
71,-28,vd32aalJehADzXuJE+xgFot022U=,CTHw28qlr/9KccHYfaYlBYQVlPs=
76,-17,O1ewxzS7M/7U1M5kpIkC9gluKvA=,CTHw28qlr/9KccHYfaYlBYQVlPs=
75,-28,vd32aalJehADzXuJE+xgFot022U=,CTHw28qlr/9KccHYfaYlBYQVlPs=
67,-23,vd32aalJehADzXuJE+xgFot022U=,CTHw28qlr/9KccHYfaYlBYQVlPs=
70,-20,vd32aalJehADzXuJE+xgFot022U=,CTHw28qlr/9KccHYfaYlBYQVlPs=
77,-17,O1ewxzS7M/7U1M5kpIkC9gluKvA=,CTHw28qlr/9KccHYfaYlBYQVlPs=
69,-31,O1ewxzS7M/7U1M5kpIkC9gluKvA=,CTHw28qlr/9KccHYfaYlBYQVlPs=
69,-20,vd32aalJehADzXuJE+xgFot022U=,CTHw28qlr/9KccHYfaYlBYQVlPs=
78,-17,O1ewxzS7M/7U1M5kpIkC9gluKvA=,CTHw28qlr/9KccHYfaYlBYQVlPs=
68,-20,vd32aalJehADzXuJE+xgFot022U=,CTHw28qlr/9KccHYfaYlBYQVlPs=
66,-23,vd32aalJehADzXuJE+xgFot022U=,CTHw28qlr/9KccHYfaYlBYQVlPs=
65,-23,vd32aalJehADzXuJE+xgFot022U=,CTHw28qlr/9KccHYfaYlBYQVlPs=
65,-27,O1ewxzS7M/7U1M5kpIkC9gluKvA=,CTHw28qlr/9KccHYfaYlBYQVlPs=
70,-28,O1ewxzS7M/7U1M5kpIkC9gluKvA=,CTHw28qlr/9KccHYfaYlBYQVlPs=
69,-30,O1ewxzS7M/7U1M5kpIkC9gluKvA=,CTHw28qlr/9KccHYfaYlBYQVlPs=
67,-20,vd32aalJehADzXuJE+xgFot022U=,CTHw28qlr/9KccHYfaYlBYQVlPs=
75,-17,O1ewxzS7M/7U1M5kpIkC9gluKvA=,CTHw28qlr/9KccHYfaYlBYQVlPs=
74,-17,vd32aalJehADzXuJE+xgFot022U=,CTHw28qlr/9KccHYfaYlBYQVlPs=
66,-27,O1ewxzS7M/7U1M5kpIkC9gluKvA=,CTHw28qlr/9KccHYfaYlBYQVlPs=
66,-20,vd32aalJehADzXuJE+xgFot022U=,CTHw28qlr/9KccHYfaYlBYQVlPs=
65,-20,vd32aalJehADzXuJE+xgFot022U=,CTHw28qlr/9KccHYfaYlBYQVlPs=
73,-17,O1ewxzS7M/7U1M5kpIkC9gluKvA=,CTHw28qlr/9KccHYfaYlBYQVlPs=
64,-20,vd32aalJehADzXuJE+xgFot022U=,CTHw28qlr/9KccHYfaYlBYQVlPs=
69,-28,O1ewxzS7M/7U1M5kpIkC9gluKvA=,CTHw28qlr/9KccHYfaYlBYQVlPs=
68,-32,vd32aalJehADzXuJE+xgFot022U=,CTHw28qlr/9KccHYfaYlBYQVlPs=
72,-17,O1ewxzS7M/7U1M5kpIkC9gluKvA=,CTHw28qlr/9KccHYfaYlBYQVlPs=
79,-21,vd32aalJehADzXuJE+xgFot022U=,CTHw28qlr/9KccHYfaYlBYQVlPs=
68,-31,O1ewxzS7M/7U1M5kpIkC9gluKvA=,CTHw28qlr/9KccHYfaYlBYQVlPs=
71,-32,O1ewxzS7M/7U1M5kpIkC9gluKvA=,CTHw28qlr/9KccHYfaYlBYQVlPs=
78,-31,vd32aalJehADzXuJE+xgFot022U=,CTHw28qlr/9KccHYfaYlBYQVlPs=
64,-23,vd32aalJehADzXuJE+xgFot022U=,CTHw28qlr/9KccHYfaYlBYQVlPs=
67,-28,O1ewxzS7M/7U1M5kpIkC9gluKvA=,CTHw28qlr/9KccHYfaYlBYQVlPs=
68,-28,O1ewxzS7M/7U1M5kpIkC9gluKvA=,CTHw28qlr/9KccHYfaYlBYQVlPs=
67,-31,vd32aalJehADzXuJE+xgFot022U=,CTHw28qlr/9KccHYfaYlBYQVlPs=
78,-21,vd32aalJehADzXuJE+xgFot022U=,CTHw28qlr/9KccHYfaYlBYQVlPs=
77,-21,vd32aalJehADzXuJE+xgFot022U=,CTHw28qlr/9KccHYfaYlBYQVlPs=
72,-30,vd32aalJehADzXuJE+xgFot022U=,CTHw28qlr/9KccHYfaYlBYQVlPs=
67,-30,vd32aalJehADzXuJE+xgFot022U=,CTHw28qlr/9KccHYfaYlBYQVlPs=
79,-24,vd32aalJehADzXuJE+xgFot022U=,CTHw28qlr/9KccHYfaYlBYQVlPs=
76,-21,vd32aalJehADzXuJE+xgFot022U=,CTHw28qlr/9KccHYfaYlBYQVlPs=
78,-24,vd32aalJehADzXuJE+xgFot022U=,CTHw28qlr/9KccHYfaYlBYQVlPs=
77,-24,vd32aalJehADzXuJE+xgFot022U=,CTHw28qlr/9KccHYfaYlBYQVlPs=
66,-28,O1ewxzS7M/7U1M5kpIkC9gluKvA=,CTHw28qlr/9KccHYfaYlBYQVlPs=
79,-17,O1ewxzS7M/7U1M5kpIkC9gluKvA=,CTHw28qlr/9KccHYfaYlBYQVlPs=
76,-24,vd32aalJehADzXuJE+xgFot022U=,CTHw28qlr/9KccHYfaYlBYQVlPs=
67,-27,O1ewxzS7M/7U1M5kpIkC9gluKvA=,CTHw28qlr/9KccHYfaYlBYQVlPs=
75,-21,vd32aalJehADzXuJE+xgFot022U=,CTHw28qlr/9KccHYfaYlBYQVlPs=
73,-21,vd32aalJehADzXuJE+xgFot022U=,CTHw28qlr/9KccHYfaYlBYQVlPs=
68,-30,O1ewxzS7M/7U1M5kpIkC9gluKvA=,CTHw28qlr/9KccHYfaYlBYQVlPs=
74,-21,vd32aalJehADzXuJE+xgFot022U=,CTHw28qlr/9KccHYfaYlBYQVlPs=
72,-32,O1ewxzS7M/7U1M5kpIkC9gluKvA=,CTHw28qlr/9KccHYfaYlBYQVlPs=
75,-24,vd32aalJehADzXuJE+xgFot022U=,CTHw28qlr/9KccHYfaYlBYQVlPs=
74,-24,vd32aalJehADzXuJE+xgFot022U=,CTHw28qlr/9KccHYfaYlBYQVlPs=
73,-24,vd32aalJehADzXuJE+xgFot022U=,CTHw28qlr/9KccHYfaYlBYQVlPs=
71,-17,vd32aalJehADzXuJE+xgFot022U=,CTHw28qlr/9KccHYfaYlBYQVlPs=
72,-21,vd32aalJehADzXuJE+xgFot022U=,CTHw28qlr/9KccHYfaYlBYQVlPs=
70,-17,vd32aalJehADzXuJE+xgFot022U=,CTHw28qlr/9KccHYfaYlBYQVlPs=
71,-21,vd32aalJehADzXuJE+xgFot022U=,CTHw28qlr/9KccHYfaYlBYQVlPs=
77,-31,vd32aalJehADzXuJE+xgFot022U=,CTHw28qlr/9KccHYfaYlBYQVlPs=
72,-24,vd32aalJehADzXuJE+xgFot022U=,CTHw28qlr/9KccHYfaYlBYQVlPs=
73,-30,vd32aalJehADzXuJE+xgFot022U=,CTHw28qlr/9KccHYfaYlBYQVlPs=
65,-28,O1ewxzS7M/7U1M5kpIkC9gluKvA=,CTHw28qlr/9KccHYfaYlBYQVlPs=
70,-21,vd32aalJehADzXuJE+xgFot022U=,CTHw28qlr/9KccHYfaYlBYQVlPs=
66,-31,vd32aalJehADzXuJE+xgFot022U=,CTHw28qlr/9KccHYfaYlBYQVlPs=
64,-28,vd32aalJehADzXuJE+xgFot022U=,CTHw28qlr/9KccHYfaYlBYQVlPs=
70,-24,vd32aalJehADzXuJE+xgFot022U=,CTHw28qlr/9KccHYfaYlBYQVlPs=
71,-24,vd32aalJehADzXuJE+xgFot022U=,CTHw28qlr/9KccHYfaYlBYQVlPs=
68,-27,O1ewxzS7M/7U1M5kpIkC9gluKvA=,CTHw28qlr/9KccHYfaYlBYQVlPs=
69,-24,vd32aalJehADzXuJE+xgFot022U=,CTHw28qlr/9KccHYfaYlBYQVlPs=
69,-17,vd32aalJehADzXuJE+xgFot022U=,CTHw28qlr/9KccHYfaYlBYQVlPs=
79,-29,O1ewxzS7M/7U1M5kpIkC9gluKvA=,CTHw28qlr/9KccHYfaYlBYQVlPs=
68,-21,vd32aalJehADzXuJE+xgFot022U=,CTHw28qlr/9KccHYfaYlBYQVlPs=
69,-21,vd32aalJehADzXuJE+xgFot022U=,CTHw28qlr/9KccHYfaYlBYQVlPs=
69,-27,O1ewxzS7M/7U1M5kpIkC9gluKvA=,CTHw28qlr/9KccHYfaYlBYQVlPs=
77,-32,vd32aalJehADzXuJE+xgFot022U=,CTHw28qlr/9KccHYfaYlBYQVlPs=
67,-21,vd32aalJehADzXuJE+xgFot022U=,CTHw28qlr/9KccHYfaYlBYQVlPs=
66,-21,vd32aalJehADzXuJE+xgFot022U=,CTHw28qlr/9KccHYfaYlBYQVlPs=
68,-24,vd32aalJehADzXuJE+xgFot022U=,CTHw28qlr/9KccHYfaYlBYQVlPs=
67,-24,vd32aalJehADzXuJE+xgFot022U=,CTHw28qlr/9KccHYfaYlBYQVlPs=
66,-24,vd32aalJehADzXuJE+xgFot022U=,CTHw28qlr/9KccHYfaYlBYQVlPs=
65,-21,vd32aalJehADzXuJE+xgFot022U=,CTHw28qlr/9KccHYfaYlBYQVlPs=
74,-30,vd32aalJehADzXuJE+xgFot022U=,CTHw28qlr/9KccHYfaYlBYQVlPs=
76,-31,vd32aalJehADzXuJE+xgFot022U=,CTHw28qlr/9KccHYfaYlBYQVlPs=
65,-24,vd32aalJehADzXuJE+xgFot022U=,CTHw28qlr/9KccHYfaYlBYQVlPs=
64,-21,vd32aalJehADzXuJE+xgFot022U=,CTHw28qlr/9KccHYfaYlBYQVlPs=
64,-24,vd32aalJehADzXuJE+xgFot022U=,CTHw28qlr/9KccHYfaYlBYQVlPs=
79,-25,vd32aalJehADzXuJE+xgFot022U=,CTHw28qlr/9KccHYfaYlBYQVlPs=
68,-17,vd32aalJehADzXuJE+xgFot022U=,CTHw28qlr/9KccHYfaYlBYQVlPs=
78,-25,vd32aalJehADzXuJE+xgFot022U=,CTHw28qlr/9KccHYfaYlBYQVlPs=
70,-27,O1ewxzS7M/7U1M5kpIkC9gluKvA=,CTHw28qlr/9KccHYfaYlBYQVlPs=
79,-22,vd32aalJehADzXuJE+xgFot022U=,CTHw28qlr/9KccHYfaYlBYQVlPs=
65,-31,vd32aalJehADzXuJE+xgFot022U=,CTHw28qlr/9KccHYfaYlBYQVlPs=
64,-31,vd32aalJehADzXuJE+xgFot022U=,CTHw28qlr/9KccHYfaYlBYQVlPs=
77,-25,vd32aalJehADzXuJE+xgFot022U=,CTHw28qlr/9KccHYfaYlBYQVlPs=
71,-27,vd32aalJehADzXuJE+xgFot022U=,CTHw28qlr/9KccHYfaYlBYQVlPs=
76,-25,vd32aalJehADzXuJE+xgFot022U=,CTHw28qlr/9KccHYfaYlBYQVlPs=
67,-17,vd32aalJehADzXuJE+xgFot022U=,CTHw28qlr/9KccHYfaYlBYQVlPs=
66,-17,vd32aalJehADzXuJE+xgFot022U=,CTHw28qlr/9KccHYfaYlBYQVlPs=
78,-29,O1ewxzS7M/7U1M5kpIkC9gluKvA=,CTHw28qlr/9KccHYfaYlBYQVlPs=
77,-29,O1ewxzS7M/7U1M5kpIkC9gluKvA=,CTHw28qlr/9KccHYfaYlBYQVlPs=
75,-25,vd32aalJehADzXuJE+xgFot022U=,CTHw28qlr/9KccHYfaYlBYQVlPs=
78,-22,vd32aalJehADzXuJE+xgFot022U=,CTHw28qlr/9KccHYfaYlBYQVlPs=
73,-20,vd32aalJehADzXuJE+xgFot022U=,CTHw28qlr/9KccHYfaYlBYQVlPs=
79,-32,vd32aalJehADzXuJE+xgFot022U=,CTHw28qlr/9KccHYfaYlBYQVlPs=
64,-17,vd32aalJehADzXuJE+xgFot022U=,CTHw28qlr/9KccHYfaYlBYQVlPs=
76,-29,vd32aalJehADzXuJE+xgFot022U=,CTHw28qlr/9KccHYfaYlBYQVlPs=
73,-25,vd32aalJehADzXuJE+xgFot022U=,CTHw28qlr/9KccHYfaYlBYQVlPs=
77,-22,vd32aalJehADzXuJE+xgFot022U=,CTHw28qlr/9KccHYfaYlBYQVlPs=
68,-23,vd32aalJehADzXuJE+xgFot022U=,CTHw28qlr/9KccHYfaYlBYQVlPs=
66,-30,vd32aalJehADzXuJE+xgFot022U=,CTHw28qlr/9KccHYfaYlBYQVlPs=
79,-18,vd32aalJehADzXuJE+xgFot022U=,CTHw28qlr/9KccHYfaYlBYQVlPs=
76,-22,vd32aalJehADzXuJE+xgFot022U=,CTHw28qlr/9KccHYfaYlBYQVlPs=
72,-25,vd32aalJehADzXuJE+xgFot022U=,CTHw28qlr/9KccHYfaYlBYQVlPs=
75,-31,vd32aalJehADzXuJE+xgFot022U=,CTHw28qlr/9KccHYfaYlBYQVlPs=
74,-25,vd32aalJehADzXuJE+xgFot022U=,CTHw28qlr/9KccHYfaYlBYQVlPs=
69,-23,vd32aalJehADzXuJE+xgFot022U=,CTHw28qlr/9KccHYfaYlBYQVlPs=
75,-22,vd32aalJehADzXuJE+xgFot022U=,CTHw28qlr/9KccHYfaYlBYQVlPs=
78,-18,vd32aalJehADzXuJE+xgFot022U=,CTHw28qlr/9KccHYfaYlBYQVlPs=
77,-18,vd32aalJehADzXuJE+xgFot022U=,CTHw28qlr/9KccHYfaYlBYQVlPs=
71,-25,vd32aalJehADzXuJE+xgFot022U=,CTHw28qlr/9KccHYfaYlBYQVlPs=
75,-18,vd32aalJehADzXuJE+xgFot022U=,CTHw28qlr/9KccHYfaYlBYQVlPs=
76,-18,vd32aalJehADzXuJE+xgFot022U=,CTHw28qlr/9KccHYfaYlBYQVlPs=
75,-29,vd32aalJehADzXuJE+xgFot022U=,CTHw28qlr/9KccHYfaYlBYQVlPs=
74,-18,vd32aalJehADzXuJE+xgFot022U=,CTHw28qlr/9KccHYfaYlBYQVlPs=
72,-27,vd32aalJehADzXuJE+xgFot022U=,CTHw28qlr/9KccHYfaYlBYQVlPs=
70,-25,vd32aalJehADzXuJE+xgFot022U=,CTHw28qlr/9KccHYfaYlBYQVlPs=
69,-25,vd32aalJehADzXuJE+xgFot022U=,CTHw28qlr/9KccHYfaYlBYQVlPs=
73,-22,vd32aalJehADzXuJE+xgFot022U=,CTHw28qlr/9KccHYfaYlBYQVlPs=
72,-22,vd32aalJehADzXuJE+xgFot022U=,CTHw28qlr/9KccHYfaYlBYQVlPs=
74,-29,vd32aalJehADzXuJE+xgFot022U=,CTHw28qlr/9KccHYfaYlBYQVlPs=
74,-22,vd32aalJehADzXuJE+xgFot022U=,CTHw28qlr/9KccHYfaYlBYQVlPs=
70,-23,vd32aalJehADzXuJE+xgFot022U=,CTHw28qlr/9KccHYfaYlBYQVlPs=
68,-25,vd32aalJehADzXuJE+xgFot022U=,CTHw28qlr/9KccHYfaYlBYQVlPs=
67,-32,vd32aalJehADzXuJE+xgFot022U=,CTHw28qlr/9KccHYfaYlBYQVlPs=
73,-18,vd32aalJehADzXuJE+xgFot022U=,CTHw28qlr/9KccHYfaYlBYQVlPs=
69,-32,O1ewxzS7M/7U1M5kpIkC9gluKvA=,CTHw28qlr/9KccHYfaYlBYQVlPs=
72,-18,vd32aalJehADzXuJE+xgFot022U=,CTHw28qlr/9KccHYfaYlBYQVlPs=
67,-25,vd32aalJehADzXuJE+xgFot022U=,CTHw28qlr/9KccHYfaYlBYQVlPs=
71,-23,vd32aalJehADzXuJE+xgFot022U=,CTHw28qlr/9KccHYfaYlBYQVlPs=
66,-25,vd32aalJehADzXuJE+xgFot022U=,CTHw28qlr/9KccHYfaYlBYQVlPs=
71,-18,vd32aalJehADzXuJE+xgFot022U=,CTHw28qlr/9KccHYfaYlBYQVlPs=
70,-18,vd32aalJehADzXuJE+xgFot022U=,CTHw28qlr/9KccHYfaYlBYQVlPs=
73,-27,vd32aalJehADzXuJE+xgFot022U=,CTHw28qlr/9KccHYfaYlBYQVlPs=
67,-18,vd32aalJehADzXuJE+xgFot022U=,CTHw28qlr/9KccHYfaYlBYQVlPs=
69,-18,vd32aalJehADzXuJE+xgFot022U=,CTHw28qlr/9KccHYfaYlBYQVlPs=
78,-32,vd32aalJehADzXuJE+xgFot022U=,CTHw28qlr/9KccHYfaYlBYQVlPs=
73,-29,vd32aalJehADzXuJE+xgFot022U=,CTHw28qlr/9KccHYfaYlBYQVlPs=
68,-18,vd32aalJehADzXuJE+xgFot022U=,CTHw28qlr/9KccHYfaYlBYQVlPs=
65,-25,vd32aalJehADzXuJE+xgFot022U=,CTHw28qlr/9KccHYfaYlBYQVlPs=
78,-26,vd32aalJehADzXuJE+xgFot022U=,CTHw28qlr/9KccHYfaYlBYQVlPs=
79,-26,vd32aalJehADzXuJE+xgFot022U=,CTHw28qlr/9KccHYfaYlBYQVlPs=
75,-30,vd32aalJehADzXuJE+xgFot022U=,CTHw28qlr/9KccHYfaYlBYQVlPs=
64,-25,vd32aalJehADzXuJE+xgFot022U=,CTHw28qlr/9KccHYfaYlBYQVlPs=
72,-29,vd32aalJehADzXuJE+xgFot022U=,CTHw28qlr/9KccHYfaYlBYQVlPs=
77,-26,vd32aalJehADzXuJE+xgFot022U=,CTHw28qlr/9KccHYfaYlBYQVlPs=
71,-29,O1ewxzS7M/7U1M5kpIkC9gluKvA=,CTHw28qlr/9KccHYfaYlBYQVlPs=
66,-18,vd32aalJehADzXuJE+xgFot022U=,CTHw28qlr/9KccHYfaYlBYQVlPs=
76,-30,vd32aalJehADzXuJE+xgFot022U=,CTHw28qlr/9KccHYfaYlBYQVlPs=
64,-18,vd32aalJehADzXuJE+xgFot022U=,CTHw28qlr/9KccHYfaYlBYQVlPs=
74,-31,vd32aalJehADzXuJE+xgFot022U=,CTHw28qlr/9KccHYfaYlBYQVlPs=
65,-18,vd32aalJehADzXuJE+xgFot022U=,CTHw28qlr/9KccHYfaYlBYQVlPs=
71,-22,vd32aalJehADzXuJE+xgFot022U=,CTHw28qlr/9KccHYfaYlBYQVlPs=
79,-19,vd32aalJehADzXuJE+xgFot022U=,CTHw28qlr/9KccHYfaYlBYQVlPs=
76,-26,vd32aalJehADzXuJE+xgFot022U=,CTHw28qlr/9KccHYfaYlBYQVlPs=
76,-32,vd32aalJehADzXuJE+xgFot022U=,CTHw28qlr/9KccHYfaYlBYQVlPs=
78,-19,vd32aalJehADzXuJE+xgFot022U=,CTHw28qlr/9KccHYfaYlBYQVlPs=
77,-19,vd32aalJehADzXuJE+xgFot022U=,CTHw28qlr/9KccHYfaYlBYQVlPs=
76,-19,vd32aalJehADzXuJE+xgFot022U=,CTHw28qlr/9KccHYfaYlBYQVlPs=
74,-27,vd32aalJehADzXuJE+xgFot022U=,CTHw28qlr/9KccHYfaYlBYQVlPs=
73,-31,vd32aalJehADzXuJE+xgFot022U=,CTHw28qlr/9KccHYfaYlBYQVlPs=
73,-26,vd32aalJehADzXuJE+xgFot022U=,CTHw28qlr/9KccHYfaYlBYQVlPs=
70,-22,vd32aalJehADzXuJE+xgFot022U=,CTHw28qlr/9KccHYfaYlBYQVlPs=
75,-26,vd32aalJehADzXuJE+xgFot022U=,CTHw28qlr/9KccHYfaYlBYQVlPs=
74,-26,vd32aalJehADzXuJE+xgFot022U=,CTHw28qlr/9KccHYfaYlBYQVlPs=
75,-19,vd32aalJehADzXuJE+xgFot022U=,CTHw28qlr/9KccHYfaYlBYQVlPs=
75,-27,vd32aalJehADzXuJE+xgFot022U=,CTHw28qlr/9KccHYfaYlBYQVlPs=
71,-26,vd32aalJehADzXuJE+xgFot022U=,CTHw28qlr/9KccHYfaYlBYQVlPs=
72,-26,vd32aalJehADzXuJE+xgFot022U=,CTHw28qlr/9KccHYfaYlBYQVlPs=
69,-22,vd32aalJehADzXuJE+xgFot022U=,CTHw28qlr/9KccHYfaYlBYQVlPs=
68,-22,vd32aalJehADzXuJE+xgFot022U=,CTHw28qlr/9KccHYfaYlBYQVlPs=
72,-23,vd32aalJehADzXuJE+xgFot022U=,CTHw28qlr/9KccHYfaYlBYQVlPs=
70,-26,vd32aalJehADzXuJE+xgFot022U=,CTHw28qlr/9KccHYfaYlBYQVlPs=
74,-19,vd32aalJehADzXuJE+xgFot022U=,CTHw28qlr/9KccHYfaYlBYQVlPs=
67,-22,vd32aalJehADzXuJE+xgFot022U=,CTHw28qlr/9KccHYfaYlBYQVlPs=
70,-29,O1ewxzS7M/7U1M5kpIkC9gluKvA=,CTHw28qlr/9KccHYfaYlBYQVlPs=
65,-22,vd32aalJehADzXuJE+xgFot022U=,CTHw28qlr/9KccHYfaYlBYQVlPs=
66,-22,vd32aalJehADzXuJE+xgFot022U=,CTHw28qlr/9KccHYfaYlBYQVlPs=
69,-26,vd32aalJehADzXuJE+xgFot022U=,CTHw28qlr/9KccHYfaYlBYQVlPs=
79,-31,vd32aalJehADzXuJE+xgFot022U=,CTHw28qlr/9KccHYfaYlBYQVlPs=
69,-29,O1ewxzS7M/7U1M5kpIkC9gluKvA=,CTHw28qlr/9KccHYfaYlBYQVlPs=
68,-29,O1ewxzS7M/7U1M5kpIkC9gluKvA=,CTHw28qlr/9KccHYfaYlBYQVlPs=
67,-29,O1ewxzS7M/7U1M5kpIkC9gluKvA=,CTHw28qlr/9KccHYfaYlBYQVlPs=
64,-22,vd32aalJehADzXuJE+xgFot022U=,CTHw28qlr/9KccHYfaYlBYQVlPs=
79,-23,vd32aalJehADzXuJE+xgFot022U=,CTHw28qlr/9KccHYfaYlBYQVlPs=
68,-26,vd32aalJehADzXuJE+xgFot022U=,CTHw28qlr/9KccHYfaYlBYQVlPs=
66,-32,vd32aalJehADzXuJE+xgFot022U=,CTHw28qlr/9KccHYfaYlBYQVlPs=
78,-23,vd32aalJehADzXuJE+xgFot022U=,CTHw28qlr/9KccHYfaYlBYQVlPs=
76,-27,O1ewxzS7M/7U1M5kpIkC9gluKvA=,CTHw28qlr/9KccHYfaYlBYQVlPs=
77,-23,vd32aalJehADzXuJE+xgFot022U=,CTHw28qlr/9KccHYfaYlBYQVlPs=
73,-19,vd32aalJehADzXuJE+xgFot022U=,CTHw28qlr/9KccHYfaYlBYQVlPs=
72,-19,vd32aalJehADzXuJE+xgFot022U=,CTHw28qlr/9KccHYfaYlBYQVlPs=
67,-26,vd32aalJehADzXuJE+xgFot022U=,CTHw28qlr/9KccHYfaYlBYQVlPs=
71,-19,vd32aalJehADzXuJE+xgFot022U=,CTHw28qlr/9KccHYfaYlBYQVlPs=
77,-30,vd32aalJehADzXuJE+xgFot022U=,CTHw28qlr/9KccHYfaYlBYQVlPs=
66,-26,vd32aalJehADzXuJE+xgFot022U=,CTHw28qlr/9KccHYfaYlBYQVlPs=
72,-31,O1ewxzS7M/7U1M5kpIkC9gluKvA=,CTHw28qlr/9KccHYfaYlBYQVlPs=
66,-29,O1ewxzS7M/7U1M5kpIkC9gluKvA=,CTHw28qlr/9KccHYfaYlBYQVlPs=
76,-23,vd32aalJehADzXuJE+xgFot022U=,CTHw28qlr/9KccHYfaYlBYQVlPs=
65,-29,vd32aalJehADzXuJE+xgFot022U=,CTHw28qlr/9KccHYfaYlBYQVlPs=
70,-19,vd32aalJehADzXuJE+xgFot022U=,CTHw28qlr/9KccHYfaYlBYQVlPs=
75,-23,vd32aalJehADzXuJE+xgFot022U=,CTHw28qlr/9KccHYfaYlBYQVlPs=
65,-26,vd32aalJehADzXuJE+xgFot022U=,CTHw28qlr/9KccHYfaYlBYQVlPs=
64,-30,vd32aalJehADzXuJE+xgFot022U=,CTHw28qlr/9KccHYfaYlBYQVlPs=
69,-19,vd32aalJehADzXuJE+xgFot022U=,CTHw28qlr/9KccHYfaYlBYQVlPs=
68,-19,vd32aalJehADzXuJE+xgFot022U=,CTHw28qlr/9KccHYfaYlBYQVlPs=
66,-19,vd32aalJehADzXuJE+xgFot022U=,CTHw28qlr/9KccHYfaYlBYQVlPs=
74,-23,vd32aalJehADzXuJE+xgFot022U=,CTHw28qlr/9KccHYfaYlBYQVlPs=
65,-19,vd32aalJehADzXuJE+xgFot022U=,CTHw28qlr/9KccHYfaYlBYQVlPs=
64,-29,vd32aalJehADzXuJE+xgFot022U=,CTHw28qlr/9KccHYfaYlBYQVlPs=
75,-32,vd32aalJehADzXuJE+xgFot022U=,CTHw28qlr/9KccHYfaYlBYQVlPs=
67,-19,vd32aalJehADzXuJE+xgFot022U=,CTHw28qlr/9KccHYfaYlBYQVlPs=
65,-30,vd32aalJehADzXuJE+xgFot022U=,CTHw28qlr/9KccHYfaYlBYQVlPs=
79,-30,vd32aalJehADzXuJE+xgFot022U=,CTHw28qlr/9KccHYfaYlBYQVlPs=
64,-26,O1ewxzS7M/7U1M5kpIkC9gluKvA=,CTHw28qlr/9KccHYfaYlBYQVlPs=
64,-19,vd32aalJehADzXuJE+xgFot022U=,CTHw28qlr/9KccHYfaYlBYQVlPs=
79,-20,vd32aalJehADzXuJE+xgFot022U=,CTHw28qlr/9KccHYfaYlBYQVlPs=
65,-32,vd32aalJehADzXuJE+xgFot022U=,CTHw28qlr/9KccHYfaYlBYQVlPs=
77,-27,O1ewxzS7M/7U1M5kpIkC9gluKvA=,CTHw28qlr/9KccHYfaYlBYQVlPs=
77,-20,vd32aalJehADzXuJE+xgFot022U=,CTHw28qlr/9KccHYfaYlBYQVlPs=
76,-20,vd32aalJehADzXuJE+xgFot022U=,CTHw28qlr/9KccHYfaYlBYQVlPs=
75,-20,vd32aalJehADzXuJE+xgFot022U=,CTHw28qlr/9KccHYfaYlBYQVlPs=
79,-27,O1ewxzS7M/7U1M5kpIkC9gluKvA=,CTHw28qlr/9KccHYfaYlBYQVlPs=
78,-20,vd32aalJehADzXuJE+xgFot022U=,CTHw28qlr/9KccHYfaYlBYQVlPs=
64,-32,vd32aalJehADzXuJE+xgFot022U=,CTHw28qlr/9KccHYfaYlBYQVlPs=
73,-23,vd32aalJehADzXuJE+xgFot022U=,CTHw28qlr/9KccHYfaYlBYQVlPs=
78,-30,vd32aalJehADzXuJE+xgFot022U=,CTHw28qlr/9KccHYfaYlBYQVlPs=
78,-27,O1ewxzS7M/7U1M5kpIkC9gluKvA=,CTHw28qlr/9KccHYfaYlBYQVlPs=
74,-20,vd32aalJehADzXuJE+xgFot022U=,CTHw28qlr/9KccHYfaYlBYQVlPs=
74,-32,vd32aalJehADzXuJE+xgFot022U=,CTHw28qlr/9KccHYfaYlBYQVlPs=
73,-32,vd32aalJehADzXuJE+xgFot022U=,CTHw28qlr/9KccHYfaYlBYQVlPs=
71,-31,O1ewxzS7M/7U1M5kpIkC9gluKvA=,CTHw28qlr/9KccHYfaYlBYQVlPs=
65,-17,vd32aalJehADzXuJE+xgFot022U=,CTHw28qlr/9KccHYfaYlBYQVlPs=
71,-16,Nsh4noRP+YAipND2W5bmGbh8AUg=,Xvyt1fuknolo902frr3IA0I4M84=
72,-12,Nsh4noRP+YAipND2W5bmGbh8AUg=,Xvyt1fuknolo902frr3IA0I4M84=
71,-12,Nsh4noRP+YAipND2W5bmGbh8AUg=,Xvyt1fuknolo902frr3IA0I4M84=
70,-12,Nsh4noRP+YAipND2W5bmGbh8AUg=,Xvyt1fuknolo902frr3IA0I4M84=
72,-15,Nsh4noRP+YAipND2W5bmGbh8AUg=,Xvyt1fuknolo902frr3IA0I4M84=
69,-16,OhoabrtGjf6EHOkJ30FsIoo78bA=,Xvyt1fuknolo902frr3IA0I4M84=
73,-12,Nsh4noRP+YAipND2W5bmGbh8AUg=,Xvyt1fuknolo902frr3IA0I4M84=
74,-12,Nsh4noRP+YAipND2W5bmGbh8AUg=,Xvyt1fuknolo902frr3IA0I4M84=
75,-12,Nsh4noRP+YAipND2W5bmGbh8AUg=,Xvyt1fuknolo902frr3IA0I4M84=
71,-13,vFGlTkq5k900VY6q4F5OMwMl1Is=,Xvyt1fuknolo902frr3IA0I4M84=
70,-13,vFGlTkq5k900VY6q4F5OMwMl1Is=,Xvyt1fuknolo902frr3IA0I4M84=
76,-12,Nsh4noRP+YAipND2W5bmGbh8AUg=,Xvyt1fuknolo902frr3IA0I4M84=
67,-16,vFGlTkq5k900VY6q4F5OMwMl1Is=,Xvyt1fuknolo902frr3IA0I4M84=
77,-12,Nsh4noRP+YAipND2W5bmGbh8AUg=,Xvyt1fuknolo902frr3IA0I4M84=
70,-14,vFGlTkq5k900VY6q4F5OMwMl1Is=,Xvyt1fuknolo902frr3IA0I4M84=
71,-15,Nsh4noRP+YAipND2W5bmGbh8AUg=,Xvyt1fuknolo902frr3IA0I4M84=
78,-12,Nsh4noRP+YAipND2W5bmGbh8AUg=,Xvyt1fuknolo902frr3IA0I4M84=
70,-15,vFGlTkq5k900VY6q4F5OMwMl1Is=,Xvyt1fuknolo902frr3IA0I4M84=
79,-12,Nsh4noRP+YAipND2W5bmGbh8AUg=,Xvyt1fuknolo902frr3IA0I4M84=
71,-14,Nsh4noRP+YAipND2W5bmGbh8AUg=,Xvyt1fuknolo902frr3IA0I4M84=
73,-15,Nsh4noRP+YAipND2W5bmGbh8AUg=,Xvyt1fuknolo902frr3IA0I4M84=
69,-12,Nsh4noRP+YAipND2W5bmGbh8AUg=,Xvyt1fuknolo902frr3IA0I4M84=
68,-12,Nsh4noRP+YAipND2W5bmGbh8AUg=,Xvyt1fuknolo902frr3IA0I4M84=
70,-16,vFGlTkq5k900VY6q4F5OMwMl1Is=,Xvyt1fuknolo902frr3IA0I4M84=
74,-15,Nsh4noRP+YAipND2W5bmGbh8AUg=,Xvyt1fuknolo902frr3IA0I4M84=
64,-11,Nsh4noRP+YAipND2W5bmGbh8AUg=,Xvyt1fuknolo902frr3IA0I4M84=
75,-15,Nsh4noRP+YAipND2W5bmGbh8AUg=,Xvyt1fuknolo902frr3IA0I4M84=
65,-11,Nsh4noRP+YAipND2W5bmGbh8AUg=,Xvyt1fuknolo902frr3IA0I4M84=
78,-13,vFGlTkq5k900VY6q4F5OMwMl1Is=,Xvyt1fuknolo902frr3IA0I4M84=
79,-13,vFGlTkq5k900VY6q4F5OMwMl1Is=,Xvyt1fuknolo902frr3IA0I4M84=
77,-13,OhoabrtGjf6EHOkJ30FsIoo78bA=,Xvyt1fuknolo902frr3IA0I4M84=
76,-13,OhoabrtGjf6EHOkJ30FsIoo78bA=,Xvyt1fuknolo902frr3IA0I4M84=
75,-13,OhoabrtGjf6EHOkJ30FsIoo78bA=,Xvyt1fuknolo902frr3IA0I4M84=
73,-13,OhoabrtGjf6EHOkJ30FsIoo78bA=,Xvyt1fuknolo902frr3IA0I4M84=
74,-13,OhoabrtGjf6EHOkJ30FsIoo78bA=,Xvyt1fuknolo902frr3IA0I4M84=
72,-13,vFGlTkq5k900VY6q4F5OMwMl1Is=,Xvyt1fuknolo902frr3IA0I4M84=
68,-16,vFGlTkq5k900VY6q4F5OMwMl1Is=,Xvyt1fuknolo902frr3IA0I4M84=
69,-13,OhoabrtGjf6EHOkJ30FsIoo78bA=,Xvyt1fuknolo902frr3IA0I4M84=
79,-1,vFGlTkq5k900VY6q4F5OMwMl1Is=,Xvyt1fuknolo902frr3IA0I4M84=
65,-12,vFGlTkq5k900VY6q4F5OMwMl1Is=,Xvyt1fuknolo902frr3IA0I4M84=
78,-1,vFGlTkq5k900VY6q4F5OMwMl1Is=,Xvyt1fuknolo902frr3IA0I4M84=
77,-1,vFGlTkq5k900VY6q4F5OMwMl1Is=,Xvyt1fuknolo902frr3IA0I4M84=
76,-1,vFGlTkq5k900VY6q4F5OMwMl1Is=,Xvyt1fuknolo902frr3IA0I4M84=
75,-1,vFGlTkq5k900VY6q4F5OMwMl1Is=,Xvyt1fuknolo902frr3IA0I4M84=
74,-1,vFGlTkq5k900VY6q4F5OMwMl1Is=,Xvyt1fuknolo902frr3IA0I4M84=
73,-1,vFGlTkq5k900VY6q4F5OMwMl1Is=,Xvyt1fuknolo902frr3IA0I4M84=
72,-1,vFGlTkq5k900VY6q4F5OMwMl1Is=,Xvyt1fuknolo902frr3IA0I4M84=
71,-1,vFGlTkq5k900VY6q4F5OMwMl1Is=,Xvyt1fuknolo902frr3IA0I4M84=
70,-1,vFGlTkq5k900VY6q4F5OMwMl1Is=,Xvyt1fuknolo902frr3IA0I4M84=
69,-1,vFGlTkq5k900VY6q4F5OMwMl1Is=,Xvyt1fuknolo902frr3IA0I4M84=
68,-1,vFGlTkq5k900VY6q4F5OMwMl1Is=,Xvyt1fuknolo902frr3IA0I4M84=
67,-1,vFGlTkq5k900VY6q4F5OMwMl1Is=,Xvyt1fuknolo902frr3IA0I4M84=
69,-15,vFGlTkq5k900VY6q4F5OMwMl1Is=,Xvyt1fuknolo902frr3IA0I4M84=
67,-12,vFGlTkq5k900VY6q4F5OMwMl1Is=,Xvyt1fuknolo902frr3IA0I4M84=
64,-16,Nsh4noRP+YAipND2W5bmGbh8AUg=,Xvyt1fuknolo902frr3IA0I4M84=
66,-11,Nsh4noRP+YAipND2W5bmGbh8AUg=,Xvyt1fuknolo902frr3IA0I4M84=
76,-15,Nsh4noRP+YAipND2W5bmGbh8AUg=,Xvyt1fuknolo902frr3IA0I4M84=
65,-16,vFGlTkq5k900VY6q4F5OMwMl1Is=,Xvyt1fuknolo902frr3IA0I4M84=
64,-12,vFGlTkq5k900VY6q4F5OMwMl1Is=,Xvyt1fuknolo902frr3IA0I4M84=
79,-2,vFGlTkq5k900VY6q4F5OMwMl1Is=,Xvyt1fuknolo902frr3IA0I4M84=
78,-2,vFGlTkq5k900VY6q4F5OMwMl1Is=,Xvyt1fuknolo902frr3IA0I4M84=
77,-2,vFGlTkq5k900VY6q4F5OMwMl1Is=,Xvyt1fuknolo902frr3IA0I4M84=
76,-2,vFGlTkq5k900VY6q4F5OMwMl1Is=,Xvyt1fuknolo902frr3IA0I4M84=
75,-2,vFGlTkq5k900VY6q4F5OMwMl1Is=,Xvyt1fuknolo902frr3IA0I4M84=
74,-2,vFGlTkq5k900VY6q4F5OMwMl1Is=,Xvyt1fuknolo902frr3IA0I4M84=
73,-2,vFGlTkq5k900VY6q4F5OMwMl1Is=,Xvyt1fuknolo902frr3IA0I4M84=
72,-2,vFGlTkq5k900VY6q4F5OMwMl1Is=,Xvyt1fuknolo902frr3IA0I4M84=
71,-2,vFGlTkq5k900VY6q4F5OMwMl1Is=,Xvyt1fuknolo902frr3IA0I4M84=
70,-2,vFGlTkq5k900VY6q4F5OMwMl1Is=,Xvyt1fuknolo902frr3IA0I4M84=
69,-2,vFGlTkq5k900VY6q4F5OMwMl1Is=,Xvyt1fuknolo902frr3IA0I4M84=
68,-2,vFGlTkq5k900VY6q4F5OMwMl1Is=,Xvyt1fuknolo902frr3IA0I4M84=
67,-2,vFGlTkq5k900VY6q4F5OMwMl1Is=,Xvyt1fuknolo902frr3IA0I4M84=
68,-13,vFGlTkq5k900VY6q4F5OMwMl1Is=,Xvyt1fuknolo902frr3IA0I4M84=
66,-1,vFGlTkq5k900VY6q4F5OMwMl1Is=,Xvyt1fuknolo902frr3IA0I4M84=
68,-15,vFGlTkq5k900VY6q4F5OMwMl1Is=,Xvyt1fuknolo902frr3IA0I4M84=
64,-2,vFGlTkq5k900VY6q4F5OMwMl1Is=,Xvyt1fuknolo902frr3IA0I4M84=
79,-3,vFGlTkq5k900VY6q4F5OMwMl1Is=,Xvyt1fuknolo902frr3IA0I4M84=
78,-3,vFGlTkq5k900VY6q4F5OMwMl1Is=,Xvyt1fuknolo902frr3IA0I4M84=
66,-12,vFGlTkq5k900VY6q4F5OMwMl1Is=,Xvyt1fuknolo902frr3IA0I4M84=
67,-15,vFGlTkq5k900VY6q4F5OMwMl1Is=,Xvyt1fuknolo902frr3IA0I4M84=
77,-3,vFGlTkq5k900VY6q4F5OMwMl1Is=,Xvyt1fuknolo902frr3IA0I4M84=
76,-3,vFGlTkq5k900VY6q4F5OMwMl1Is=,Xvyt1fuknolo902frr3IA0I4M84=
75,-3,vFGlTkq5k900VY6q4F5OMwMl1Is=,Xvyt1fuknolo902frr3IA0I4M84=
74,-3,Nsh4noRP+YAipND2W5bmGbh8AUg=,Xvyt1fuknolo902frr3IA0I4M84=
73,-3,vFGlTkq5k900VY6q4F5OMwMl1Is=,Xvyt1fuknolo902frr3IA0I4M84=
67,-11,Nsh4noRP+YAipND2W5bmGbh8AUg=,Xvyt1fuknolo902frr3IA0I4M84=
72,-14,Nsh4noRP+YAipND2W5bmGbh8AUg=,Xvyt1fuknolo902frr3IA0I4M84=
72,-16,Nsh4noRP+YAipND2W5bmGbh8AUg=,Xvyt1fuknolo902frr3IA0I4M84=
68,-11,Nsh4noRP+YAipND2W5bmGbh8AUg=,Xvyt1fuknolo902frr3IA0I4M84=
69,-11,Nsh4noRP+YAipND2W5bmGbh8AUg=,Xvyt1fuknolo902frr3IA0I4M84=
70,-11,Nsh4noRP+YAipND2W5bmGbh8AUg=,Xvyt1fuknolo902frr3IA0I4M84=
71,-11,Nsh4noRP+YAipND2W5bmGbh8AUg=,Xvyt1fuknolo902frr3IA0I4M84=
72,-11,Nsh4noRP+YAipND2W5bmGbh8AUg=,Xvyt1fuknolo902frr3IA0I4M84=
73,-11,Nsh4noRP+YAipND2W5bmGbh8AUg=,Xvyt1fuknolo902frr3IA0I4M84=
74,-11,Nsh4noRP+YAipND2W5bmGbh8AUg=,Xvyt1fuknolo902frr3IA0I4M84=
75,-11,Nsh4noRP+YAipND2W5bmGbh8AUg=,Xvyt1fuknolo902frr3IA0I4M84=
76,-11,Nsh4noRP+YAipND2W5bmGbh8AUg=,Xvyt1fuknolo902frr3IA0I4M84=
77,-11,Nsh4noRP+YAipND2W5bmGbh8AUg=,Xvyt1fuknolo902frr3IA0I4M84=
78,-11,Nsh4noRP+YAipND2W5bmGbh8AUg=,Xvyt1fuknolo902frr3IA0I4M84=
79,-11,Nsh4noRP+YAipND2W5bmGbh8AUg=,Xvyt1fuknolo902frr3IA0I4M84=
77,-15,Nsh4noRP+YAipND2W5bmGbh8AUg=,Xvyt1fuknolo902frr3IA0I4M84=
64,-10,Nsh4noRP+YAipND2W5bmGbh8AUg=,Xvyt1fuknolo902frr3IA0I4M84=
64,-1,vFGlTkq5k900VY6q4F5OMwMl1Is=,Xvyt1fuknolo902frr3IA0I4M84=
72,-3,vFGlTkq5k900VY6q4F5OMwMl1Is=,Xvyt1fuknolo902frr3IA0I4M84=
71,-3,vFGlTkq5k900VY6q4F5OMwMl1Is=,Xvyt1fuknolo902frr3IA0I4M84=
70,-3,vFGlTkq5k900VY6q4F5OMwMl1Is=,Xvyt1fuknolo902frr3IA0I4M84=
69,-3,vFGlTkq5k900VY6q4F5OMwMl1Is=,Xvyt1fuknolo902frr3IA0I4M84=
68,-3,vFGlTkq5k900VY6q4F5OMwMl1Is=,Xvyt1fuknolo902frr3IA0I4M84=
67,-3,vFGlTkq5k900VY6q4F5OMwMl1Is=,Xvyt1fuknolo902frr3IA0I4M84=
65,-1,vFGlTkq5k900VY6q4F5OMwMl1Is=,Xvyt1fuknolo902frr3IA0I4M84=
69,-14,OhoabrtGjf6EHOkJ30FsIoo78bA=,Xvyt1fuknolo902frr3IA0I4M84=
68,-14,vFGlTkq5k900VY6q4F5OMwMl1Is=,Xvyt1fuknolo902frr3IA0I4M84=
67,-13,vFGlTkq5k900VY6q4F5OMwMl1Is=,Xvyt1fuknolo902frr3IA0I4M84=
66,-2,vFGlTkq5k900VY6q4F5OMwMl1Is=,Xvyt1fuknolo902frr3IA0I4M84=
79,-4,vFGlTkq5k900VY6q4F5OMwMl1Is=,Xvyt1fuknolo902frr3IA0I4M84=
78,-4,vFGlTkq5k900VY6q4F5OMwMl1Is=,Xvyt1fuknolo902frr3IA0I4M84=
77,-4,vFGlTkq5k900VY6q4F5OMwMl1Is=,Xvyt1fuknolo902frr3IA0I4M84=
76,-4,Nsh4noRP+YAipND2W5bmGbh8AUg=,Xvyt1fuknolo902frr3IA0I4M84=
75,-4,Nsh4noRP+YAipND2W5bmGbh8AUg=,Xvyt1fuknolo902frr3IA0I4M84=
66,-3,vFGlTkq5k900VY6q4F5OMwMl1Is=,Xvyt1fuknolo902frr3IA0I4M84=
65,-2,vFGlTkq5k900VY6q4F5OMwMl1Is=,Xvyt1fuknolo902frr3IA0I4M84=
74,-4,Nsh4noRP+YAipND2W5bmGbh8AUg=,Xvyt1fuknolo902frr3IA0I4M84=
73,-4,Nsh4noRP+YAipND2W5bmGbh8AUg=,Xvyt1fuknolo902frr3IA0I4M84=
72,-4,Nsh4noRP+YAipND2W5bmGbh8AUg=,Xvyt1fuknolo902frr3IA0I4M84=
71,-4,Nsh4noRP+YAipND2W5bmGbh8AUg=,Xvyt1fuknolo902frr3IA0I4M84=
70,-4,Nsh4noRP+YAipND2W5bmGbh8AUg=,Xvyt1fuknolo902frr3IA0I4M84=
69,-4,Nsh4noRP+YAipND2W5bmGbh8AUg=,Xvyt1fuknolo902frr3IA0I4M84=
68,-4,Nsh4noRP+YAipND2W5bmGbh8AUg=,Xvyt1fuknolo902frr3IA0I4M84=
67,-4,Nsh4noRP+YAipND2W5bmGbh8AUg=,Xvyt1fuknolo902frr3IA0I4M84=
66,-15,Nsh4noRP+YAipND2W5bmGbh8AUg=,Xvyt1fuknolo902frr3IA0I4M84=
66,-4,Nsh4noRP+YAipND2W5bmGbh8AUg=,Xvyt1fuknolo902frr3IA0I4M84=
65,-3,vFGlTkq5k900VY6q4F5OMwMl1Is=,Xvyt1fuknolo902frr3IA0I4M84=
79,-5,Nsh4noRP+YAipND2W5bmGbh8AUg=,Xvyt1fuknolo902frr3IA0I4M84=
78,-5,Nsh4noRP+YAipND2W5bmGbh8AUg=,Xvyt1fuknolo902frr3IA0I4M84=
77,-5,Nsh4noRP+YAipND2W5bmGbh8AUg=,Xvyt1fuknolo902frr3IA0I4M84=
76,-5,Nsh4noRP+YAipND2W5bmGbh8AUg=,Xvyt1fuknolo902frr3IA0I4M84=
75,-5,Nsh4noRP+YAipND2W5bmGbh8AUg=,Xvyt1fuknolo902frr3IA0I4M84=
65,-10,Nsh4noRP+YAipND2W5bmGbh8AUg=,Xvyt1fuknolo902frr3IA0I4M84=
65,-4,Nsh4noRP+YAipND2W5bmGbh8AUg=,Xvyt1fuknolo902frr3IA0I4M84=
64,-13,Nsh4noRP+YAipND2W5bmGbh8AUg=,Xvyt1fuknolo902frr3IA0I4M84=
74,-5,Nsh4noRP+YAipND2W5bmGbh8AUg=,Xvyt1fuknolo902frr3IA0I4M84=
73,-5,Nsh4noRP+YAipND2W5bmGbh8AUg=,Xvyt1fuknolo902frr3IA0I4M84=
72,-5,Nsh4noRP+YAipND2W5bmGbh8AUg=,Xvyt1fuknolo902frr3IA0I4M84=
71,-5,Nsh4noRP+YAipND2W5bmGbh8AUg=,Xvyt1fuknolo902frr3IA0I4M84=
70,-5,Nsh4noRP+YAipND2W5bmGbh8AUg=,Xvyt1fuknolo902frr3IA0I4M84=
69,-5,Nsh4noRP+YAipND2W5bmGbh8AUg=,Xvyt1fuknolo902frr3IA0I4M84=
68,-5,Nsh4noRP+YAipND2W5bmGbh8AUg=,Xvyt1fuknolo902frr3IA0I4M84=
67,-5,Nsh4noRP+YAipND2W5bmGbh8AUg=,Xvyt1fuknolo902frr3IA0I4M84=
66,-5,Nsh4noRP+YAipND2W5bmGbh8AUg=,Xvyt1fuknolo902frr3IA0I4M84=
66,-13,vFGlTkq5k900VY6q4F5OMwMl1Is=,Xvyt1fuknolo902frr3IA0I4M84=
65,-5,Nsh4noRP+YAipND2W5bmGbh8AUg=,Xvyt1fuknolo902frr3IA0I4M84=
65,-13,Nsh4noRP+YAipND2W5bmGbh8AUg=,Xvyt1fuknolo902frr3IA0I4M84=
79,-6,Nsh4noRP+YAipND2W5bmGbh8AUg=,Xvyt1fuknolo902frr3IA0I4M84=
78,-6,Nsh4noRP+YAipND2W5bmGbh8AUg=,Xvyt1fuknolo902frr3IA0I4M84=
77,-6,Nsh4noRP+YAipND2W5bmGbh8AUg=,Xvyt1fuknolo902frr3IA0I4M84=
76,-6,Nsh4noRP+YAipND2W5bmGbh8AUg=,Xvyt1fuknolo902frr3IA0I4M84=
75,-6,Nsh4noRP+YAipND2W5bmGbh8AUg=,Xvyt1fuknolo902frr3IA0I4M84=
79,-16,Nsh4noRP+YAipND2W5bmGbh8AUg=,Xvyt1fuknolo902frr3IA0I4M84=
78,-16,Nsh4noRP+YAipND2W5bmGbh8AUg=,Xvyt1fuknolo902frr3IA0I4M84=
79,-14,Nsh4noRP+YAipND2W5bmGbh8AUg=,Xvyt1fuknolo902frr3IA0I4M84=
74,-6,Nsh4noRP+YAipND2W5bmGbh8AUg=,Xvyt1fuknolo902frr3IA0I4M84=
78,-14,Nsh4noRP+YAipND2W5bmGbh8AUg=,Xvyt1fuknolo902frr3IA0I4M84=
73,-6,Nsh4noRP+YAipND2W5bmGbh8AUg=,Xvyt1fuknolo902frr3IA0I4M84=
72,-6,Nsh4noRP+YAipND2W5bmGbh8AUg=,Xvyt1fuknolo902frr3IA0I4M84=
71,-6,Nsh4noRP+YAipND2W5bmGbh8AUg=,Xvyt1fuknolo902frr3IA0I4M84=
70,-6,Nsh4noRP+YAipND2W5bmGbh8AUg=,Xvyt1fuknolo902frr3IA0I4M84=
69,-6,Nsh4noRP+YAipND2W5bmGbh8AUg=,Xvyt1fuknolo902frr3IA0I4M84=
68,-6,Nsh4noRP+YAipND2W5bmGbh8AUg=,Xvyt1fuknolo902frr3IA0I4M84=
67,-6,Nsh4noRP+YAipND2W5bmGbh8AUg=,Xvyt1fuknolo902frr3IA0I4M84=
64,-3,vFGlTkq5k900VY6q4F5OMwMl1Is=,Xvyt1fuknolo902frr3IA0I4M84=
64,-4,Nsh4noRP+YAipND2W5bmGbh8AUg=,Xvyt1fuknolo902frr3IA0I4M84=
66,-6,Nsh4noRP+YAipND2W5bmGbh8AUg=,Xvyt1fuknolo902frr3IA0I4M84=
79,-7,Nsh4noRP+YAipND2W5bmGbh8AUg=,Xvyt1fuknolo902frr3IA0I4M84=
78,-7,Nsh4noRP+YAipND2W5bmGbh8AUg=,Xvyt1fuknolo902frr3IA0I4M84=
77,-7,Nsh4noRP+YAipND2W5bmGbh8AUg=,Xvyt1fuknolo902frr3IA0I4M84=
76,-7,Nsh4noRP+YAipND2W5bmGbh8AUg=,Xvyt1fuknolo902frr3IA0I4M84=
77,-16,Nsh4noRP+YAipND2W5bmGbh8AUg=,Xvyt1fuknolo902frr3IA0I4M84=
77,-14,Nsh4noRP+YAipND2W5bmGbh8AUg=,Xvyt1fuknolo902frr3IA0I4M84=
75,-7,Nsh4noRP+YAipND2W5bmGbh8AUg=,Xvyt1fuknolo902frr3IA0I4M84=
74,-7,Nsh4noRP+YAipND2W5bmGbh8AUg=,Xvyt1fuknolo902frr3IA0I4M84=
73,-7,Nsh4noRP+YAipND2W5bmGbh8AUg=,Xvyt1fuknolo902frr3IA0I4M84=
72,-7,Nsh4noRP+YAipND2W5bmGbh8AUg=,Xvyt1fuknolo902frr3IA0I4M84=
71,-7,Nsh4noRP+YAipND2W5bmGbh8AUg=,Xvyt1fuknolo902frr3IA0I4M84=
70,-7,Nsh4noRP+YAipND2W5bmGbh8AUg=,Xvyt1fuknolo902frr3IA0I4M84=
69,-7,Nsh4noRP+YAipND2W5bmGbh8AUg=,Xvyt1fuknolo902frr3IA0I4M84=
68,-7,Nsh4noRP+YAipND2W5bmGbh8AUg=,Xvyt1fuknolo902frr3IA0I4M84=
67,-7,Nsh4noRP+YAipND2W5bmGbh8AUg=,Xvyt1fuknolo902frr3IA0I4M84=
76,-14,Nsh4noRP+YAipND2W5bmGbh8AUg=,Xvyt1fuknolo902frr3IA0I4M84=
65,-15,Nsh4noRP+YAipND2W5bmGbh8AUg=,Xvyt1fuknolo902frr3IA0I4M84=
65,-6,Nsh4noRP+YAipND2W5bmGbh8AUg=,Xvyt1fuknolo902frr3IA0I4M84=
66,-7,Nsh4noRP+YAipND2W5bmGbh8AUg=,Xvyt1fuknolo902frr3IA0I4M84=
79,-8,Nsh4noRP+YAipND2W5bmGbh8AUg=,Xvyt1fuknolo902frr3IA0I4M84=
78,-8,Nsh4noRP+YAipND2W5bmGbh8AUg=,Xvyt1fuknolo902frr3IA0I4M84=
66,-10,Nsh4noRP+YAipND2W5bmGbh8AUg=,Xvyt1fuknolo902frr3IA0I4M84=
73,-14,Nsh4noRP+YAipND2W5bmGbh8AUg=,Xvyt1fuknolo902frr3IA0I4M84=
73,-16,Nsh4noRP+YAipND2W5bmGbh8AUg=,Xvyt1fuknolo902frr3IA0I4M84=
67,-10,Nsh4noRP+YAipND2W5bmGbh8AUg=,Xvyt1fuknolo902frr3IA0I4M84=
68,-10,Nsh4noRP+YAipND2W5bmGbh8AUg=,Xvyt1fuknolo902frr3IA0I4M84=
69,-10,Nsh4noRP+YAipND2W5bmGbh8AUg=,Xvyt1fuknolo902frr3IA0I4M84=
70,-10,Nsh4noRP+YAipND2W5bmGbh8AUg=,Xvyt1fuknolo902frr3IA0I4M84=
71,-10,Nsh4noRP+YAipND2W5bmGbh8AUg=,Xvyt1fuknolo902frr3IA0I4M84=
72,-10,Nsh4noRP+YAipND2W5bmGbh8AUg=,Xvyt1fuknolo902frr3IA0I4M84=
73,-10,Nsh4noRP+YAipND2W5bmGbh8AUg=,Xvyt1fuknolo902frr3IA0I4M84=
78,-15,Nsh4noRP+YAipND2W5bmGbh8AUg=,Xvyt1fuknolo902frr3IA0I4M84=
79,-15,Nsh4noRP+YAipND2W5bmGbh8AUg=,Xvyt1fuknolo902frr3IA0I4M84=
74,-10,Nsh4noRP+YAipND2W5bmGbh8AUg=,Xvyt1fuknolo902frr3IA0I4M84=
76,-10,Nsh4noRP+YAipND2W5bmGbh8AUg=,Xvyt1fuknolo902frr3IA0I4M84=
64,-5,Nsh4noRP+YAipND2W5bmGbh8AUg=,Xvyt1fuknolo902frr3IA0I4M84=
75,-10,Nsh4noRP+YAipND2W5bmGbh8AUg=,Xvyt1fuknolo902frr3IA0I4M84=
77,-8,Nsh4noRP+YAipND2W5bmGbh8AUg=,Xvyt1fuknolo902frr3IA0I4M84=
76,-8,Nsh4noRP+YAipND2W5bmGbh8AUg=,Xvyt1fuknolo902frr3IA0I4M84=
75,-8,Nsh4noRP+YAipND2W5bmGbh8AUg=,Xvyt1fuknolo902frr3IA0I4M84=
76,-16,Nsh4noRP+YAipND2W5bmGbh8AUg=,Xvyt1fuknolo902frr3IA0I4M84=
75,-14,Nsh4noRP+YAipND2W5bmGbh8AUg=,Xvyt1fuknolo902frr3IA0I4M84=
74,-8,Nsh4noRP+YAipND2W5bmGbh8AUg=,Xvyt1fuknolo902frr3IA0I4M84=
73,-8,Nsh4noRP+YAipND2W5bmGbh8AUg=,Xvyt1fuknolo902frr3IA0I4M84=
72,-8,Nsh4noRP+YAipND2W5bmGbh8AUg=,Xvyt1fuknolo902frr3IA0I4M84=
71,-8,Nsh4noRP+YAipND2W5bmGbh8AUg=,Xvyt1fuknolo902frr3IA0I4M84=
66,-14,vFGlTkq5k900VY6q4F5OMwMl1Is=,Xvyt1fuknolo902frr3IA0I4M84=
70,-8,Nsh4noRP+YAipND2W5bmGbh8AUg=,Xvyt1fuknolo902frr3IA0I4M84=
69,-8,Nsh4noRP+YAipND2W5bmGbh8AUg=,Xvyt1fuknolo902frr3IA0I4M84=
65,-7,Nsh4noRP+YAipND2W5bmGbh8AUg=,Xvyt1fuknolo902frr3IA0I4M84=
68,-8,Nsh4noRP+YAipND2W5bmGbh8AUg=,Xvyt1fuknolo902frr3IA0I4M84=
64,-15,Nsh4noRP+YAipND2W5bmGbh8AUg=,Xvyt1fuknolo902frr3IA0I4M84=
64,-14,vFGlTkq5k900VY6q4F5OMwMl1Is=,Xvyt1fuknolo902frr3IA0I4M84=
66,-16,Nsh4noRP+YAipND2W5bmGbh8AUg=,Xvyt1fuknolo902frr3IA0I4M84=
64,-7,Nsh4noRP+YAipND2W5bmGbh8AUg=,Xvyt1fuknolo902frr3IA0I4M84=
77,-10,Nsh4noRP+YAipND2W5bmGbh8AUg=,Xvyt1fuknolo902frr3IA0I4M84=
78,-10,Nsh4noRP+YAipND2W5bmGbh8AUg=,Xvyt1fuknolo902frr3IA0I4M84=
79,-10,Nsh4noRP+YAipND2W5bmGbh8AUg=,Xvyt1fuknolo902frr3IA0I4M84=
64,-9,Nsh4noRP+YAipND2W5bmGbh8AUg=,Xvyt1fuknolo902frr3IA0I4M84=
64,-8,Nsh4noRP+YAipND2W5bmGbh8AUg=,Xvyt1fuknolo902frr3IA0I4M84=
64,-6,Nsh4noRP+YAipND2W5bmGbh8AUg=,Xvyt1fuknolo902frr3IA0I4M84=
79,-9,Nsh4noRP+YAipND2W5bmGbh8AUg=,Xvyt1fuknolo902frr3IA0I4M84=
78,-9,Nsh4noRP+YAipND2W5bmGbh8AUg=,Xvyt1fuknolo902frr3IA0I4M84=
77,-9,Nsh4noRP+YAipND2W5bmGbh8AUg=,Xvyt1fuknolo902frr3IA0I4M84=
76,-9,Nsh4noRP+YAipND2W5bmGbh8AUg=,Xvyt1fuknolo902frr3IA0I4M84=
75,-9,Nsh4noRP+YAipND2W5bmGbh8AUg=,Xvyt1fuknolo902frr3IA0I4M84=
74,-9,Nsh4noRP+YAipND2W5bmGbh8AUg=,Xvyt1fuknolo902frr3IA0I4M84=
73,-9,Nsh4noRP+YAipND2W5bmGbh8AUg=,Xvyt1fuknolo902frr3IA0I4M84=
75,-16,Nsh4noRP+YAipND2W5bmGbh8AUg=,Xvyt1fuknolo902frr3IA0I4M84=
72,-9,Nsh4noRP+YAipND2W5bmGbh8AUg=,Xvyt1fuknolo902frr3IA0I4M84=
71,-9,Nsh4noRP+YAipND2W5bmGbh8AUg=,Xvyt1fuknolo902frr3IA0I4M84=
70,-9,Nsh4noRP+YAipND2W5bmGbh8AUg=,Xvyt1fuknolo902frr3IA0I4M84=
69,-9,Nsh4noRP+YAipND2W5bmGbh8AUg=,Xvyt1fuknolo902frr3IA0I4M84=
68,-9,Nsh4noRP+YAipND2W5bmGbh8AUg=,Xvyt1fuknolo902frr3IA0I4M84=
74,-16,Nsh4noRP+YAipND2W5bmGbh8AUg=,Xvyt1fuknolo902frr3IA0I4M84=
74,-14,Nsh4noRP+YAipND2W5bmGbh8AUg=,Xvyt1fuknolo902frr3IA0I4M84=
67,-9,Nsh4noRP+YAipND2W5bmGbh8AUg=,Xvyt1fuknolo902frr3IA0I4M84=
67,-8,Nsh4noRP+YAipND2W5bmGbh8AUg=,Xvyt1fuknolo902frr3IA0I4M84=
65,-9,Nsh4noRP+YAipND2W5bmGbh8AUg=,Xvyt1fuknolo902frr3IA0I4M84=
67,-14,vFGlTkq5k900VY6q4F5OMwMl1Is=,Xvyt1fuknolo902frr3IA0I4M84=
66,-8,Nsh4noRP+YAipND2W5bmGbh8AUg=,Xvyt1fuknolo902frr3IA0I4M84=
65,-14,vFGlTkq5k900VY6q4F5OMwMl1Is=,Xvyt1fuknolo902frr3IA0I4M84=
66,-9,Nsh4noRP+YAipND2W5bmGbh8AUg=,Xvyt1fuknolo902frr3IA0I4M84=
65,-8,Nsh4noRP+YAipND2W5bmGbh8AUg=,Xvyt1fuknolo902frr3IA0I4M84=
87,-13,SrWCn+Gh1vxEJMbQSc54fjCovus=,eP8BhO1/zc/65NDlLVyrCHt9KdA=
86,-13,SrWCn+Gh1vxEJMbQSc54fjCovus=,eP8BhO1/zc/65NDlLVyrCHt9KdA=
85,-16,SrWCn+Gh1vxEJMbQSc54fjCovus=,eP8BhO1/zc/65NDlLVyrCHt9KdA=
86,-14,SrWCn+Gh1vxEJMbQSc54fjCovus=,eP8BhO1/zc/65NDlLVyrCHt9KdA=
85,-14,SrWCn+Gh1vxEJMbQSc54fjCovus=,eP8BhO1/zc/65NDlLVyrCHt9KdA=
83,-16,SrWCn+Gh1vxEJMbQSc54fjCovus=,eP8BhO1/zc/65NDlLVyrCHt9KdA=
85,-13,SrWCn+Gh1vxEJMbQSc54fjCovus=,eP8BhO1/zc/65NDlLVyrCHt9KdA=
84,-13,SrWCn+Gh1vxEJMbQSc54fjCovus=,eP8BhO1/zc/65NDlLVyrCHt9KdA=
83,-13,SrWCn+Gh1vxEJMbQSc54fjCovus=,eP8BhO1/zc/65NDlLVyrCHt9KdA=
85,-15,SrWCn+Gh1vxEJMbQSc54fjCovus=,eP8BhO1/zc/65NDlLVyrCHt9KdA=
84,-15,SrWCn+Gh1vxEJMbQSc54fjCovus=,eP8BhO1/zc/65NDlLVyrCHt9KdA=
81,-16,SrWCn+Gh1vxEJMbQSc54fjCovus=,eP8BhO1/zc/65NDlLVyrCHt9KdA=
82,-13,SrWCn+Gh1vxEJMbQSc54fjCovus=,eP8BhO1/zc/65NDlLVyrCHt9KdA=
84,-14,SrWCn+Gh1vxEJMbQSc54fjCovus=,eP8BhO1/zc/65NDlLVyrCHt9KdA=
81,-13,SrWCn+Gh1vxEJMbQSc54fjCovus=,eP8BhO1/zc/65NDlLVyrCHt9KdA=
84,-16,SrWCn+Gh1vxEJMbQSc54fjCovus=,eP8BhO1/zc/65NDlLVyrCHt9KdA=
83,-14,SrWCn+Gh1vxEJMbQSc54fjCovus=,eP8BhO1/zc/65NDlLVyrCHt9KdA=
93,-2,SrWCn+Gh1vxEJMbQSc54fjCovus=,eP8BhO1/zc/65NDlLVyrCHt9KdA=
92,-2,SrWCn+Gh1vxEJMbQSc54fjCovus=,eP8BhO1/zc/65NDlLVyrCHt9KdA=
91,-2,SrWCn+Gh1vxEJMbQSc54fjCovus=,eP8BhO1/zc/65NDlLVyrCHt9KdA=
90,-2,SrWCn+Gh1vxEJMbQSc54fjCovus=,eP8BhO1/zc/65NDlLVyrCHt9KdA=
89,-2,SrWCn+Gh1vxEJMbQSc54fjCovus=,eP8BhO1/zc/65NDlLVyrCHt9KdA=
88,-2,SrWCn+Gh1vxEJMbQSc54fjCovus=,eP8BhO1/zc/65NDlLVyrCHt9KdA=
81,-2,SrWCn+Gh1vxEJMbQSc54fjCovus=,eP8BhO1/zc/65NDlLVyrCHt9KdA=
83,-15,SrWCn+Gh1vxEJMbQSc54fjCovus=,eP8BhO1/zc/65NDlLVyrCHt9KdA=
82,-14,SrWCn+Gh1vxEJMbQSc54fjCovus=,eP8BhO1/zc/65NDlLVyrCHt9KdA=
80,-2,SrWCn+Gh1vxEJMbQSc54fjCovus=,eP8BhO1/zc/65NDlLVyrCHt9KdA=
92,-3,SrWCn+Gh1vxEJMbQSc54fjCovus=,eP8BhO1/zc/65NDlLVyrCHt9KdA=
91,-3,SrWCn+Gh1vxEJMbQSc54fjCovus=,eP8BhO1/zc/65NDlLVyrCHt9KdA=
90,-3,SrWCn+Gh1vxEJMbQSc54fjCovus=,eP8BhO1/zc/65NDlLVyrCHt9KdA=
89,-3,SrWCn+Gh1vxEJMbQSc54fjCovus=,eP8BhO1/zc/65NDlLVyrCHt9KdA=
88,-3,SrWCn+Gh1vxEJMbQSc54fjCovus=,eP8BhO1/zc/65NDlLVyrCHt9KdA=
87,-3,SrWCn+Gh1vxEJMbQSc54fjCovus=,eP8BhO1/zc/65NDlLVyrCHt9KdA=
86,-3,SrWCn+Gh1vxEJMbQSc54fjCovus=,eP8BhO1/zc/65NDlLVyrCHt9KdA=
82,-3,SrWCn+Gh1vxEJMbQSc54fjCovus=,eP8BhO1/zc/65NDlLVyrCHt9KdA=
81,-3,SrWCn+Gh1vxEJMbQSc54fjCovus=,eP8BhO1/zc/65NDlLVyrCHt9KdA=
82,-15,SrWCn+Gh1vxEJMbQSc54fjCovus=,eP8BhO1/zc/65NDlLVyrCHt9KdA=
81,-14,SrWCn+Gh1vxEJMbQSc54fjCovus=,eP8BhO1/zc/65NDlLVyrCHt9KdA=
92,-4,SrWCn+Gh1vxEJMbQSc54fjCovus=,eP8BhO1/zc/65NDlLVyrCHt9KdA=
91,-4,SrWCn+Gh1vxEJMbQSc54fjCovus=,eP8BhO1/zc/65NDlLVyrCHt9KdA=
90,-4,SrWCn+Gh1vxEJMbQSc54fjCovus=,eP8BhO1/zc/65NDlLVyrCHt9KdA=
89,-4,SrWCn+Gh1vxEJMbQSc54fjCovus=,eP8BhO1/zc/65NDlLVyrCHt9KdA=
88,-4,SrWCn+Gh1vxEJMbQSc54fjCovus=,eP8BhO1/zc/65NDlLVyrCHt9KdA=
87,-4,SrWCn+Gh1vxEJMbQSc54fjCovus=,eP8BhO1/zc/65NDlLVyrCHt9KdA=
85,-4,SrWCn+Gh1vxEJMbQSc54fjCovus=,eP8BhO1/zc/65NDlLVyrCHt9KdA=
86,-4,SrWCn+Gh1vxEJMbQSc54fjCovus=,eP8BhO1/zc/65NDlLVyrCHt9KdA=
84,-4,SrWCn+Gh1vxEJMbQSc54fjCovus=,eP8BhO1/zc/65NDlLVyrCHt9KdA=
82,-4,SrWCn+Gh1vxEJMbQSc54fjCovus=,eP8BhO1/zc/65NDlLVyrCHt9KdA=
81,-4,SrWCn+Gh1vxEJMbQSc54fjCovus=,eP8BhO1/zc/65NDlLVyrCHt9KdA=
83,-4,SrWCn+Gh1vxEJMbQSc54fjCovus=,eP8BhO1/zc/65NDlLVyrCHt9KdA=
80,-4,SrWCn+Gh1vxEJMbQSc54fjCovus=,eP8BhO1/zc/65NDlLVyrCHt9KdA=
81,-15,SrWCn+Gh1vxEJMbQSc54fjCovus=,eP8BhO1/zc/65NDlLVyrCHt9KdA=
82,-16,SrWCn+Gh1vxEJMbQSc54fjCovus=,eP8BhO1/zc/65NDlLVyrCHt9KdA=
80,-15,SrWCn+Gh1vxEJMbQSc54fjCovus=,eP8BhO1/zc/65NDlLVyrCHt9KdA=
80,-13,SrWCn+Gh1vxEJMbQSc54fjCovus=,eP8BhO1/zc/65NDlLVyrCHt9KdA=
94,-16,SrWCn+Gh1vxEJMbQSc54fjCovus=,eP8BhO1/zc/65NDlLVyrCHt9KdA=
94,-15,SrWCn+Gh1vxEJMbQSc54fjCovus=,eP8BhO1/zc/65NDlLVyrCHt9KdA=
80,-14,SrWCn+Gh1vxEJMbQSc54fjCovus=,eP8BhO1/zc/65NDlLVyrCHt9KdA=
93,-5,SrWCn+Gh1vxEJMbQSc54fjCovus=,eP8BhO1/zc/65NDlLVyrCHt9KdA=
94,-5,SrWCn+Gh1vxEJMbQSc54fjCovus=,eP8BhO1/zc/65NDlLVyrCHt9KdA=
92,-5,SrWCn+Gh1vxEJMbQSc54fjCovus=,eP8BhO1/zc/65NDlLVyrCHt9KdA=
91,-5,SrWCn+Gh1vxEJMbQSc54fjCovus=,eP8BhO1/zc/65NDlLVyrCHt9KdA=
90,-5,SrWCn+Gh1vxEJMbQSc54fjCovus=,eP8BhO1/zc/65NDlLVyrCHt9KdA=
89,-5,SrWCn+Gh1vxEJMbQSc54fjCovus=,eP8BhO1/zc/65NDlLVyrCHt9KdA=
88,-5,SrWCn+Gh1vxEJMbQSc54fjCovus=,eP8BhO1/zc/65NDlLVyrCHt9KdA=
87,-5,SrWCn+Gh1vxEJMbQSc54fjCovus=,eP8BhO1/zc/65NDlLVyrCHt9KdA=
86,-5,SrWCn+Gh1vxEJMbQSc54fjCovus=,eP8BhO1/zc/65NDlLVyrCHt9KdA=
85,-5,SrWCn+Gh1vxEJMbQSc54fjCovus=,eP8BhO1/zc/65NDlLVyrCHt9KdA=
84,-5,SrWCn+Gh1vxEJMbQSc54fjCovus=,eP8BhO1/zc/65NDlLVyrCHt9KdA=
83,-5,SrWCn+Gh1vxEJMbQSc54fjCovus=,eP8BhO1/zc/65NDlLVyrCHt9KdA=
81,-5,SrWCn+Gh1vxEJMbQSc54fjCovus=,eP8BhO1/zc/65NDlLVyrCHt9KdA=
82,-5,SrWCn+Gh1vxEJMbQSc54fjCovus=,eP8BhO1/zc/65NDlLVyrCHt9KdA=
94,-14,SrWCn+Gh1vxEJMbQSc54fjCovus=,eP8BhO1/zc/65NDlLVyrCHt9KdA=
93,-16,SrWCn+Gh1vxEJMbQSc54fjCovus=,eP8BhO1/zc/65NDlLVyrCHt9KdA=
80,-5,SrWCn+Gh1vxEJMbQSc54fjCovus=,eP8BhO1/zc/65NDlLVyrCHt9KdA=
93,-15,SrWCn+Gh1vxEJMbQSc54fjCovus=,eP8BhO1/zc/65NDlLVyrCHt9KdA=
94,-6,SrWCn+Gh1vxEJMbQSc54fjCovus=,eP8BhO1/zc/65NDlLVyrCHt9KdA=
93,-6,SrWCn+Gh1vxEJMbQSc54fjCovus=,eP8BhO1/zc/65NDlLVyrCHt9KdA=
92,-6,SrWCn+Gh1vxEJMbQSc54fjCovus=,eP8BhO1/zc/65NDlLVyrCHt9KdA=
91,-6,SrWCn+Gh1vxEJMbQSc54fjCovus=,eP8BhO1/zc/65NDlLVyrCHt9KdA=
90,-6,SrWCn+Gh1vxEJMbQSc54fjCovus=,eP8BhO1/zc/65NDlLVyrCHt9KdA=
89,-6,SrWCn+Gh1vxEJMbQSc54fjCovus=,eP8BhO1/zc/65NDlLVyrCHt9KdA=
95,-13,SrWCn+Gh1vxEJMbQSc54fjCovus=,eP8BhO1/zc/65NDlLVyrCHt9KdA=
95,-12,SrWCn+Gh1vxEJMbQSc54fjCovus=,eP8BhO1/zc/65NDlLVyrCHt9KdA=
95,-11,SrWCn+Gh1vxEJMbQSc54fjCovus=,eP8BhO1/zc/65NDlLVyrCHt9KdA=
95,-10,SrWCn+Gh1vxEJMbQSc54fjCovus=,eP8BhO1/zc/65NDlLVyrCHt9KdA=
95,-9,SrWCn+Gh1vxEJMbQSc54fjCovus=,eP8BhO1/zc/65NDlLVyrCHt9KdA=
95,-8,SrWCn+Gh1vxEJMbQSc54fjCovus=,eP8BhO1/zc/65NDlLVyrCHt9KdA=
95,-7,SrWCn+Gh1vxEJMbQSc54fjCovus=,eP8BhO1/zc/65NDlLVyrCHt9KdA=
95,-6,SrWCn+Gh1vxEJMbQSc54fjCovus=,eP8BhO1/zc/65NDlLVyrCHt9KdA=
95,-5,SrWCn+Gh1vxEJMbQSc54fjCovus=,eP8BhO1/zc/65NDlLVyrCHt9KdA=
95,-15,SrWCn+Gh1vxEJMbQSc54fjCovus=,eP8BhO1/zc/65NDlLVyrCHt9KdA=
95,-14,SrWCn+Gh1vxEJMbQSc54fjCovus=,eP8BhO1/zc/65NDlLVyrCHt9KdA=
95,-16,SrWCn+Gh1vxEJMbQSc54fjCovus=,eP8BhO1/zc/65NDlLVyrCHt9KdA=
80,-16,SrWCn+Gh1vxEJMbQSc54fjCovus=,eP8BhO1/zc/65NDlLVyrCHt9KdA=
88,-6,SrWCn+Gh1vxEJMbQSc54fjCovus=,eP8BhO1/zc/65NDlLVyrCHt9KdA=
87,-6,SrWCn+Gh1vxEJMbQSc54fjCovus=,eP8BhO1/zc/65NDlLVyrCHt9KdA=
86,-6,SrWCn+Gh1vxEJMbQSc54fjCovus=,eP8BhO1/zc/65NDlLVyrCHt9KdA=
85,-6,SrWCn+Gh1vxEJMbQSc54fjCovus=,eP8BhO1/zc/65NDlLVyrCHt9KdA=
84,-6,SrWCn+Gh1vxEJMbQSc54fjCovus=,eP8BhO1/zc/65NDlLVyrCHt9KdA=
83,-6,SrWCn+Gh1vxEJMbQSc54fjCovus=,eP8BhO1/zc/65NDlLVyrCHt9KdA=
82,-6,SrWCn+Gh1vxEJMbQSc54fjCovus=,eP8BhO1/zc/65NDlLVyrCHt9KdA=
81,-6,SrWCn+Gh1vxEJMbQSc54fjCovus=,eP8BhO1/zc/65NDlLVyrCHt9KdA=
92,-16,SrWCn+Gh1vxEJMbQSc54fjCovus=,eP8BhO1/zc/65NDlLVyrCHt9KdA=
93,-14,SrWCn+Gh1vxEJMbQSc54fjCovus=,eP8BhO1/zc/65NDlLVyrCHt9KdA=
80,-6,SrWCn+Gh1vxEJMbQSc54fjCovus=,eP8BhO1/zc/65NDlLVyrCHt9KdA=
92,-15,SrWCn+Gh1vxEJMbQSc54fjCovus=,eP8BhO1/zc/65NDlLVyrCHt9KdA=
94,-7,SrWCn+Gh1vxEJMbQSc54fjCovus=,eP8BhO1/zc/65NDlLVyrCHt9KdA=
93,-7,SrWCn+Gh1vxEJMbQSc54fjCovus=,eP8BhO1/zc/65NDlLVyrCHt9KdA=
92,-7,SrWCn+Gh1vxEJMbQSc54fjCovus=,eP8BhO1/zc/65NDlLVyrCHt9KdA=
91,-7,SrWCn+Gh1vxEJMbQSc54fjCovus=,eP8BhO1/zc/65NDlLVyrCHt9KdA=
90,-7,SrWCn+Gh1vxEJMbQSc54fjCovus=,eP8BhO1/zc/65NDlLVyrCHt9KdA=
89,-7,SrWCn+Gh1vxEJMbQSc54fjCovus=,eP8BhO1/zc/65NDlLVyrCHt9KdA=
88,-7,SrWCn+Gh1vxEJMbQSc54fjCovus=,eP8BhO1/zc/65NDlLVyrCHt9KdA=
87,-7,SrWCn+Gh1vxEJMbQSc54fjCovus=,eP8BhO1/zc/65NDlLVyrCHt9KdA=
86,-7,SrWCn+Gh1vxEJMbQSc54fjCovus=,eP8BhO1/zc/65NDlLVyrCHt9KdA=
85,-7,SrWCn+Gh1vxEJMbQSc54fjCovus=,eP8BhO1/zc/65NDlLVyrCHt9KdA=
84,-7,SrWCn+Gh1vxEJMbQSc54fjCovus=,eP8BhO1/zc/65NDlLVyrCHt9KdA=
83,-7,SrWCn+Gh1vxEJMbQSc54fjCovus=,eP8BhO1/zc/65NDlLVyrCHt9KdA=
82,-7,SrWCn+Gh1vxEJMbQSc54fjCovus=,eP8BhO1/zc/65NDlLVyrCHt9KdA=
81,-7,SrWCn+Gh1vxEJMbQSc54fjCovus=,eP8BhO1/zc/65NDlLVyrCHt9KdA=
91,-16,SrWCn+Gh1vxEJMbQSc54fjCovus=,eP8BhO1/zc/65NDlLVyrCHt9KdA=
92,-14,SrWCn+Gh1vxEJMbQSc54fjCovus=,eP8BhO1/zc/65NDlLVyrCHt9KdA=
80,-7,SrWCn+Gh1vxEJMbQSc54fjCovus=,eP8BhO1/zc/65NDlLVyrCHt9KdA=
91,-15,SrWCn+Gh1vxEJMbQSc54fjCovus=,eP8BhO1/zc/65NDlLVyrCHt9KdA=
94,-8,SrWCn+Gh1vxEJMbQSc54fjCovus=,eP8BhO1/zc/65NDlLVyrCHt9KdA=
93,-8,SrWCn+Gh1vxEJMbQSc54fjCovus=,eP8BhO1/zc/65NDlLVyrCHt9KdA=
92,-8,SrWCn+Gh1vxEJMbQSc54fjCovus=,eP8BhO1/zc/65NDlLVyrCHt9KdA=
91,-8,SrWCn+Gh1vxEJMbQSc54fjCovus=,eP8BhO1/zc/65NDlLVyrCHt9KdA=
90,-8,SrWCn+Gh1vxEJMbQSc54fjCovus=,eP8BhO1/zc/65NDlLVyrCHt9KdA=
89,-8,SrWCn+Gh1vxEJMbQSc54fjCovus=,eP8BhO1/zc/65NDlLVyrCHt9KdA=
87,-8,SrWCn+Gh1vxEJMbQSc54fjCovus=,eP8BhO1/zc/65NDlLVyrCHt9KdA=
88,-8,SrWCn+Gh1vxEJMbQSc54fjCovus=,eP8BhO1/zc/65NDlLVyrCHt9KdA=
86,-8,SrWCn+Gh1vxEJMbQSc54fjCovus=,eP8BhO1/zc/65NDlLVyrCHt9KdA=
85,-8,SrWCn+Gh1vxEJMbQSc54fjCovus=,eP8BhO1/zc/65NDlLVyrCHt9KdA=
84,-8,SrWCn+Gh1vxEJMbQSc54fjCovus=,eP8BhO1/zc/65NDlLVyrCHt9KdA=
83,-8,SrWCn+Gh1vxEJMbQSc54fjCovus=,eP8BhO1/zc/65NDlLVyrCHt9KdA=
82,-8,SrWCn+Gh1vxEJMbQSc54fjCovus=,eP8BhO1/zc/65NDlLVyrCHt9KdA=
81,-8,SrWCn+Gh1vxEJMbQSc54fjCovus=,eP8BhO1/zc/65NDlLVyrCHt9KdA=
80,-8,SrWCn+Gh1vxEJMbQSc54fjCovus=,eP8BhO1/zc/65NDlLVyrCHt9KdA=
90,-16,SrWCn+Gh1vxEJMbQSc54fjCovus=,eP8BhO1/zc/65NDlLVyrCHt9KdA=
91,-14,SrWCn+Gh1vxEJMbQSc54fjCovus=,eP8BhO1/zc/65NDlLVyrCHt9KdA=
90,-15,SrWCn+Gh1vxEJMbQSc54fjCovus=,eP8BhO1/zc/65NDlLVyrCHt9KdA=
94,-9,SrWCn+Gh1vxEJMbQSc54fjCovus=,eP8BhO1/zc/65NDlLVyrCHt9KdA=
93,-9,SrWCn+Gh1vxEJMbQSc54fjCovus=,eP8BhO1/zc/65NDlLVyrCHt9KdA=
92,-9,SrWCn+Gh1vxEJMbQSc54fjCovus=,eP8BhO1/zc/65NDlLVyrCHt9KdA=
90,-9,SrWCn+Gh1vxEJMbQSc54fjCovus=,eP8BhO1/zc/65NDlLVyrCHt9KdA=
91,-9,SrWCn+Gh1vxEJMbQSc54fjCovus=,eP8BhO1/zc/65NDlLVyrCHt9KdA=
89,-9,SrWCn+Gh1vxEJMbQSc54fjCovus=,eP8BhO1/zc/65NDlLVyrCHt9KdA=
88,-9,SrWCn+Gh1vxEJMbQSc54fjCovus=,eP8BhO1/zc/65NDlLVyrCHt9KdA=
87,-9,SrWCn+Gh1vxEJMbQSc54fjCovus=,eP8BhO1/zc/65NDlLVyrCHt9KdA=
85,-9,SrWCn+Gh1vxEJMbQSc54fjCovus=,eP8BhO1/zc/65NDlLVyrCHt9KdA=
86,-9,SrWCn+Gh1vxEJMbQSc54fjCovus=,eP8BhO1/zc/65NDlLVyrCHt9KdA=
83,-9,SrWCn+Gh1vxEJMbQSc54fjCovus=,eP8BhO1/zc/65NDlLVyrCHt9KdA=
84,-9,SrWCn+Gh1vxEJMbQSc54fjCovus=,eP8BhO1/zc/65NDlLVyrCHt9KdA=
82,-9,SrWCn+Gh1vxEJMbQSc54fjCovus=,eP8BhO1/zc/65NDlLVyrCHt9KdA=
81,-9,SrWCn+Gh1vxEJMbQSc54fjCovus=,eP8BhO1/zc/65NDlLVyrCHt9KdA=
80,-9,SrWCn+Gh1vxEJMbQSc54fjCovus=,eP8BhO1/zc/65NDlLVyrCHt9KdA=
89,-16,SrWCn+Gh1vxEJMbQSc54fjCovus=,eP8BhO1/zc/65NDlLVyrCHt9KdA=
90,-14,SrWCn+Gh1vxEJMbQSc54fjCovus=,eP8BhO1/zc/65NDlLVyrCHt9KdA=
89,-15,SrWCn+Gh1vxEJMbQSc54fjCovus=,eP8BhO1/zc/65NDlLVyrCHt9KdA=
94,-10,SrWCn+Gh1vxEJMbQSc54fjCovus=,eP8BhO1/zc/65NDlLVyrCHt9KdA=
93,-10,SrWCn+Gh1vxEJMbQSc54fjCovus=,eP8BhO1/zc/65NDlLVyrCHt9KdA=
92,-10,SrWCn+Gh1vxEJMbQSc54fjCovus=,eP8BhO1/zc/65NDlLVyrCHt9KdA=
91,-10,SrWCn+Gh1vxEJMbQSc54fjCovus=,eP8BhO1/zc/65NDlLVyrCHt9KdA=
90,-10,SrWCn+Gh1vxEJMbQSc54fjCovus=,eP8BhO1/zc/65NDlLVyrCHt9KdA=
89,-10,SrWCn+Gh1vxEJMbQSc54fjCovus=,eP8BhO1/zc/65NDlLVyrCHt9KdA=
88,-10,SrWCn+Gh1vxEJMbQSc54fjCovus=,eP8BhO1/zc/65NDlLVyrCHt9KdA=
86,-10,SrWCn+Gh1vxEJMbQSc54fjCovus=,eP8BhO1/zc/65NDlLVyrCHt9KdA=
87,-10,SrWCn+Gh1vxEJMbQSc54fjCovus=,eP8BhO1/zc/65NDlLVyrCHt9KdA=
85,-10,SrWCn+Gh1vxEJMbQSc54fjCovus=,eP8BhO1/zc/65NDlLVyrCHt9KdA=
84,-10,SrWCn+Gh1vxEJMbQSc54fjCovus=,eP8BhO1/zc/65NDlLVyrCHt9KdA=
83,-10,SrWCn+Gh1vxEJMbQSc54fjCovus=,eP8BhO1/zc/65NDlLVyrCHt9KdA=
82,-10,SrWCn+Gh1vxEJMbQSc54fjCovus=,eP8BhO1/zc/65NDlLVyrCHt9KdA=
81,-10,SrWCn+Gh1vxEJMbQSc54fjCovus=,eP8BhO1/zc/65NDlLVyrCHt9KdA=
80,-10,SrWCn+Gh1vxEJMbQSc54fjCovus=,eP8BhO1/zc/65NDlLVyrCHt9KdA=
88,-16,SrWCn+Gh1vxEJMbQSc54fjCovus=,eP8BhO1/zc/65NDlLVyrCHt9KdA=
89,-14,SrWCn+Gh1vxEJMbQSc54fjCovus=,eP8BhO1/zc/65NDlLVyrCHt9KdA=
88,-15,SrWCn+Gh1vxEJMbQSc54fjCovus=,eP8BhO1/zc/65NDlLVyrCHt9KdA=
94,-11,SrWCn+Gh1vxEJMbQSc54fjCovus=,eP8BhO1/zc/65NDlLVyrCHt9KdA=
92,-11,SrWCn+Gh1vxEJMbQSc54fjCovus=,eP8BhO1/zc/65NDlLVyrCHt9KdA=
93,-11,SrWCn+Gh1vxEJMbQSc54fjCovus=,eP8BhO1/zc/65NDlLVyrCHt9KdA=
91,-11,SrWCn+Gh1vxEJMbQSc54fjCovus=,eP8BhO1/zc/65NDlLVyrCHt9KdA=
90,-11,SrWCn+Gh1vxEJMbQSc54fjCovus=,eP8BhO1/zc/65NDlLVyrCHt9KdA=
89,-11,SrWCn+Gh1vxEJMbQSc54fjCovus=,eP8BhO1/zc/65NDlLVyrCHt9KdA=
88,-11,SrWCn+Gh1vxEJMbQSc54fjCovus=,eP8BhO1/zc/65NDlLVyrCHt9KdA=
87,-11,SrWCn+Gh1vxEJMbQSc54fjCovus=,eP8BhO1/zc/65NDlLVyrCHt9KdA=
86,-11,SrWCn+Gh1vxEJMbQSc54fjCovus=,eP8BhO1/zc/65NDlLVyrCHt9KdA=
85,-11,SrWCn+Gh1vxEJMbQSc54fjCovus=,eP8BhO1/zc/65NDlLVyrCHt9KdA=
84,-11,SrWCn+Gh1vxEJMbQSc54fjCovus=,eP8BhO1/zc/65NDlLVyrCHt9KdA=
83,-11,SrWCn+Gh1vxEJMbQSc54fjCovus=,eP8BhO1/zc/65NDlLVyrCHt9KdA=
82,-11,SrWCn+Gh1vxEJMbQSc54fjCovus=,eP8BhO1/zc/65NDlLVyrCHt9KdA=
81,-11,SrWCn+Gh1vxEJMbQSc54fjCovus=,eP8BhO1/zc/65NDlLVyrCHt9KdA=
80,-11,SrWCn+Gh1vxEJMbQSc54fjCovus=,eP8BhO1/zc/65NDlLVyrCHt9KdA=
87,-16,SrWCn+Gh1vxEJMbQSc54fjCovus=,eP8BhO1/zc/65NDlLVyrCHt9KdA=
88,-14,SrWCn+Gh1vxEJMbQSc54fjCovus=,eP8BhO1/zc/65NDlLVyrCHt9KdA=
87,-15,SrWCn+Gh1vxEJMbQSc54fjCovus=,eP8BhO1/zc/65NDlLVyrCHt9KdA=
94,-12,SrWCn+Gh1vxEJMbQSc54fjCovus=,eP8BhO1/zc/65NDlLVyrCHt9KdA=
93,-12,SrWCn+Gh1vxEJMbQSc54fjCovus=,eP8BhO1/zc/65NDlLVyrCHt9KdA=
92,-12,SrWCn+Gh1vxEJMbQSc54fjCovus=,eP8BhO1/zc/65NDlLVyrCHt9KdA=
90,-12,SrWCn+Gh1vxEJMbQSc54fjCovus=,eP8BhO1/zc/65NDlLVyrCHt9KdA=
91,-12,SrWCn+Gh1vxEJMbQSc54fjCovus=,eP8BhO1/zc/65NDlLVyrCHt9KdA=
89,-12,SrWCn+Gh1vxEJMbQSc54fjCovus=,eP8BhO1/zc/65NDlLVyrCHt9KdA=
88,-12,SrWCn+Gh1vxEJMbQSc54fjCovus=,eP8BhO1/zc/65NDlLVyrCHt9KdA=
87,-12,SrWCn+Gh1vxEJMbQSc54fjCovus=,eP8BhO1/zc/65NDlLVyrCHt9KdA=
85,-12,SrWCn+Gh1vxEJMbQSc54fjCovus=,eP8BhO1/zc/65NDlLVyrCHt9KdA=
86,-12,SrWCn+Gh1vxEJMbQSc54fjCovus=,eP8BhO1/zc/65NDlLVyrCHt9KdA=
84,-12,SrWCn+Gh1vxEJMbQSc54fjCovus=,eP8BhO1/zc/65NDlLVyrCHt9KdA=
82,-12,SrWCn+Gh1vxEJMbQSc54fjCovus=,eP8BhO1/zc/65NDlLVyrCHt9KdA=
83,-12,SrWCn+Gh1vxEJMbQSc54fjCovus=,eP8BhO1/zc/65NDlLVyrCHt9KdA=
81,-12,SrWCn+Gh1vxEJMbQSc54fjCovus=,eP8BhO1/zc/65NDlLVyrCHt9KdA=
86,-16,SrWCn+Gh1vxEJMbQSc54fjCovus=,eP8BhO1/zc/65NDlLVyrCHt9KdA=
80,-12,SrWCn+Gh1vxEJMbQSc54fjCovus=,eP8BhO1/zc/65NDlLVyrCHt9KdA=
86,-15,SrWCn+Gh1vxEJMbQSc54fjCovus=,eP8BhO1/zc/65NDlLVyrCHt9KdA=
87,-14,SrWCn+Gh1vxEJMbQSc54fjCovus=,eP8BhO1/zc/65NDlLVyrCHt9KdA=
94,-13,SrWCn+Gh1vxEJMbQSc54fjCovus=,eP8BhO1/zc/65NDlLVyrCHt9KdA=
92,-13,SrWCn+Gh1vxEJMbQSc54fjCovus=,eP8BhO1/zc/65NDlLVyrCHt9KdA=
93,-13,SrWCn+Gh1vxEJMbQSc54fjCovus=,eP8BhO1/zc/65NDlLVyrCHt9KdA=
91,-13,SrWCn+Gh1vxEJMbQSc54fjCovus=,eP8BhO1/zc/65NDlLVyrCHt9KdA=
90,-13,SrWCn+Gh1vxEJMbQSc54fjCovus=,eP8BhO1/zc/65NDlLVyrCHt9KdA=
89,-13,SrWCn+Gh1vxEJMbQSc54fjCovus=,eP8BhO1/zc/65NDlLVyrCHt9KdA=
88,-13,SrWCn+Gh1vxEJMbQSc54fjCovus=,eP8BhO1/zc/65NDlLVyrCHt9KdA=
87,-1,SrWCn+Gh1vxEJMbQSc54fjCovus=,eP8BhO1/zc/65NDlLVyrCHt9KdA=
88,-1,SrWCn+Gh1vxEJMbQSc54fjCovus=,eP8BhO1/zc/65NDlLVyrCHt9KdA=
89,-1,SrWCn+Gh1vxEJMbQSc54fjCovus=,eP8BhO1/zc/65NDlLVyrCHt9KdA=
90,-1,SrWCn+Gh1vxEJMbQSc54fjCovus=,eP8BhO1/zc/65NDlLVyrCHt9KdA=
91,-1,SrWCn+Gh1vxEJMbQSc54fjCovus=,eP8BhO1/zc/65NDlLVyrCHt9KdA=
92,-1,SrWCn+Gh1vxEJMbQSc54fjCovus=,eP8BhO1/zc/65NDlLVyrCHt9KdA=
95,-1,SrWCn+Gh1vxEJMbQSc54fjCovus=,eP8BhO1/zc/65NDlLVyrCHt9KdA=
94,-2,SrWCn+Gh1vxEJMbQSc54fjCovus=,eP8BhO1/zc/65NDlLVyrCHt9KdA=
86,-2,SrWCn+Gh1vxEJMbQSc54fjCovus=,eP8BhO1/zc/65NDlLVyrCHt9KdA=
93,-1,SrWCn+Gh1vxEJMbQSc54fjCovus=,eP8BhO1/zc/65NDlLVyrCHt9KdA=
94,-1,SrWCn+Gh1vxEJMbQSc54fjCovus=,eP8BhO1/zc/65NDlLVyrCHt9KdA=
83,-2,SrWCn+Gh1vxEJMbQSc54fjCovus=,eP8BhO1/zc/65NDlLVyrCHt9KdA=
82,-2,SrWCn+Gh1vxEJMbQSc54fjCovus=,eP8BhO1/zc/65NDlLVyrCHt9KdA=
93,-3,SrWCn+Gh1vxEJMbQSc54fjCovus=,eP8BhO1/zc/65NDlLVyrCHt9KdA=
85,-3,SrWCn+Gh1vxEJMbQSc54fjCovus=,eP8BhO1/zc/65NDlLVyrCHt9KdA=
87,-2,SrWCn+Gh1vxEJMbQSc54fjCovus=,eP8BhO1/zc/65NDlLVyrCHt9KdA=
84,-2,SrWCn+Gh1vxEJMbQSc54fjCovus=,eP8BhO1/zc/65NDlLVyrCHt9KdA=
94,-3,SrWCn+Gh1vxEJMbQSc54fjCovus=,eP8BhO1/zc/65NDlLVyrCHt9KdA=
83,-3,SrWCn+Gh1vxEJMbQSc54fjCovus=,eP8BhO1/zc/65NDlLVyrCHt9KdA=
80,-3,SrWCn+Gh1vxEJMbQSc54fjCovus=,eP8BhO1/zc/65NDlLVyrCHt9KdA=
94,-4,SrWCn+Gh1vxEJMbQSc54fjCovus=,eP8BhO1/zc/65NDlLVyrCHt9KdA=
93,-4,SrWCn+Gh1vxEJMbQSc54fjCovus=,eP8BhO1/zc/65NDlLVyrCHt9KdA=
85,-2,SrWCn+Gh1vxEJMbQSc54fjCovus=,eP8BhO1/zc/65NDlLVyrCHt9KdA=
81,-1,SrWCn+Gh1vxEJMbQSc54fjCovus=,eP8BhO1/zc/65NDlLVyrCHt9KdA=
95,-2,SrWCn+Gh1vxEJMbQSc54fjCovus=,eP8BhO1/zc/65NDlLVyrCHt9KdA=
95,-4,SrWCn+Gh1vxEJMbQSc54fjCovus=,eP8BhO1/zc/65NDlLVyrCHt9KdA=
86,-1,SrWCn+Gh1vxEJMbQSc54fjCovus=,eP8BhO1/zc/65NDlLVyrCHt9KdA=
82,-1,SrWCn+Gh1vxEJMbQSc54fjCovus=,eP8BhO1/zc/65NDlLVyrCHt9KdA=
95,-3,SrWCn+Gh1vxEJMbQSc54fjCovus=,eP8BhO1/zc/65NDlLVyrCHt9KdA=
83,-1,SrWCn+Gh1vxEJMbQSc54fjCovus=,eP8BhO1/zc/65NDlLVyrCHt9KdA=
85,-1,SrWCn+Gh1vxEJMbQSc54fjCovus=,eP8BhO1/zc/65NDlLVyrCHt9KdA=
84,-1,SrWCn+Gh1vxEJMbQSc54fjCovus=,eP8BhO1/zc/65NDlLVyrCHt9KdA=
80,-1,SrWCn+Gh1vxEJMbQSc54fjCovus=,eP8BhO1/zc/65NDlLVyrCHt9KdA=
84,-3,SrWCn+Gh1vxEJMbQSc54fjCovus=,eP8BhO1/zc/65NDlLVyrCHt9KdA=
87,-29,wN9JtB8mfSSzDEdtdB4T6Fe1PQ4=,ysfGt/It4IOPU8nPBxOQO10vXoE=
85,-32,wN9JtB8mfSSzDEdtdB4T6Fe1PQ4=,ysfGt/It4IOPU8nPBxOQO10vXoE=
86,-29,wN9JtB8mfSSzDEdtdB4T6Fe1PQ4=,ysfGt/It4IOPU8nPBxOQO10vXoE=
86,-30,V6eJTOF0Sq3BKo4vCWkAhkNB/RI=,ysfGt/It4IOPU8nPBxOQO10vXoE=
85,-30,V6eJTOF0Sq3BKo4vCWkAhkNB/RI=,ysfGt/It4IOPU8nPBxOQO10vXoE=
85,-29,V6eJTOF0Sq3BKo4vCWkAhkNB/RI=,ysfGt/It4IOPU8nPBxOQO10vXoE=
83,-32,V6eJTOF0Sq3BKo4vCWkAhkNB/RI=,ysfGt/It4IOPU8nPBxOQO10vXoE=
83,-29,V6eJTOF0Sq3BKo4vCWkAhkNB/RI=,ysfGt/It4IOPU8nPBxOQO10vXoE=
84,-31,V6eJTOF0Sq3BKo4vCWkAhkNB/RI=,ysfGt/It4IOPU8nPBxOQO10vXoE=
85,-31,V6eJTOF0Sq3BKo4vCWkAhkNB/RI=,ysfGt/It4IOPU8nPBxOQO10vXoE=
82,-29,V6eJTOF0Sq3BKo4vCWkAhkNB/RI=,ysfGt/It4IOPU8nPBxOQO10vXoE=
81,-32,V6eJTOF0Sq3BKo4vCWkAhkNB/RI=,ysfGt/It4IOPU8nPBxOQO10vXoE=
95,-17,V6eJTOF0Sq3BKo4vCWkAhkNB/RI=,ysfGt/It4IOPU8nPBxOQO10vXoE=
84,-30,V6eJTOF0Sq3BKo4vCWkAhkNB/RI=,ysfGt/It4IOPU8nPBxOQO10vXoE=
94,-17,V6eJTOF0Sq3BKo4vCWkAhkNB/RI=,ysfGt/It4IOPU8nPBxOQO10vXoE=
92,-17,V6eJTOF0Sq3BKo4vCWkAhkNB/RI=,ysfGt/It4IOPU8nPBxOQO10vXoE=
93,-17,V6eJTOF0Sq3BKo4vCWkAhkNB/RI=,ysfGt/It4IOPU8nPBxOQO10vXoE=
84,-29,V6eJTOF0Sq3BKo4vCWkAhkNB/RI=,ysfGt/It4IOPU8nPBxOQO10vXoE=
91,-17,V6eJTOF0Sq3BKo4vCWkAhkNB/RI=,ysfGt/It4IOPU8nPBxOQO10vXoE=
89,-17,V6eJTOF0Sq3BKo4vCWkAhkNB/RI=,ysfGt/It4IOPU8nPBxOQO10vXoE=
90,-17,V6eJTOF0Sq3BKo4vCWkAhkNB/RI=,ysfGt/It4IOPU8nPBxOQO10vXoE=
88,-17,V6eJTOF0Sq3BKo4vCWkAhkNB/RI=,ysfGt/It4IOPU8nPBxOQO10vXoE=
87,-17,V6eJTOF0Sq3BKo4vCWkAhkNB/RI=,ysfGt/It4IOPU8nPBxOQO10vXoE=
86,-17,V6eJTOF0Sq3BKo4vCWkAhkNB/RI=,ysfGt/It4IOPU8nPBxOQO10vXoE=
84,-17,V6eJTOF0Sq3BKo4vCWkAhkNB/RI=,ysfGt/It4IOPU8nPBxOQO10vXoE=
83,-17,V6eJTOF0Sq3BKo4vCWkAhkNB/RI=,ysfGt/It4IOPU8nPBxOQO10vXoE=
85,-17,V6eJTOF0Sq3BKo4vCWkAhkNB/RI=,ysfGt/It4IOPU8nPBxOQO10vXoE=
82,-17,V6eJTOF0Sq3BKo4vCWkAhkNB/RI=,ysfGt/It4IOPU8nPBxOQO10vXoE=
81,-17,V6eJTOF0Sq3BKo4vCWkAhkNB/RI=,ysfGt/It4IOPU8nPBxOQO10vXoE=
84,-32,V6eJTOF0Sq3BKo4vCWkAhkNB/RI=,ysfGt/It4IOPU8nPBxOQO10vXoE=
81,-29,V6eJTOF0Sq3BKo4vCWkAhkNB/RI=,ysfGt/It4IOPU8nPBxOQO10vXoE=
83,-30,V6eJTOF0Sq3BKo4vCWkAhkNB/RI=,ysfGt/It4IOPU8nPBxOQO10vXoE=
95,-18,V6eJTOF0Sq3BKo4vCWkAhkNB/RI=,ysfGt/It4IOPU8nPBxOQO10vXoE=
94,-18,V6eJTOF0Sq3BKo4vCWkAhkNB/RI=,ysfGt/It4IOPU8nPBxOQO10vXoE=
93,-18,V6eJTOF0Sq3BKo4vCWkAhkNB/RI=,ysfGt/It4IOPU8nPBxOQO10vXoE=
91,-18,V6eJTOF0Sq3BKo4vCWkAhkNB/RI=,ysfGt/It4IOPU8nPBxOQO10vXoE=
92,-18,V6eJTOF0Sq3BKo4vCWkAhkNB/RI=,ysfGt/It4IOPU8nPBxOQO10vXoE=
90,-18,V6eJTOF0Sq3BKo4vCWkAhkNB/RI=,ysfGt/It4IOPU8nPBxOQO10vXoE=
89,-18,V6eJTOF0Sq3BKo4vCWkAhkNB/RI=,ysfGt/It4IOPU8nPBxOQO10vXoE=
88,-18,V6eJTOF0Sq3BKo4vCWkAhkNB/RI=,ysfGt/It4IOPU8nPBxOQO10vXoE=
87,-18,V6eJTOF0Sq3BKo4vCWkAhkNB/RI=,ysfGt/It4IOPU8nPBxOQO10vXoE=
86,-18,V6eJTOF0Sq3BKo4vCWkAhkNB/RI=,ysfGt/It4IOPU8nPBxOQO10vXoE=
85,-18,V6eJTOF0Sq3BKo4vCWkAhkNB/RI=,ysfGt/It4IOPU8nPBxOQO10vXoE=
83,-18,V6eJTOF0Sq3BKo4vCWkAhkNB/RI=,ysfGt/It4IOPU8nPBxOQO10vXoE=
84,-18,V6eJTOF0Sq3BKo4vCWkAhkNB/RI=,ysfGt/It4IOPU8nPBxOQO10vXoE=
82,-18,V6eJTOF0Sq3BKo4vCWkAhkNB/RI=,ysfGt/It4IOPU8nPBxOQO10vXoE=
81,-18,V6eJTOF0Sq3BKo4vCWkAhkNB/RI=,ysfGt/It4IOPU8nPBxOQO10vXoE=
83,-31,V6eJTOF0Sq3BKo4vCWkAhkNB/RI=,ysfGt/It4IOPU8nPBxOQO10vXoE=
95,-19,V6eJTOF0Sq3BKo4vCWkAhkNB/RI=,ysfGt/It4IOPU8nPBxOQO10vXoE=
82,-30,V6eJTOF0Sq3BKo4vCWkAhkNB/RI=,ysfGt/It4IOPU8nPBxOQO10vXoE=
94,-19,V6eJTOF0Sq3BKo4vCWkAhkNB/RI=,ysfGt/It4IOPU8nPBxOQO10vXoE=
93,-19,V6eJTOF0Sq3BKo4vCWkAhkNB/RI=,ysfGt/It4IOPU8nPBxOQO10vXoE=
92,-19,V6eJTOF0Sq3BKo4vCWkAhkNB/RI=,ysfGt/It4IOPU8nPBxOQO10vXoE=
91,-19,V6eJTOF0Sq3BKo4vCWkAhkNB/RI=,ysfGt/It4IOPU8nPBxOQO10vXoE=
90,-19,V6eJTOF0Sq3BKo4vCWkAhkNB/RI=,ysfGt/It4IOPU8nPBxOQO10vXoE=
89,-19,V6eJTOF0Sq3BKo4vCWkAhkNB/RI=,ysfGt/It4IOPU8nPBxOQO10vXoE=
88,-19,V6eJTOF0Sq3BKo4vCWkAhkNB/RI=,ysfGt/It4IOPU8nPBxOQO10vXoE=
86,-19,V6eJTOF0Sq3BKo4vCWkAhkNB/RI=,ysfGt/It4IOPU8nPBxOQO10vXoE=
87,-19,V6eJTOF0Sq3BKo4vCWkAhkNB/RI=,ysfGt/It4IOPU8nPBxOQO10vXoE=
85,-19,V6eJTOF0Sq3BKo4vCWkAhkNB/RI=,ysfGt/It4IOPU8nPBxOQO10vXoE=
83,-19,V6eJTOF0Sq3BKo4vCWkAhkNB/RI=,ysfGt/It4IOPU8nPBxOQO10vXoE=
81,-19,V6eJTOF0Sq3BKo4vCWkAhkNB/RI=,ysfGt/It4IOPU8nPBxOQO10vXoE=
82,-19,V6eJTOF0Sq3BKo4vCWkAhkNB/RI=,ysfGt/It4IOPU8nPBxOQO10vXoE=
84,-19,V6eJTOF0Sq3BKo4vCWkAhkNB/RI=,ysfGt/It4IOPU8nPBxOQO10vXoE=
82,-31,V6eJTOF0Sq3BKo4vCWkAhkNB/RI=,ysfGt/It4IOPU8nPBxOQO10vXoE=
95,-20,V6eJTOF0Sq3BKo4vCWkAhkNB/RI=,ysfGt/It4IOPU8nPBxOQO10vXoE=
81,-30,V6eJTOF0Sq3BKo4vCWkAhkNB/RI=,ysfGt/It4IOPU8nPBxOQO10vXoE=
94,-20,V6eJTOF0Sq3BKo4vCWkAhkNB/RI=,ysfGt/It4IOPU8nPBxOQO10vXoE=
93,-20,V6eJTOF0Sq3BKo4vCWkAhkNB/RI=,ysfGt/It4IOPU8nPBxOQO10vXoE=
92,-20,V6eJTOF0Sq3BKo4vCWkAhkNB/RI=,ysfGt/It4IOPU8nPBxOQO10vXoE=
91,-20,V6eJTOF0Sq3BKo4vCWkAhkNB/RI=,ysfGt/It4IOPU8nPBxOQO10vXoE=
90,-20,V6eJTOF0Sq3BKo4vCWkAhkNB/RI=,ysfGt/It4IOPU8nPBxOQO10vXoE=
89,-20,V6eJTOF0Sq3BKo4vCWkAhkNB/RI=,ysfGt/It4IOPU8nPBxOQO10vXoE=
88,-20,V6eJTOF0Sq3BKo4vCWkAhkNB/RI=,ysfGt/It4IOPU8nPBxOQO10vXoE=
87,-20,V6eJTOF0Sq3BKo4vCWkAhkNB/RI=,ysfGt/It4IOPU8nPBxOQO10vXoE=
86,-20,V6eJTOF0Sq3BKo4vCWkAhkNB/RI=,ysfGt/It4IOPU8nPBxOQO10vXoE=
85,-20,V6eJTOF0Sq3BKo4vCWkAhkNB/RI=,ysfGt/It4IOPU8nPBxOQO10vXoE=
84,-20,V6eJTOF0Sq3BKo4vCWkAhkNB/RI=,ysfGt/It4IOPU8nPBxOQO10vXoE=
83,-20,V6eJTOF0Sq3BKo4vCWkAhkNB/RI=,ysfGt/It4IOPU8nPBxOQO10vXoE=
82,-20,V6eJTOF0Sq3BKo4vCWkAhkNB/RI=,ysfGt/It4IOPU8nPBxOQO10vXoE=
81,-20,V6eJTOF0Sq3BKo4vCWkAhkNB/RI=,ysfGt/It4IOPU8nPBxOQO10vXoE=
81,-31,V6eJTOF0Sq3BKo4vCWkAhkNB/RI=,ysfGt/It4IOPU8nPBxOQO10vXoE=
95,-32,V6eJTOF0Sq3BKo4vCWkAhkNB/RI=,ysfGt/It4IOPU8nPBxOQO10vXoE=
82,-32,V6eJTOF0Sq3BKo4vCWkAhkNB/RI=,ysfGt/It4IOPU8nPBxOQO10vXoE=
94,-32,V6eJTOF0Sq3BKo4vCWkAhkNB/RI=,ysfGt/It4IOPU8nPBxOQO10vXoE=
95,-31,V6eJTOF0Sq3BKo4vCWkAhkNB/RI=,ysfGt/It4IOPU8nPBxOQO10vXoE=
95,-30,V6eJTOF0Sq3BKo4vCWkAhkNB/RI=,ysfGt/It4IOPU8nPBxOQO10vXoE=
95,-21,V6eJTOF0Sq3BKo4vCWkAhkNB/RI=,ysfGt/It4IOPU8nPBxOQO10vXoE=
94,-31,V6eJTOF0Sq3BKo4vCWkAhkNB/RI=,ysfGt/It4IOPU8nPBxOQO10vXoE=
94,-21,V6eJTOF0Sq3BKo4vCWkAhkNB/RI=,ysfGt/It4IOPU8nPBxOQO10vXoE=
93,-21,V6eJTOF0Sq3BKo4vCWkAhkNB/RI=,ysfGt/It4IOPU8nPBxOQO10vXoE=
92,-21,V6eJTOF0Sq3BKo4vCWkAhkNB/RI=,ysfGt/It4IOPU8nPBxOQO10vXoE=
91,-21,V6eJTOF0Sq3BKo4vCWkAhkNB/RI=,ysfGt/It4IOPU8nPBxOQO10vXoE=
90,-21,V6eJTOF0Sq3BKo4vCWkAhkNB/RI=,ysfGt/It4IOPU8nPBxOQO10vXoE=
89,-21,V6eJTOF0Sq3BKo4vCWkAhkNB/RI=,ysfGt/It4IOPU8nPBxOQO10vXoE=
88,-21,V6eJTOF0Sq3BKo4vCWkAhkNB/RI=,ysfGt/It4IOPU8nPBxOQO10vXoE=
87,-21,V6eJTOF0Sq3BKo4vCWkAhkNB/RI=,ysfGt/It4IOPU8nPBxOQO10vXoE=
86,-21,V6eJTOF0Sq3BKo4vCWkAhkNB/RI=,ysfGt/It4IOPU8nPBxOQO10vXoE=
85,-21,V6eJTOF0Sq3BKo4vCWkAhkNB/RI=,ysfGt/It4IOPU8nPBxOQO10vXoE=
83,-21,V6eJTOF0Sq3BKo4vCWkAhkNB/RI=,ysfGt/It4IOPU8nPBxOQO10vXoE=
84,-21,V6eJTOF0Sq3BKo4vCWkAhkNB/RI=,ysfGt/It4IOPU8nPBxOQO10vXoE=
82,-21,V6eJTOF0Sq3BKo4vCWkAhkNB/RI=,ysfGt/It4IOPU8nPBxOQO10vXoE=
81,-21,V6eJTOF0Sq3BKo4vCWkAhkNB/RI=,ysfGt/It4IOPU8nPBxOQO10vXoE=
94,-30,V6eJTOF0Sq3BKo4vCWkAhkNB/RI=,ysfGt/It4IOPU8nPBxOQO10vXoE=
93,-32,V6eJTOF0Sq3BKo4vCWkAhkNB/RI=,ysfGt/It4IOPU8nPBxOQO10vXoE=
93,-31,V6eJTOF0Sq3BKo4vCWkAhkNB/RI=,ysfGt/It4IOPU8nPBxOQO10vXoE=
95,-22,V6eJTOF0Sq3BKo4vCWkAhkNB/RI=,ysfGt/It4IOPU8nPBxOQO10vXoE=
94,-22,V6eJTOF0Sq3BKo4vCWkAhkNB/RI=,ysfGt/It4IOPU8nPBxOQO10vXoE=
93,-22,V6eJTOF0Sq3BKo4vCWkAhkNB/RI=,ysfGt/It4IOPU8nPBxOQO10vXoE=
92,-22,V6eJTOF0Sq3BKo4vCWkAhkNB/RI=,ysfGt/It4IOPU8nPBxOQO10vXoE=
91,-22,V6eJTOF0Sq3BKo4vCWkAhkNB/RI=,ysfGt/It4IOPU8nPBxOQO10vXoE=
90,-22,V6eJTOF0Sq3BKo4vCWkAhkNB/RI=,ysfGt/It4IOPU8nPBxOQO10vXoE=
88,-22,V6eJTOF0Sq3BKo4vCWkAhkNB/RI=,ysfGt/It4IOPU8nPBxOQO10vXoE=
89,-22,V6eJTOF0Sq3BKo4vCWkAhkNB/RI=,ysfGt/It4IOPU8nPBxOQO10vXoE=
87,-22,V6eJTOF0Sq3BKo4vCWkAhkNB/RI=,ysfGt/It4IOPU8nPBxOQO10vXoE=
86,-22,V6eJTOF0Sq3BKo4vCWkAhkNB/RI=,ysfGt/It4IOPU8nPBxOQO10vXoE=
84,-22,V6eJTOF0Sq3BKo4vCWkAhkNB/RI=,ysfGt/It4IOPU8nPBxOQO10vXoE=
85,-22,V6eJTOF0Sq3BKo4vCWkAhkNB/RI=,ysfGt/It4IOPU8nPBxOQO10vXoE=
83,-22,V6eJTOF0Sq3BKo4vCWkAhkNB/RI=,ysfGt/It4IOPU8nPBxOQO10vXoE=
82,-22,V6eJTOF0Sq3BKo4vCWkAhkNB/RI=,ysfGt/It4IOPU8nPBxOQO10vXoE=
93,-30,V6eJTOF0Sq3BKo4vCWkAhkNB/RI=,ysfGt/It4IOPU8nPBxOQO10vXoE=
81,-22,V6eJTOF0Sq3BKo4vCWkAhkNB/RI=,ysfGt/It4IOPU8nPBxOQO10vXoE=
92,-32,V6eJTOF0Sq3BKo4vCWkAhkNB/RI=,ysfGt/It4IOPU8nPBxOQO10vXoE=
92,-31,V6eJTOF0Sq3BKo4vCWkAhkNB/RI=,ysfGt/It4IOPU8nPBxOQO10vXoE=
95,-23,V6eJTOF0Sq3BKo4vCWkAhkNB/RI=,ysfGt/It4IOPU8nPBxOQO10vXoE=
94,-23,V6eJTOF0Sq3BKo4vCWkAhkNB/RI=,ysfGt/It4IOPU8nPBxOQO10vXoE=
91,-23,V6eJTOF0Sq3BKo4vCWkAhkNB/RI=,ysfGt/It4IOPU8nPBxOQO10vXoE=
93,-23,V6eJTOF0Sq3BKo4vCWkAhkNB/RI=,ysfGt/It4IOPU8nPBxOQO10vXoE=
90,-23,V6eJTOF0Sq3BKo4vCWkAhkNB/RI=,ysfGt/It4IOPU8nPBxOQO10vXoE=
92,-23,V6eJTOF0Sq3BKo4vCWkAhkNB/RI=,ysfGt/It4IOPU8nPBxOQO10vXoE=
89,-23,V6eJTOF0Sq3BKo4vCWkAhkNB/RI=,ysfGt/It4IOPU8nPBxOQO10vXoE=
88,-23,V6eJTOF0Sq3BKo4vCWkAhkNB/RI=,ysfGt/It4IOPU8nPBxOQO10vXoE=
87,-23,V6eJTOF0Sq3BKo4vCWkAhkNB/RI=,ysfGt/It4IOPU8nPBxOQO10vXoE=
86,-23,V6eJTOF0Sq3BKo4vCWkAhkNB/RI=,ysfGt/It4IOPU8nPBxOQO10vXoE=
85,-23,V6eJTOF0Sq3BKo4vCWkAhkNB/RI=,ysfGt/It4IOPU8nPBxOQO10vXoE=
84,-23,V6eJTOF0Sq3BKo4vCWkAhkNB/RI=,ysfGt/It4IOPU8nPBxOQO10vXoE=
83,-23,V6eJTOF0Sq3BKo4vCWkAhkNB/RI=,ysfGt/It4IOPU8nPBxOQO10vXoE=
82,-23,V6eJTOF0Sq3BKo4vCWkAhkNB/RI=,ysfGt/It4IOPU8nPBxOQO10vXoE=
81,-23,V6eJTOF0Sq3BKo4vCWkAhkNB/RI=,ysfGt/It4IOPU8nPBxOQO10vXoE=
92,-30,V6eJTOF0Sq3BKo4vCWkAhkNB/RI=,ysfGt/It4IOPU8nPBxOQO10vXoE=
91,-32,V6eJTOF0Sq3BKo4vCWkAhkNB/RI=,ysfGt/It4IOPU8nPBxOQO10vXoE=
91,-31,V6eJTOF0Sq3BKo4vCWkAhkNB/RI=,ysfGt/It4IOPU8nPBxOQO10vXoE=
94,-24,V6eJTOF0Sq3BKo4vCWkAhkNB/RI=,ysfGt/It4IOPU8nPBxOQO10vXoE=
95,-24,V6eJTOF0Sq3BKo4vCWkAhkNB/RI=,ysfGt/It4IOPU8nPBxOQO10vXoE=
93,-24,V6eJTOF0Sq3BKo4vCWkAhkNB/RI=,ysfGt/It4IOPU8nPBxOQO10vXoE=
92,-24,V6eJTOF0Sq3BKo4vCWkAhkNB/RI=,ysfGt/It4IOPU8nPBxOQO10vXoE=
91,-24,V6eJTOF0Sq3BKo4vCWkAhkNB/RI=,ysfGt/It4IOPU8nPBxOQO10vXoE=
90,-24,V6eJTOF0Sq3BKo4vCWkAhkNB/RI=,ysfGt/It4IOPU8nPBxOQO10vXoE=
89,-24,V6eJTOF0Sq3BKo4vCWkAhkNB/RI=,ysfGt/It4IOPU8nPBxOQO10vXoE=
88,-24,V6eJTOF0Sq3BKo4vCWkAhkNB/RI=,ysfGt/It4IOPU8nPBxOQO10vXoE=
86,-24,V6eJTOF0Sq3BKo4vCWkAhkNB/RI=,ysfGt/It4IOPU8nPBxOQO10vXoE=
87,-24,V6eJTOF0Sq3BKo4vCWkAhkNB/RI=,ysfGt/It4IOPU8nPBxOQO10vXoE=
85,-24,V6eJTOF0Sq3BKo4vCWkAhkNB/RI=,ysfGt/It4IOPU8nPBxOQO10vXoE=
84,-24,V6eJTOF0Sq3BKo4vCWkAhkNB/RI=,ysfGt/It4IOPU8nPBxOQO10vXoE=
83,-24,V6eJTOF0Sq3BKo4vCWkAhkNB/RI=,ysfGt/It4IOPU8nPBxOQO10vXoE=
82,-24,V6eJTOF0Sq3BKo4vCWkAhkNB/RI=,ysfGt/It4IOPU8nPBxOQO10vXoE=
81,-24,V6eJTOF0Sq3BKo4vCWkAhkNB/RI=,ysfGt/It4IOPU8nPBxOQO10vXoE=
90,-32,V6eJTOF0Sq3BKo4vCWkAhkNB/RI=,ysfGt/It4IOPU8nPBxOQO10vXoE=
91,-30,V6eJTOF0Sq3BKo4vCWkAhkNB/RI=,ysfGt/It4IOPU8nPBxOQO10vXoE=
95,-25,V6eJTOF0Sq3BKo4vCWkAhkNB/RI=,ysfGt/It4IOPU8nPBxOQO10vXoE=
90,-31,V6eJTOF0Sq3BKo4vCWkAhkNB/RI=,ysfGt/It4IOPU8nPBxOQO10vXoE=
94,-25,V6eJTOF0Sq3BKo4vCWkAhkNB/RI=,ysfGt/It4IOPU8nPBxOQO10vXoE=
93,-25,V6eJTOF0Sq3BKo4vCWkAhkNB/RI=,ysfGt/It4IOPU8nPBxOQO10vXoE=
91,-25,V6eJTOF0Sq3BKo4vCWkAhkNB/RI=,ysfGt/It4IOPU8nPBxOQO10vXoE=
89,-25,V6eJTOF0Sq3BKo4vCWkAhkNB/RI=,ysfGt/It4IOPU8nPBxOQO10vXoE=
90,-25,V6eJTOF0Sq3BKo4vCWkAhkNB/RI=,ysfGt/It4IOPU8nPBxOQO10vXoE=
88,-25,V6eJTOF0Sq3BKo4vCWkAhkNB/RI=,ysfGt/It4IOPU8nPBxOQO10vXoE=
92,-25,V6eJTOF0Sq3BKo4vCWkAhkNB/RI=,ysfGt/It4IOPU8nPBxOQO10vXoE=
87,-25,V6eJTOF0Sq3BKo4vCWkAhkNB/RI=,ysfGt/It4IOPU8nPBxOQO10vXoE=
86,-25,V6eJTOF0Sq3BKo4vCWkAhkNB/RI=,ysfGt/It4IOPU8nPBxOQO10vXoE=
85,-25,V6eJTOF0Sq3BKo4vCWkAhkNB/RI=,ysfGt/It4IOPU8nPBxOQO10vXoE=
84,-25,V6eJTOF0Sq3BKo4vCWkAhkNB/RI=,ysfGt/It4IOPU8nPBxOQO10vXoE=
83,-25,V6eJTOF0Sq3BKo4vCWkAhkNB/RI=,ysfGt/It4IOPU8nPBxOQO10vXoE=
82,-25,V6eJTOF0Sq3BKo4vCWkAhkNB/RI=,ysfGt/It4IOPU8nPBxOQO10vXoE=
81,-25,V6eJTOF0Sq3BKo4vCWkAhkNB/RI=,ysfGt/It4IOPU8nPBxOQO10vXoE=
90,-30,V6eJTOF0Sq3BKo4vCWkAhkNB/RI=,ysfGt/It4IOPU8nPBxOQO10vXoE=
89,-32,V6eJTOF0Sq3BKo4vCWkAhkNB/RI=,ysfGt/It4IOPU8nPBxOQO10vXoE=
95,-26,V6eJTOF0Sq3BKo4vCWkAhkNB/RI=,ysfGt/It4IOPU8nPBxOQO10vXoE=
89,-31,V6eJTOF0Sq3BKo4vCWkAhkNB/RI=,ysfGt/It4IOPU8nPBxOQO10vXoE=
93,-26,V6eJTOF0Sq3BKo4vCWkAhkNB/RI=,ysfGt/It4IOPU8nPBxOQO10vXoE=
94,-26,V6eJTOF0Sq3BKo4vCWkAhkNB/RI=,ysfGt/It4IOPU8nPBxOQO10vXoE=
92,-26,V6eJTOF0Sq3BKo4vCWkAhkNB/RI=,ysfGt/It4IOPU8nPBxOQO10vXoE=
89,-26,V6eJTOF0Sq3BKo4vCWkAhkNB/RI=,ysfGt/It4IOPU8nPBxOQO10vXoE=
90,-26,V6eJTOF0Sq3BKo4vCWkAhkNB/RI=,ysfGt/It4IOPU8nPBxOQO10vXoE=
87,-26,V6eJTOF0Sq3BKo4vCWkAhkNB/RI=,ysfGt/It4IOPU8nPBxOQO10vXoE=
86,-26,V6eJTOF0Sq3BKo4vCWkAhkNB/RI=,ysfGt/It4IOPU8nPBxOQO10vXoE=
88,-26,V6eJTOF0Sq3BKo4vCWkAhkNB/RI=,ysfGt/It4IOPU8nPBxOQO10vXoE=
91,-26,V6eJTOF0Sq3BKo4vCWkAhkNB/RI=,ysfGt/It4IOPU8nPBxOQO10vXoE=
84,-26,V6eJTOF0Sq3BKo4vCWkAhkNB/RI=,ysfGt/It4IOPU8nPBxOQO10vXoE=
85,-26,V6eJTOF0Sq3BKo4vCWkAhkNB/RI=,ysfGt/It4IOPU8nPBxOQO10vXoE=
83,-26,V6eJTOF0Sq3BKo4vCWkAhkNB/RI=,ysfGt/It4IOPU8nPBxOQO10vXoE=
82,-26,V6eJTOF0Sq3BKo4vCWkAhkNB/RI=,ysfGt/It4IOPU8nPBxOQO10vXoE=
81,-26,V6eJTOF0Sq3BKo4vCWkAhkNB/RI=,ysfGt/It4IOPU8nPBxOQO10vXoE=
89,-30,V6eJTOF0Sq3BKo4vCWkAhkNB/RI=,ysfGt/It4IOPU8nPBxOQO10vXoE=
88,-32,V6eJTOF0Sq3BKo4vCWkAhkNB/RI=,ysfGt/It4IOPU8nPBxOQO10vXoE=
88,-31,V6eJTOF0Sq3BKo4vCWkAhkNB/RI=,ysfGt/It4IOPU8nPBxOQO10vXoE=
95,-27,V6eJTOF0Sq3BKo4vCWkAhkNB/RI=,ysfGt/It4IOPU8nPBxOQO10vXoE=
93,-27,V6eJTOF0Sq3BKo4vCWkAhkNB/RI=,ysfGt/It4IOPU8nPBxOQO10vXoE=
94,-27,V6eJTOF0Sq3BKo4vCWkAhkNB/RI=,ysfGt/It4IOPU8nPBxOQO10vXoE=
91,-27,V6eJTOF0Sq3BKo4vCWkAhkNB/RI=,ysfGt/It4IOPU8nPBxOQO10vXoE=
88,-27,V6eJTOF0Sq3BKo4vCWkAhkNB/RI=,ysfGt/It4IOPU8nPBxOQO10vXoE=
87,-27,V6eJTOF0Sq3BKo4vCWkAhkNB/RI=,ysfGt/It4IOPU8nPBxOQO10vXoE=
86,-27,V6eJTOF0Sq3BKo4vCWkAhkNB/RI=,ysfGt/It4IOPU8nPBxOQO10vXoE=
85,-27,V6eJTOF0Sq3BKo4vCWkAhkNB/RI=,ysfGt/It4IOPU8nPBxOQO10vXoE=
84,-27,V6eJTOF0Sq3BKo4vCWkAhkNB/RI=,ysfGt/It4IOPU8nPBxOQO10vXoE=
92,-27,V6eJTOF0Sq3BKo4vCWkAhkNB/RI=,ysfGt/It4IOPU8nPBxOQO10vXoE=
83,-27,V6eJTOF0Sq3BKo4vCWkAhkNB/RI=,ysfGt/It4IOPU8nPBxOQO10vXoE=
82,-27,V6eJTOF0Sq3BKo4vCWkAhkNB/RI=,ysfGt/It4IOPU8nPBxOQO10vXoE=
81,-27,V6eJTOF0Sq3BKo4vCWkAhkNB/RI=,ysfGt/It4IOPU8nPBxOQO10vXoE=
88,-30,V6eJTOF0Sq3BKo4vCWkAhkNB/RI=,ysfGt/It4IOPU8nPBxOQO10vXoE=
87,-32,V6eJTOF0Sq3BKo4vCWkAhkNB/RI=,ysfGt/It4IOPU8nPBxOQO10vXoE=
87,-31,V6eJTOF0Sq3BKo4vCWkAhkNB/RI=,ysfGt/It4IOPU8nPBxOQO10vXoE=
95,-28,V6eJTOF0Sq3BKo4vCWkAhkNB/RI=,ysfGt/It4IOPU8nPBxOQO10vXoE=
94,-28,V6eJTOF0Sq3BKo4vCWkAhkNB/RI=,ysfGt/It4IOPU8nPBxOQO10vXoE=
93,-28,V6eJTOF0Sq3BKo4vCWkAhkNB/RI=,ysfGt/It4IOPU8nPBxOQO10vXoE=
92,-28,V6eJTOF0Sq3BKo4vCWkAhkNB/RI=,ysfGt/It4IOPU8nPBxOQO10vXoE=
91,-28,V6eJTOF0Sq3BKo4vCWkAhkNB/RI=,ysfGt/It4IOPU8nPBxOQO10vXoE=
89,-28,V6eJTOF0Sq3BKo4vCWkAhkNB/RI=,ysfGt/It4IOPU8nPBxOQO10vXoE=
90,-28,V6eJTOF0Sq3BKo4vCWkAhkNB/RI=,ysfGt/It4IOPU8nPBxOQO10vXoE=
88,-28,V6eJTOF0Sq3BKo4vCWkAhkNB/RI=,ysfGt/It4IOPU8nPBxOQO10vXoE=
87,-28,V6eJTOF0Sq3BKo4vCWkAhkNB/RI=,ysfGt/It4IOPU8nPBxOQO10vXoE=
86,-28,V6eJTOF0Sq3BKo4vCWkAhkNB/RI=,ysfGt/It4IOPU8nPBxOQO10vXoE=
85,-28,V6eJTOF0Sq3BKo4vCWkAhkNB/RI=,ysfGt/It4IOPU8nPBxOQO10vXoE=
84,-28,V6eJTOF0Sq3BKo4vCWkAhkNB/RI=,ysfGt/It4IOPU8nPBxOQO10vXoE=
83,-28,V6eJTOF0Sq3BKo4vCWkAhkNB/RI=,ysfGt/It4IOPU8nPBxOQO10vXoE=
82,-28,V6eJTOF0Sq3BKo4vCWkAhkNB/RI=,ysfGt/It4IOPU8nPBxOQO10vXoE=
81,-28,V6eJTOF0Sq3BKo4vCWkAhkNB/RI=,ysfGt/It4IOPU8nPBxOQO10vXoE=
87,-30,V6eJTOF0Sq3BKo4vCWkAhkNB/RI=,ysfGt/It4IOPU8nPBxOQO10vXoE=
86,-32,V6eJTOF0Sq3BKo4vCWkAhkNB/RI=,ysfGt/It4IOPU8nPBxOQO10vXoE=
86,-31,V6eJTOF0Sq3BKo4vCWkAhkNB/RI=,ysfGt/It4IOPU8nPBxOQO10vXoE=
95,-29,V6eJTOF0Sq3BKo4vCWkAhkNB/RI=,ysfGt/It4IOPU8nPBxOQO10vXoE=
93,-29,V6eJTOF0Sq3BKo4vCWkAhkNB/RI=,ysfGt/It4IOPU8nPBxOQO10vXoE=
92,-29,V6eJTOF0Sq3BKo4vCWkAhkNB/RI=,ysfGt/It4IOPU8nPBxOQO10vXoE=
91,-29,V6eJTOF0Sq3BKo4vCWkAhkNB/RI=,ysfGt/It4IOPU8nPBxOQO10vXoE=
90,-29,V6eJTOF0Sq3BKo4vCWkAhkNB/RI=,ysfGt/It4IOPU8nPBxOQO10vXoE=
88,-29,V6eJTOF0Sq3BKo4vCWkAhkNB/RI=,ysfGt/It4IOPU8nPBxOQO10vXoE=
94,-29,V6eJTOF0Sq3BKo4vCWkAhkNB/RI=,ysfGt/It4IOPU8nPBxOQO10vXoE=
90,-27,V6eJTOF0Sq3BKo4vCWkAhkNB/RI=,ysfGt/It4IOPU8nPBxOQO10vXoE=
89,-27,V6eJTOF0Sq3BKo4vCWkAhkNB/RI=,ysfGt/It4IOPU8nPBxOQO10vXoE=
80,-28,V6eJTOF0Sq3BKo4vCWkAhkNB/RI=,ysfGt/It4IOPU8nPBxOQO10vXoE=
89,-29,V6eJTOF0Sq3BKo4vCWkAhkNB/RI=,ysfGt/It4IOPU8nPBxOQO10vXoE=
80,-18,V6eJTOF0Sq3BKo4vCWkAhkNB/RI=,ysfGt/It4IOPU8nPBxOQO10vXoE=
80,-17,V6eJTOF0Sq3BKo4vCWkAhkNB/RI=,ysfGt/It4IOPU8nPBxOQO10vXoE=
80,-20,V6eJTOF0Sq3BKo4vCWkAhkNB/RI=,ysfGt/It4IOPU8nPBxOQO10vXoE=
80,-19,V6eJTOF0Sq3BKo4vCWkAhkNB/RI=,ysfGt/It4IOPU8nPBxOQO10vXoE=
80,-31,V6eJTOF0Sq3BKo4vCWkAhkNB/RI=,ysfGt/It4IOPU8nPBxOQO10vXoE=
80,-30,V6eJTOF0Sq3BKo4vCWkAhkNB/RI=,ysfGt/It4IOPU8nPBxOQO10vXoE=
80,-29,V6eJTOF0Sq3BKo4vCWkAhkNB/RI=,ysfGt/It4IOPU8nPBxOQO10vXoE=
80,-21,V6eJTOF0Sq3BKo4vCWkAhkNB/RI=,ysfGt/It4IOPU8nPBxOQO10vXoE=
80,-23,V6eJTOF0Sq3BKo4vCWkAhkNB/RI=,ysfGt/It4IOPU8nPBxOQO10vXoE=
80,-22,V6eJTOF0Sq3BKo4vCWkAhkNB/RI=,ysfGt/It4IOPU8nPBxOQO10vXoE=
80,-24,V6eJTOF0Sq3BKo4vCWkAhkNB/RI=,ysfGt/It4IOPU8nPBxOQO10vXoE=
80,-25,V6eJTOF0Sq3BKo4vCWkAhkNB/RI=,ysfGt/It4IOPU8nPBxOQO10vXoE=
80,-26,V6eJTOF0Sq3BKo4vCWkAhkNB/RI=,ysfGt/It4IOPU8nPBxOQO10vXoE=
80,-27,V6eJTOF0Sq3BKo4vCWkAhkNB/RI=,ysfGt/It4IOPU8nPBxOQO10vXoE=
80,-32,V6eJTOF0Sq3BKo4vCWkAhkNB/RI=,ysfGt/It4IOPU8nPBxOQO10vXoE=
