-106,-45,HsHc3P0tTDN4a+xIdRL4yJmWXwA=,tfvU7Ufq6lNxI8QxkR0fcX81q+I=
-107,-48,HsHc3P0tTDN4a+xIdRL4yJmWXwA=,tfvU7Ufq6lNxI8QxkR0fcX81q+I=
-107,-46,HsHc3P0tTDN4a+xIdRL4yJmWXwA=,tfvU7Ufq6lNxI8QxkR0fcX81q+I=
-106,-46,HsHc3P0tTDN4a+xIdRL4yJmWXwA=,tfvU7Ufq6lNxI8QxkR0fcX81q+I=
-105,-45,HsHc3P0tTDN4a+xIdRL4yJmWXwA=,tfvU7Ufq6lNxI8QxkR0fcX81q+I=
-104,-45,HsHc3P0tTDN4a+xIdRL4yJmWXwA=,tfvU7Ufq6lNxI8QxkR0fcX81q+I=
-109,-48,HsHc3P0tTDN4a+xIdRL4yJmWXwA=,tfvU7Ufq6lNxI8QxkR0fcX81q+I=
-108,-45,HsHc3P0tTDN4a+xIdRL4yJmWXwA=,tfvU7Ufq6lNxI8QxkR0fcX81q+I=
-103,-45,HsHc3P0tTDN4a+xIdRL4yJmWXwA=,tfvU7Ufq6lNxI8QxkR0fcX81q+I=
-109,-45,HsHc3P0tTDN4a+xIdRL4yJmWXwA=,tfvU7Ufq6lNxI8QxkR0fcX81q+I=
-107,-47,HsHc3P0tTDN4a+xIdRL4yJmWXwA=,tfvU7Ufq6lNxI8QxkR0fcX81q+I=
-108,-47,HsHc3P0tTDN4a+xIdRL4yJmWXwA=,tfvU7Ufq6lNxI8QxkR0fcX81q+I=
-111,-48,HsHc3P0tTDN4a+xIdRL4yJmWXwA=,tfvU7Ufq6lNxI8QxkR0fcX81q+I=
-107,-45,HsHc3P0tTDN4a+xIdRL4yJmWXwA=,tfvU7Ufq6lNxI8QxkR0fcX81q+I=
-110,-45,HsHc3P0tTDN4a+xIdRL4yJmWXwA=,tfvU7Ufq6lNxI8QxkR0fcX81q+I=
-97,-33,HsHc3P0tTDN4a+xIdRL4yJmWXwA=,tfvU7Ufq6lNxI8QxkR0fcX81q+I=
-101,-33,HsHc3P0tTDN4a+xIdRL4yJmWXwA=,tfvU7Ufq6lNxI8QxkR0fcX81q+I=
-99,-33,HsHc3P0tTDN4a+xIdRL4yJmWXwA=,tfvU7Ufq6lNxI8QxkR0fcX81q+I=
-100,-33,HsHc3P0tTDN4a+xIdRL4yJmWXwA=,tfvU7Ufq6lNxI8QxkR0fcX81q+I=
-98,-33,HsHc3P0tTDN4a+xIdRL4yJmWXwA=,tfvU7Ufq6lNxI8QxkR0fcX81q+I=
-103,-33,HsHc3P0tTDN4a+xIdRL4yJmWXwA=,tfvU7Ufq6lNxI8QxkR0fcX81q+I=
-102,-33,HsHc3P0tTDN4a+xIdRL4yJmWXwA=,tfvU7Ufq6lNxI8QxkR0fcX81q+I=
-105,-33,HsHc3P0tTDN4a+xIdRL4yJmWXwA=,tfvU7Ufq6lNxI8QxkR0fcX81q+I=
-104,-33,HsHc3P0tTDN4a+xIdRL4yJmWXwA=,tfvU7Ufq6lNxI8QxkR0fcX81q+I=
-107,-33,HsHc3P0tTDN4a+xIdRL4yJmWXwA=,tfvU7Ufq6lNxI8QxkR0fcX81q+I=
-108,-46,HsHc3P0tTDN4a+xIdRL4yJmWXwA=,tfvU7Ufq6lNxI8QxkR0fcX81q+I=
-108,-33,HsHc3P0tTDN4a+xIdRL4yJmWXwA=,tfvU7Ufq6lNxI8QxkR0fcX81q+I=
-109,-33,HsHc3P0tTDN4a+xIdRL4yJmWXwA=,tfvU7Ufq6lNxI8QxkR0fcX81q+I=
-106,-33,HsHc3P0tTDN4a+xIdRL4yJmWXwA=,tfvU7Ufq6lNxI8QxkR0fcX81q+I=
-110,-33,HsHc3P0tTDN4a+xIdRL4yJmWXwA=,tfvU7Ufq6lNxI8QxkR0fcX81q+I=
-111,-33,HsHc3P0tTDN4a+xIdRL4yJmWXwA=,tfvU7Ufq6lNxI8QxkR0fcX81q+I=
-108,-48,HsHc3P0tTDN4a+xIdRL4yJmWXwA=,tfvU7Ufq6lNxI8QxkR0fcX81q+I=
-111,-45,HsHc3P0tTDN4a+xIdRL4yJmWXwA=,tfvU7Ufq6lNxI8QxkR0fcX81q+I=
-112,-33,HsHc3P0tTDN4a+xIdRL4yJmWXwA=,tfvU7Ufq6lNxI8QxkR0fcX81q+I=
-109,-46,HsHc3P0tTDN4a+xIdRL4yJmWXwA=,tfvU7Ufq6lNxI8QxkR0fcX81q+I=
-98,-34,HsHc3P0tTDN4a+xIdRL4yJmWXwA=,tfvU7Ufq6lNxI8QxkR0fcX81q+I=
-99,-34,HsHc3P0tTDN4a+xIdRL4yJmWXwA=,tfvU7Ufq6lNxI8QxkR0fcX81q+I=
-100,-34,HsHc3P0tTDN4a+xIdRL4yJmWXwA=,tfvU7Ufq6lNxI8QxkR0fcX81q+I=
-101,-34,HsHc3P0tTDN4a+xIdRL4yJmWXwA=,tfvU7Ufq6lNxI8QxkR0fcX81q+I=
-102,-34,HsHc3P0tTDN4a+xIdRL4yJmWXwA=,tfvU7Ufq6lNxI8QxkR0fcX81q+I=
-103,-34,HsHc3P0tTDN4a+xIdRL4yJmWXwA=,tfvU7Ufq6lNxI8QxkR0fcX81q+I=
-104,-34,HsHc3P0tTDN4a+xIdRL4yJmWXwA=,tfvU7Ufq6lNxI8QxkR0fcX81q+I=
-97,-34,HsHc3P0tTDN4a+xIdRL4yJmWXwA=,tfvU7Ufq6lNxI8QxkR0fcX81q+I=
-105,-34,HsHc3P0tTDN4a+xIdRL4yJmWXwA=,tfvU7Ufq6lNxI8QxkR0fcX81q+I=
-107,-34,HsHc3P0tTDN4a+xIdRL4yJmWXwA=,tfvU7Ufq6lNxI8QxkR0fcX81q+I=
-106,-34,HsHc3P0tTDN4a+xIdRL4yJmWXwA=,tfvU7Ufq6lNxI8QxkR0fcX81q+I=
-108,-34,HsHc3P0tTDN4a+xIdRL4yJmWXwA=,tfvU7Ufq6lNxI8QxkR0fcX81q+I=
-109,-34,HsHc3P0tTDN4a+xIdRL4yJmWXwA=,tfvU7Ufq6lNxI8QxkR0fcX81q+I=
-110,-34,HsHc3P0tTDN4a+xIdRL4yJmWXwA=,tfvU7Ufq6lNxI8QxkR0fcX81q+I=
-111,-34,HsHc3P0tTDN4a+xIdRL4yJmWXwA=,tfvU7Ufq6lNxI8QxkR0fcX81q+I=
-109,-47,HsHc3P0tTDN4a+xIdRL4yJmWXwA=,tfvU7Ufq6lNxI8QxkR0fcX81q+I=
-112,-34,HsHc3P0tTDN4a+xIdRL4yJmWXwA=,tfvU7Ufq6lNxI8QxkR0fcX81q+I=
-110,-46,HsHc3P0tTDN4a+xIdRL4yJmWXwA=,tfvU7Ufq6lNxI8QxkR0fcX81q+I=
-97,-35,HsHc3P0tTDN4a+xIdRL4yJmWXwA=,tfvU7Ufq6lNxI8QxkR0fcX81q+I=
-98,-35,HsHc3P0tTDN4a+xIdRL4yJmWXwA=,tfvU7Ufq6lNxI8QxkR0fcX81q+I=
-100,-35,HsHc3P0tTDN4a+xIdRL4yJmWXwA=,tfvU7Ufq6lNxI8QxkR0fcX81q+I=
-99,-35,HsHc3P0tTDN4a+xIdRL4yJmWXwA=,tfvU7Ufq6lNxI8QxkR0fcX81q+I=
-101,-35,HsHc3P0tTDN4a+xIdRL4yJmWXwA=,tfvU7Ufq6lNxI8QxkR0fcX81q+I=
-102,-35,HsHc3P0tTDN4a+xIdRL4yJmWXwA=,tfvU7Ufq6lNxI8QxkR0fcX81q+I=
-103,-35,HsHc3P0tTDN4a+xIdRL4yJmWXwA=,tfvU7Ufq6lNxI8QxkR0fcX81q+I=
-104,-35,HsHc3P0tTDN4a+xIdRL4yJmWXwA=,tfvU7Ufq6lNxI8QxkR0fcX81q+I=
-106,-35,HsHc3P0tTDN4a+xIdRL4yJmWXwA=,tfvU7Ufq6lNxI8QxkR0fcX81q+I=
-105,-35,HsHc3P0tTDN4a+xIdRL4yJmWXwA=,tfvU7Ufq6lNxI8QxkR0fcX81q+I=
-107,-35,HsHc3P0tTDN4a+xIdRL4yJmWXwA=,tfvU7Ufq6lNxI8QxkR0fcX81q+I=
-108,-35,HsHc3P0tTDN4a+xIdRL4yJmWXwA=,tfvU7Ufq6lNxI8QxkR0fcX81q+I=
-110,-35,HsHc3P0tTDN4a+xIdRL4yJmWXwA=,tfvU7Ufq6lNxI8QxkR0fcX81q+I=
-109,-35,HsHc3P0tTDN4a+xIdRL4yJmWXwA=,tfvU7Ufq6lNxI8QxkR0fcX81q+I=
-111,-35,HsHc3P0tTDN4a+xIdRL4yJmWXwA=,tfvU7Ufq6lNxI8QxkR0fcX81q+I=
-110,-47,HsHc3P0tTDN4a+xIdRL4yJmWXwA=,tfvU7Ufq6lNxI8QxkR0fcX81q+I=
-112,-35,HsHc3P0tTDN4a+xIdRL4yJmWXwA=,tfvU7Ufq6lNxI8QxkR0fcX81q+I=
-97,-36,HsHc3P0tTDN4a+xIdRL4yJmWXwA=,tfvU7Ufq6lNxI8QxkR0fcX81q+I=
-111,-46,HsHc3P0tTDN4a+xIdRL4yJmWXwA=,tfvU7Ufq6lNxI8QxkR0fcX81q+I=
-98,-36,HsHc3P0tTDN4a+xIdRL4yJmWXwA=,tfvU7Ufq6lNxI8QxkR0fcX81q+I=
-99,-36,HsHc3P0tTDN4a+xIdRL4yJmWXwA=,tfvU7Ufq6lNxI8QxkR0fcX81q+I=
-101,-36,HsHc3P0tTDN4a+xIdRL4yJmWXwA=,tfvU7Ufq6lNxI8QxkR0fcX81q+I=
-100,-36,HsHc3P0tTDN4a+xIdRL4yJmWXwA=,tfvU7Ufq6lNxI8QxkR0fcX81q+I=
-104,-36,HsHc3P0tTDN4a+xIdRL4yJmWXwA=,tfvU7Ufq6lNxI8QxkR0fcX81q+I=
-105,-36,HsHc3P0tTDN4a+xIdRL4yJmWXwA=,tfvU7Ufq6lNxI8QxkR0fcX81q+I=
-106,-36,HsHc3P0tTDN4a+xIdRL4yJmWXwA=,tfvU7Ufq6lNxI8QxkR0fcX81q+I=
-107,-36,HsHc3P0tTDN4a+xIdRL4yJmWXwA=,tfvU7Ufq6lNxI8QxkR0fcX81q+I=
-108,-36,HsHc3P0tTDN4a+xIdRL4yJmWXwA=,tfvU7Ufq6lNxI8QxkR0fcX81q+I=
-109,-36,HsHc3P0tTDN4a+xIdRL4yJmWXwA=,tfvU7Ufq6lNxI8QxkR0fcX81q+I=
-110,-36,HsHc3P0tTDN4a+xIdRL4yJmWXwA=,tfvU7Ufq6lNxI8QxkR0fcX81q+I=
-111,-36,HsHc3P0tTDN4a+xIdRL4yJmWXwA=,tfvU7Ufq6lNxI8QxkR0fcX81q+I=
-112,-36,HsHc3P0tTDN4a+xIdRL4yJmWXwA=,tfvU7Ufq6lNxI8QxkR0fcX81q+I=
-111,-47,HsHc3P0tTDN4a+xIdRL4yJmWXwA=,tfvU7Ufq6lNxI8QxkR0fcX81q+I=
-112,-47,HsHc3P0tTDN4a+xIdRL4yJmWXwA=,tfvU7Ufq6lNxI8QxkR0fcX81q+I=
-112,-48,HsHc3P0tTDN4a+xIdRL4yJmWXwA=,tfvU7Ufq6lNxI8QxkR0fcX81q+I=
-112,-45,HsHc3P0tTDN4a+xIdRL4yJmWXwA=,tfvU7Ufq6lNxI8QxkR0fcX81q+I=
-110,-48,HsHc3P0tTDN4a+xIdRL4yJmWXwA=,tfvU7Ufq6lNxI8QxkR0fcX81q+I=
-112,-46,HsHc3P0tTDN4a+xIdRL4yJmWXwA=,tfvU7Ufq6lNxI8QxkR0fcX81q+I=
-97,-46,HsHc3P0tTDN4a+xIdRL4yJmWXwA=,tfvU7Ufq6lNxI8QxkR0fcX81q+I=
-102,-36,HsHc3P0tTDN4a+xIdRL4yJmWXwA=,tfvU7Ufq6lNxI8QxkR0fcX81q+I=
-97,-37,HsHc3P0tTDN4a+xIdRL4yJmWXwA=,tfvU7Ufq6lNxI8QxkR0fcX81q+I=
-98,-37,HsHc3P0tTDN4a+xIdRL4yJmWXwA=,tfvU7Ufq6lNxI8QxkR0fcX81q+I=
-99,-37,HsHc3P0tTDN4a+xIdRL4yJmWXwA=,tfvU7Ufq6lNxI8QxkR0fcX81q+I=
-103,-36,HsHc3P0tTDN4a+xIdRL4yJmWXwA=,tfvU7Ufq6lNxI8QxkR0fcX81q+I=
-97,-48,HsHc3P0tTDN4a+xIdRL4yJmWXwA=,tfvU7Ufq6lNxI8QxkR0fcX81q+I=
-100,-37,HsHc3P0tTDN4a+xIdRL4yJmWXwA=,tfvU7Ufq6lNxI8QxkR0fcX81q+I=
-102,-45,HsHc3P0tTDN4a+xIdRL4yJmWXwA=,tfvU7Ufq6lNxI8QxkR0fcX81q+I=
-98,-48,HsHc3P0tTDN4a+xIdRL4yJmWXwA=,tfvU7Ufq6lNxI8QxkR0fcX81q+I=
-98,-47,HsHc3P0tTDN4a+xIdRL4yJmWXwA=,tfvU7Ufq6lNxI8QxkR0fcX81q+I=
-97,-47,HsHc3P0tTDN4a+xIdRL4yJmWXwA=,tfvU7Ufq6lNxI8QxkR0fcX81q+I=
-106,-37,HsHc3P0tTDN4a+xIdRL4yJmWXwA=,tfvU7Ufq6lNxI8QxkR0fcX81q+I=
-107,-37,HsHc3P0tTDN4a+xIdRL4yJmWXwA=,tfvU7Ufq6lNxI8QxkR0fcX81q+I=
-108,-37,HsHc3P0tTDN4a+xIdRL4yJmWXwA=,tfvU7Ufq6lNxI8QxkR0fcX81q+I=
-109,-37,HsHc3P0tTDN4a+xIdRL4yJmWXwA=,tfvU7Ufq6lNxI8QxkR0fcX81q+I=
-110,-37,HsHc3P0tTDN4a+xIdRL4yJmWXwA=,tfvU7Ufq6lNxI8QxkR0fcX81q+I=
-111,-37,HsHc3P0tTDN4a+xIdRL4yJmWXwA=,tfvU7Ufq6lNxI8QxkR0fcX81q+I=
-101,-45,HsHc3P0tTDN4a+xIdRL4yJmWXwA=,tfvU7Ufq6lNxI8QxkR0fcX81q+I=
-98,-46,HsHc3P0tTDN4a+xIdRL4yJmWXwA=,tfvU7Ufq6lNxI8QxkR0fcX81q+I=
-112,-37,HsHc3P0tTDN4a+xIdRL4yJmWXwA=,tfvU7Ufq6lNxI8QxkR0fcX81q+I=
-105,-37,HsHc3P0tTDN4a+xIdRL4yJmWXwA=,tfvU7Ufq6lNxI8QxkR0fcX81q+I=
-101,-37,HsHc3P0tTDN4a+xIdRL4yJmWXwA=,tfvU7Ufq6lNxI8QxkR0fcX81q+I=
-97,-38,HsHc3P0tTDN4a+xIdRL4yJmWXwA=,tfvU7Ufq6lNxI8QxkR0fcX81q+I=
-98,-38,HsHc3P0tTDN4a+xIdRL4yJmWXwA=,tfvU7Ufq6lNxI8QxkR0fcX81q+I=
-100,-45,HsHc3P0tTDN4a+xIdRL4yJmWXwA=,tfvU7Ufq6lNxI8QxkR0fcX81q+I=
-102,-37,HsHc3P0tTDN4a+xIdRL4yJmWXwA=,tfvU7Ufq6lNxI8QxkR0fcX81q+I=
-103,-37,HsHc3P0tTDN4a+xIdRL4yJmWXwA=,tfvU7Ufq6lNxI8QxkR0fcX81q+I=
-104,-37,HsHc3P0tTDN4a+xIdRL4yJmWXwA=,tfvU7Ufq6lNxI8QxkR0fcX81q+I=
-99,-45,HsHc3P0tTDN4a+xIdRL4yJmWXwA=,tfvU7Ufq6lNxI8QxkR0fcX81q+I=
-98,-45,HsHc3P0tTDN4a+xIdRL4yJmWXwA=,tfvU7Ufq6lNxI8QxkR0fcX81q+I=
-99,-47,HsHc3P0tTDN4a+xIdRL4yJmWXwA=,tfvU7Ufq6lNxI8QxkR0fcX81q+I=
-99,-48,HsHc3P0tTDN4a+xIdRL4yJmWXwA=,tfvU7Ufq6lNxI8QxkR0fcX81q+I=
-97,-45,HsHc3P0tTDN4a+xIdRL4yJmWXwA=,tfvU7Ufq6lNxI8QxkR0fcX81q+I=
-106,-47,HsHc3P0tTDN4a+xIdRL4yJmWXwA=,tfvU7Ufq6lNxI8QxkR0fcX81q+I=
-106,-48,HsHc3P0tTDN4a+xIdRL4yJmWXwA=,tfvU7Ufq6lNxI8QxkR0fcX81q+I=
-112,-44,HsHc3P0tTDN4a+xIdRL4yJmWXwA=,tfvU7Ufq6lNxI8QxkR0fcX81q+I=
-105,-46,HsHc3P0tTDN4a+xIdRL4yJmWXwA=,tfvU7Ufq6lNxI8QxkR0fcX81q+I=
-111,-44,HsHc3P0tTDN4a+xIdRL4yJmWXwA=,tfvU7Ufq6lNxI8QxkR0fcX81q+I=
-110,-44,HsHc3P0tTDN4a+xIdRL4yJmWXwA=,tfvU7Ufq6lNxI8QxkR0fcX81q+I=
-109,-44,HsHc3P0tTDN4a+xIdRL4yJmWXwA=,tfvU7Ufq6lNxI8QxkR0fcX81q+I=
-108,-44,HsHc3P0tTDN4a+xIdRL4yJmWXwA=,tfvU7Ufq6lNxI8QxkR0fcX81q+I=
-107,-44,HsHc3P0tTDN4a+xIdRL4yJmWXwA=,tfvU7Ufq6lNxI8QxkR0fcX81q+I=
-106,-44,HsHc3P0tTDN4a+xIdRL4yJmWXwA=,tfvU7Ufq6lNxI8QxkR0fcX81q+I=
-105,-44,HsHc3P0tTDN4a+xIdRL4yJmWXwA=,tfvU7Ufq6lNxI8QxkR0fcX81q+I=
-99,-38,HsHc3P0tTDN4a+xIdRL4yJmWXwA=,tfvU7Ufq6lNxI8QxkR0fcX81q+I=
-101,-38,HsHc3P0tTDN4a+xIdRL4yJmWXwA=,tfvU7Ufq6lNxI8QxkR0fcX81q+I=
-100,-38,HsHc3P0tTDN4a+xIdRL4yJmWXwA=,tfvU7Ufq6lNxI8QxkR0fcX81q+I=
-104,-44,HsHc3P0tTDN4a+xIdRL4yJmWXwA=,tfvU7Ufq6lNxI8QxkR0fcX81q+I=
-107,-38,HsHc3P0tTDN4a+xIdRL4yJmWXwA=,tfvU7Ufq6lNxI8QxkR0fcX81q+I=
-108,-38,HsHc3P0tTDN4a+xIdRL4yJmWXwA=,tfvU7Ufq6lNxI8QxkR0fcX81q+I=
-109,-38,HsHc3P0tTDN4a+xIdRL4yJmWXwA=,tfvU7Ufq6lNxI8QxkR0fcX81q+I=
-110,-38,HsHc3P0tTDN4a+xIdRL4yJmWXwA=,tfvU7Ufq6lNxI8QxkR0fcX81q+I=
-111,-38,HsHc3P0tTDN4a+xIdRL4yJmWXwA=,tfvU7Ufq6lNxI8QxkR0fcX81q+I=
-112,-38,HsHc3P0tTDN4a+xIdRL4yJmWXwA=,tfvU7Ufq6lNxI8QxkR0fcX81q+I=
-102,-38,HsHc3P0tTDN4a+xIdRL4yJmWXwA=,tfvU7Ufq6lNxI8QxkR0fcX81q+I=
-103,-38,HsHc3P0tTDN4a+xIdRL4yJmWXwA=,tfvU7Ufq6lNxI8QxkR0fcX81q+I=
-104,-38,HsHc3P0tTDN4a+xIdRL4yJmWXwA=,tfvU7Ufq6lNxI8QxkR0fcX81q+I=
-105,-38,HsHc3P0tTDN4a+xIdRL4yJmWXwA=,tfvU7Ufq6lNxI8QxkR0fcX81q+I=
-99,-46,HsHc3P0tTDN4a+xIdRL4yJmWXwA=,tfvU7Ufq6lNxI8QxkR0fcX81q+I=
-100,-48,HsHc3P0tTDN4a+xIdRL4yJmWXwA=,tfvU7Ufq6lNxI8QxkR0fcX81q+I=
-106,-38,HsHc3P0tTDN4a+xIdRL4yJmWXwA=,tfvU7Ufq6lNxI8QxkR0fcX81q+I=
-100,-47,HsHc3P0tTDN4a+xIdRL4yJmWXwA=,tfvU7Ufq6lNxI8QxkR0fcX81q+I=
-100,-39,HsHc3P0tTDN4a+xIdRL4yJmWXwA=,tfvU7Ufq6lNxI8QxkR0fcX81q+I=
-103,-44,HsHc3P0tTDN4a+xIdRL4yJmWXwA=,tfvU7Ufq6lNxI8QxkR0fcX81q+I=
-97,-39,HsHc3P0tTDN4a+xIdRL4yJmWXwA=,tfvU7Ufq6lNxI8QxkR0fcX81q+I=
-102,-44,HsHc3P0tTDN4a+xIdRL4yJmWXwA=,tfvU7Ufq6lNxI8QxkR0fcX81q+I=
-98,-39,HsHc3P0tTDN4a+xIdRL4yJmWXwA=,tfvU7Ufq6lNxI8QxkR0fcX81q+I=
-102,-39,HsHc3P0tTDN4a+xIdRL4yJmWXwA=,tfvU7Ufq6lNxI8QxkR0fcX81q+I=
-99,-39,HsHc3P0tTDN4a+xIdRL4yJmWXwA=,tfvU7Ufq6lNxI8QxkR0fcX81q+I=
-108,-39,HsHc3P0tTDN4a+xIdRL4yJmWXwA=,tfvU7Ufq6lNxI8QxkR0fcX81q+I=
-109,-39,HsHc3P0tTDN4a+xIdRL4yJmWXwA=,tfvU7Ufq6lNxI8QxkR0fcX81q+I=
-110,-39,HsHc3P0tTDN4a+xIdRL4yJmWXwA=,tfvU7Ufq6lNxI8QxkR0fcX81q+I=
-111,-39,HsHc3P0tTDN4a+xIdRL4yJmWXwA=,tfvU7Ufq6lNxI8QxkR0fcX81q+I=
-112,-39,HsHc3P0tTDN4a+xIdRL4yJmWXwA=,tfvU7Ufq6lNxI8QxkR0fcX81q+I=
-107,-39,HsHc3P0tTDN4a+xIdRL4yJmWXwA=,tfvU7Ufq6lNxI8QxkR0fcX81q+I=
-101,-48,HsHc3P0tTDN4a+xIdRL4yJmWXwA=,tfvU7Ufq6lNxI8QxkR0fcX81q+I=
-103,-39,HsHc3P0tTDN4a+xIdRL4yJmWXwA=,tfvU7Ufq6lNxI8QxkR0fcX81q+I=
-101,-39,HsHc3P0tTDN4a+xIdRL4yJmWXwA=,tfvU7Ufq6lNxI8QxkR0fcX81q+I=
-101,-44,HsHc3P0tTDN4a+xIdRL4yJmWXwA=,tfvU7Ufq6lNxI8QxkR0fcX81q+I=
-100,-44,HsHc3P0tTDN4a+xIdRL4yJmWXwA=,tfvU7Ufq6lNxI8QxkR0fcX81q+I=
-101,-47,HsHc3P0tTDN4a+xIdRL4yJmWXwA=,tfvU7Ufq6lNxI8QxkR0fcX81q+I=
-100,-46,HsHc3P0tTDN4a+xIdRL4yJmWXwA=,tfvU7Ufq6lNxI8QxkR0fcX81q+I=
-105,-39,HsHc3P0tTDN4a+xIdRL4yJmWXwA=,tfvU7Ufq6lNxI8QxkR0fcX81q+I=
-99,-40,HsHc3P0tTDN4a+xIdRL4yJmWXwA=,tfvU7Ufq6lNxI8QxkR0fcX81q+I=
-106,-39,HsHc3P0tTDN4a+xIdRL4yJmWXwA=,tfvU7Ufq6lNxI8QxkR0fcX81q+I=
-99,-44,HsHc3P0tTDN4a+xIdRL4yJmWXwA=,tfvU7Ufq6lNxI8QxkR0fcX81q+I=
-97,-40,HsHc3P0tTDN4a+xIdRL4yJmWXwA=,tfvU7Ufq6lNxI8QxkR0fcX81q+I=
-98,-44,HsHc3P0tTDN4a+xIdRL4yJmWXwA=,tfvU7Ufq6lNxI8QxkR0fcX81q+I=
-97,-44,HsHc3P0tTDN4a+xIdRL4yJmWXwA=,tfvU7Ufq6lNxI8QxkR0fcX81q+I=
-105,-47,HsHc3P0tTDN4a+xIdRL4yJmWXwA=,tfvU7Ufq6lNxI8QxkR0fcX81q+I=
-105,-48,HsHc3P0tTDN4a+xIdRL4yJmWXwA=,tfvU7Ufq6lNxI8QxkR0fcX81q+I=
-112,-43,HsHc3P0tTDN4a+xIdRL4yJmWXwA=,tfvU7Ufq6lNxI8QxkR0fcX81q+I=
-104,-46,HsHc3P0tTDN4a+xIdRL4yJmWXwA=,tfvU7Ufq6lNxI8QxkR0fcX81q+I=
-111,-43,HsHc3P0tTDN4a+xIdRL4yJmWXwA=,tfvU7Ufq6lNxI8QxkR0fcX81q+I=
-110,-43,HsHc3P0tTDN4a+xIdRL4yJmWXwA=,tfvU7Ufq6lNxI8QxkR0fcX81q+I=
-109,-43,HsHc3P0tTDN4a+xIdRL4yJmWXwA=,tfvU7Ufq6lNxI8QxkR0fcX81q+I=
-108,-43,HsHc3P0tTDN4a+xIdRL4yJmWXwA=,tfvU7Ufq6lNxI8QxkR0fcX81q+I=
-107,-43,HsHc3P0tTDN4a+xIdRL4yJmWXwA=,tfvU7Ufq6lNxI8QxkR0fcX81q+I=
-101,-40,HsHc3P0tTDN4a+xIdRL4yJmWXwA=,tfvU7Ufq6lNxI8QxkR0fcX81q+I=
-98,-40,HsHc3P0tTDN4a+xIdRL4yJmWXwA=,tfvU7Ufq6lNxI8QxkR0fcX81q+I=
-108,-40,HsHc3P0tTDN4a+xIdRL4yJmWXwA=,tfvU7Ufq6lNxI8QxkR0fcX81q+I=
-106,-43,HsHc3P0tTDN4a+xIdRL4yJmWXwA=,tfvU7Ufq6lNxI8QxkR0fcX81q+I=
-109,-40,HsHc3P0tTDN4a+xIdRL4yJmWXwA=,tfvU7Ufq6lNxI8QxkR0fcX81q+I=
-110,-40,HsHc3P0tTDN4a+xIdRL4yJmWXwA=,tfvU7Ufq6lNxI8QxkR0fcX81q+I=
-111,-40,HsHc3P0tTDN4a+xIdRL4yJmWXwA=,tfvU7Ufq6lNxI8QxkR0fcX81q+I=
-112,-40,HsHc3P0tTDN4a+xIdRL4yJmWXwA=,tfvU7Ufq6lNxI8QxkR0fcX81q+I=
-102,-40,HsHc3P0tTDN4a+xIdRL4yJmWXwA=,tfvU7Ufq6lNxI8QxkR0fcX81q+I=
-102,-48,HsHc3P0tTDN4a+xIdRL4yJmWXwA=,tfvU7Ufq6lNxI8QxkR0fcX81q+I=
-102,-47,HsHc3P0tTDN4a+xIdRL4yJmWXwA=,tfvU7Ufq6lNxI8QxkR0fcX81q+I=
-104,-39,HsHc3P0tTDN4a+xIdRL4yJmWXwA=,tfvU7Ufq6lNxI8QxkR0fcX81q+I=
-101,-46,HsHc3P0tTDN4a+xIdRL4yJmWXwA=,tfvU7Ufq6lNxI8QxkR0fcX81q+I=
-98,-41,HsHc3P0tTDN4a+xIdRL4yJmWXwA=,tfvU7Ufq6lNxI8QxkR0fcX81q+I=
-100,-40,HsHc3P0tTDN4a+xIdRL4yJmWXwA=,tfvU7Ufq6lNxI8QxkR0fcX81q+I=
-105,-40,HsHc3P0tTDN4a+xIdRL4yJmWXwA=,tfvU7Ufq6lNxI8QxkR0fcX81q+I=
-97,-41,HsHc3P0tTDN4a+xIdRL4yJmWXwA=,tfvU7Ufq6lNxI8QxkR0fcX81q+I=
-103,-40,HsHc3P0tTDN4a+xIdRL4yJmWXwA=,tfvU7Ufq6lNxI8QxkR0fcX81q+I=
-106,-40,HsHc3P0tTDN4a+xIdRL4yJmWXwA=,tfvU7Ufq6lNxI8QxkR0fcX81q+I=
-105,-43,HsHc3P0tTDN4a+xIdRL4yJmWXwA=,tfvU7Ufq6lNxI8QxkR0fcX81q+I=
-107,-40,HsHc3P0tTDN4a+xIdRL4yJmWXwA=,tfvU7Ufq6lNxI8QxkR0fcX81q+I=
-108,-41,HsHc3P0tTDN4a+xIdRL4yJmWXwA=,tfvU7Ufq6lNxI8QxkR0fcX81q+I=
-109,-41,HsHc3P0tTDN4a+xIdRL4yJmWXwA=,tfvU7Ufq6lNxI8QxkR0fcX81q+I=
-110,-41,HsHc3P0tTDN4a+xIdRL4yJmWXwA=,tfvU7Ufq6lNxI8QxkR0fcX81q+I=
-111,-41,HsHc3P0tTDN4a+xIdRL4yJmWXwA=,tfvU7Ufq6lNxI8QxkR0fcX81q+I=
-112,-41,HsHc3P0tTDN4a+xIdRL4yJmWXwA=,tfvU7Ufq6lNxI8QxkR0fcX81q+I=
-102,-46,HsHc3P0tTDN4a+xIdRL4yJmWXwA=,tfvU7Ufq6lNxI8QxkR0fcX81q+I=
-103,-48,HsHc3P0tTDN4a+xIdRL4yJmWXwA=,tfvU7Ufq6lNxI8QxkR0fcX81q+I=
-103,-47,HsHc3P0tTDN4a+xIdRL4yJmWXwA=,tfvU7Ufq6lNxI8QxkR0fcX81q+I=
-101,-41,HsHc3P0tTDN4a+xIdRL4yJmWXwA=,tfvU7Ufq6lNxI8QxkR0fcX81q+I=
-104,-40,HsHc3P0tTDN4a+xIdRL4yJmWXwA=,tfvU7Ufq6lNxI8QxkR0fcX81q+I=
-107,-41,HsHc3P0tTDN4a+xIdRL4yJmWXwA=,tfvU7Ufq6lNxI8QxkR0fcX81q+I=
-103,-41,HsHc3P0tTDN4a+xIdRL4yJmWXwA=,tfvU7Ufq6lNxI8QxkR0fcX81q+I=
-101,-42,HsHc3P0tTDN4a+xIdRL4yJmWXwA=,tfvU7Ufq6lNxI8QxkR0fcX81q+I=
-100,-42,HsHc3P0tTDN4a+xIdRL4yJmWXwA=,tfvU7Ufq6lNxI8QxkR0fcX81q+I=
-99,-41,HsHc3P0tTDN4a+xIdRL4yJmWXwA=,tfvU7Ufq6lNxI8QxkR0fcX81q+I=
-104,-41,HsHc3P0tTDN4a+xIdRL4yJmWXwA=,tfvU7Ufq6lNxI8QxkR0fcX81q+I=
-106,-41,HsHc3P0tTDN4a+xIdRL4yJmWXwA=,tfvU7Ufq6lNxI8QxkR0fcX81q+I=
-102,-42,HsHc3P0tTDN4a+xIdRL4yJmWXwA=,tfvU7Ufq6lNxI8QxkR0fcX81q+I=
-107,-42,HsHc3P0tTDN4a+xIdRL4yJmWXwA=,tfvU7Ufq6lNxI8QxkR0fcX81q+I=
-108,-42,HsHc3P0tTDN4a+xIdRL4yJmWXwA=,tfvU7Ufq6lNxI8QxkR0fcX81q+I=
-109,-42,HsHc3P0tTDN4a+xIdRL4yJmWXwA=,tfvU7Ufq6lNxI8QxkR0fcX81q+I=
-110,-42,HsHc3P0tTDN4a+xIdRL4yJmWXwA=,tfvU7Ufq6lNxI8QxkR0fcX81q+I=
-111,-42,HsHc3P0tTDN4a+xIdRL4yJmWXwA=,tfvU7Ufq6lNxI8QxkR0fcX81q+I=
-112,-42,HsHc3P0tTDN4a+xIdRL4yJmWXwA=,tfvU7Ufq6lNxI8QxkR0fcX81q+I=
-103,-46,HsHc3P0tTDN4a+xIdRL4yJmWXwA=,tfvU7Ufq6lNxI8QxkR0fcX81q+I=
-104,-48,HsHc3P0tTDN4a+xIdRL4yJmWXwA=,tfvU7Ufq6lNxI8QxkR0fcX81q+I=
-104,-47,HsHc3P0tTDN4a+xIdRL4yJmWXwA=,tfvU7Ufq6lNxI8QxkR0fcX81q+I=
-100,-41,HsHc3P0tTDN4a+xIdRL4yJmWXwA=,tfvU7Ufq6lNxI8QxkR0fcX81q+I=
-106,-42,HsHc3P0tTDN4a+xIdRL4yJmWXwA=,tfvU7Ufq6lNxI8QxkR0fcX81q+I=
-103,-42,HsHc3P0tTDN4a+xIdRL4yJmWXwA=,tfvU7Ufq6lNxI8QxkR0fcX81q+I=
-102,-41,HsHc3P0tTDN4a+xIdRL4yJmWXwA=,tfvU7Ufq6lNxI8QxkR0fcX81q+I=
-100,-43,HsHc3P0tTDN4a+xIdRL4yJmWXwA=,tfvU7Ufq6lNxI8QxkR0fcX81q+I=
-99,-43,HsHc3P0tTDN4a+xIdRL4yJmWXwA=,tfvU7Ufq6lNxI8QxkR0fcX81q+I=
-105,-41,HsHc3P0tTDN4a+xIdRL4yJmWXwA=,tfvU7Ufq6lNxI8QxkR0fcX81q+I=
-105,-42,HsHc3P0tTDN4a+xIdRL4yJmWXwA=,tfvU7Ufq6lNxI8QxkR0fcX81q+I=
-99,-42,HsHc3P0tTDN4a+xIdRL4yJmWXwA=,tfvU7Ufq6lNxI8QxkR0fcX81q+I=
-97,-42,HsHc3P0tTDN4a+xIdRL4yJmWXwA=,tfvU7Ufq6lNxI8QxkR0fcX81q+I=
-102,-43,HsHc3P0tTDN4a+xIdRL4yJmWXwA=,tfvU7Ufq6lNxI8QxkR0fcX81q+I=
-104,-43,HsHc3P0tTDN4a+xIdRL4yJmWXwA=,tfvU7Ufq6lNxI8QxkR0fcX81q+I=
-98,-42,HsHc3P0tTDN4a+xIdRL4yJmWXwA=,tfvU7Ufq6lNxI8QxkR0fcX81q+I=
-101,-43,HsHc3P0tTDN4a+xIdRL4yJmWXwA=,tfvU7Ufq6lNxI8QxkR0fcX81q+I=
-97,-43,HsHc3P0tTDN4a+xIdRL4yJmWXwA=,tfvU7Ufq6lNxI8QxkR0fcX81q+I=
-98,-43,HsHc3P0tTDN4a+xIdRL4yJmWXwA=,tfvU7Ufq6lNxI8QxkR0fcX81q+I=
-104,-42,HsHc3P0tTDN4a+xIdRL4yJmWXwA=,tfvU7Ufq6lNxI8QxkR0fcX81q+I=
-103,-43,HsHc3P0tTDN4a+xIdRL4yJmWXwA=,tfvU7Ufq6lNxI8QxkR0fcX81q+I=
-105,-61,HsHc3P0tTDN4a+xIdRL4yJmWXwA=,hxNbYbW+DnRTvU/bNQwvGVyjJW8=
-107,-64,QeueehtlZnF3pMSk8wGibhsct8k=,hxNbYbW+DnRTvU/bNQwvGVyjJW8=
-106,-61,QeueehtlZnF3pMSk8wGibhsct8k=,hxNbYbW+DnRTvU/bNQwvGVyjJW8=
-106,-62,QeueehtlZnF3pMSk8wGibhsct8k=,hxNbYbW+DnRTvU/bNQwvGVyjJW8=
-107,-62,QeueehtlZnF3pMSk8wGibhsct8k=,hxNbYbW+DnRTvU/bNQwvGVyjJW8=
-109,-64,QeueehtlZnF3pMSk8wGibhsct8k=,hxNbYbW+DnRTvU/bNQwvGVyjJW8=
-107,-61,QeueehtlZnF3pMSk8wGibhsct8k=,hxNbYbW+DnRTvU/bNQwvGVyjJW8=
-108,-61,QeueehtlZnF3pMSk8wGibhsct8k=,hxNbYbW+DnRTvU/bNQwvGVyjJW8=
-109,-61,QeueehtlZnF3pMSk8wGibhsct8k=,hxNbYbW+DnRTvU/bNQwvGVyjJW8=
-107,-63,QeueehtlZnF3pMSk8wGibhsct8k=,hxNbYbW+DnRTvU/bNQwvGVyjJW8=
-108,-63,QeueehtlZnF3pMSk8wGibhsct8k=,hxNbYbW+DnRTvU/bNQwvGVyjJW8=
-111,-64,QeueehtlZnF3pMSk8wGibhsct8k=,hxNbYbW+DnRTvU/bNQwvGVyjJW8=
-108,-62,QeueehtlZnF3pMSk8wGibhsct8k=,hxNbYbW+DnRTvU/bNQwvGVyjJW8=
-110,-61,QeueehtlZnF3pMSk8wGibhsct8k=,hxNbYbW+DnRTvU/bNQwvGVyjJW8=
-111,-61,QeueehtlZnF3pMSk8wGibhsct8k=,hxNbYbW+DnRTvU/bNQwvGVyjJW8=
-108,-64,QeueehtlZnF3pMSk8wGibhsct8k=,hxNbYbW+DnRTvU/bNQwvGVyjJW8=
-109,-62,QeueehtlZnF3pMSk8wGibhsct8k=,hxNbYbW+DnRTvU/bNQwvGVyjJW8=
-101,-50,QeueehtlZnF3pMSk8wGibhsct8k=,hxNbYbW+DnRTvU/bNQwvGVyjJW8=
-100,-50,QeueehtlZnF3pMSk8wGibhsct8k=,hxNbYbW+DnRTvU/bNQwvGVyjJW8=
-102,-50,QeueehtlZnF3pMSk8wGibhsct8k=,hxNbYbW+DnRTvU/bNQwvGVyjJW8=
-103,-50,QeueehtlZnF3pMSk8wGibhsct8k=,hxNbYbW+DnRTvU/bNQwvGVyjJW8=
-104,-50,QeueehtlZnF3pMSk8wGibhsct8k=,hxNbYbW+DnRTvU/bNQwvGVyjJW8=
-105,-50,QeueehtlZnF3pMSk8wGibhsct8k=,hxNbYbW+DnRTvU/bNQwvGVyjJW8=
-106,-50,QeueehtlZnF3pMSk8wGibhsct8k=,hxNbYbW+DnRTvU/bNQwvGVyjJW8=
-107,-50,QeueehtlZnF3pMSk8wGibhsct8k=,hxNbYbW+DnRTvU/bNQwvGVyjJW8=
-108,-50,QeueehtlZnF3pMSk8wGibhsct8k=,hxNbYbW+DnRTvU/bNQwvGVyjJW8=
-109,-50,QeueehtlZnF3pMSk8wGibhsct8k=,hxNbYbW+DnRTvU/bNQwvGVyjJW8=
-110,-50,QeueehtlZnF3pMSk8wGibhsct8k=,hxNbYbW+DnRTvU/bNQwvGVyjJW8=
-111,-50,QeueehtlZnF3pMSk8wGibhsct8k=,hxNbYbW+DnRTvU/bNQwvGVyjJW8=
-112,-50,QeueehtlZnF3pMSk8wGibhsct8k=,hxNbYbW+DnRTvU/bNQwvGVyjJW8=
-109,-63,QeueehtlZnF3pMSk8wGibhsct8k=,hxNbYbW+DnRTvU/bNQwvGVyjJW8=
-110,-62,QeueehtlZnF3pMSk8wGibhsct8k=,hxNbYbW+DnRTvU/bNQwvGVyjJW8=
-99,-51,QeueehtlZnF3pMSk8wGibhsct8k=,hxNbYbW+DnRTvU/bNQwvGVyjJW8=
-100,-51,QeueehtlZnF3pMSk8wGibhsct8k=,hxNbYbW+DnRTvU/bNQwvGVyjJW8=
-101,-51,QeueehtlZnF3pMSk8wGibhsct8k=,hxNbYbW+DnRTvU/bNQwvGVyjJW8=
-102,-51,QeueehtlZnF3pMSk8wGibhsct8k=,hxNbYbW+DnRTvU/bNQwvGVyjJW8=
-103,-51,QeueehtlZnF3pMSk8wGibhsct8k=,hxNbYbW+DnRTvU/bNQwvGVyjJW8=
-104,-51,QeueehtlZnF3pMSk8wGibhsct8k=,hxNbYbW+DnRTvU/bNQwvGVyjJW8=
-105,-51,QeueehtlZnF3pMSk8wGibhsct8k=,hxNbYbW+DnRTvU/bNQwvGVyjJW8=
-106,-51,QeueehtlZnF3pMSk8wGibhsct8k=,hxNbYbW+DnRTvU/bNQwvGVyjJW8=
-108,-51,QeueehtlZnF3pMSk8wGibhsct8k=,hxNbYbW+DnRTvU/bNQwvGVyjJW8=
-107,-51,QeueehtlZnF3pMSk8wGibhsct8k=,hxNbYbW+DnRTvU/bNQwvGVyjJW8=
-109,-51,QeueehtlZnF3pMSk8wGibhsct8k=,hxNbYbW+DnRTvU/bNQwvGVyjJW8=
-110,-51,QeueehtlZnF3pMSk8wGibhsct8k=,hxNbYbW+DnRTvU/bNQwvGVyjJW8=
-111,-51,QeueehtlZnF3pMSk8wGibhsct8k=,hxNbYbW+DnRTvU/bNQwvGVyjJW8=
-112,-51,QeueehtlZnF3pMSk8wGibhsct8k=,hxNbYbW+DnRTvU/bNQwvGVyjJW8=
-110,-63,QeueehtlZnF3pMSk8wGibhsct8k=,hxNbYbW+DnRTvU/bNQwvGVyjJW8=
-111,-62,QeueehtlZnF3pMSk8wGibhsct8k=,hxNbYbW+DnRTvU/bNQwvGVyjJW8=
-98,-52,QeueehtlZnF3pMSk8wGibhsct8k=,hxNbYbW+DnRTvU/bNQwvGVyjJW8=
-99,-52,QeueehtlZnF3pMSk8wGibhsct8k=,hxNbYbW+DnRTvU/bNQwvGVyjJW8=
-100,-52,QeueehtlZnF3pMSk8wGibhsct8k=,hxNbYbW+DnRTvU/bNQwvGVyjJW8=
-101,-52,QeueehtlZnF3pMSk8wGibhsct8k=,hxNbYbW+DnRTvU/bNQwvGVyjJW8=
-102,-52,QeueehtlZnF3pMSk8wGibhsct8k=,hxNbYbW+DnRTvU/bNQwvGVyjJW8=
-103,-52,QeueehtlZnF3pMSk8wGibhsct8k=,hxNbYbW+DnRTvU/bNQwvGVyjJW8=
-104,-52,QeueehtlZnF3pMSk8wGibhsct8k=,hxNbYbW+DnRTvU/bNQwvGVyjJW8=
-105,-52,QeueehtlZnF3pMSk8wGibhsct8k=,hxNbYbW+DnRTvU/bNQwvGVyjJW8=
-106,-52,QeueehtlZnF3pMSk8wGibhsct8k=,hxNbYbW+DnRTvU/bNQwvGVyjJW8=
-107,-52,QeueehtlZnF3pMSk8wGibhsct8k=,hxNbYbW+DnRTvU/bNQwvGVyjJW8=
-108,-52,QeueehtlZnF3pMSk8wGibhsct8k=,hxNbYbW+DnRTvU/bNQwvGVyjJW8=
-109,-52,QeueehtlZnF3pMSk8wGibhsct8k=,hxNbYbW+DnRTvU/bNQwvGVyjJW8=
-110,-52,QeueehtlZnF3pMSk8wGibhsct8k=,hxNbYbW+DnRTvU/bNQwvGVyjJW8=
-111,-52,QeueehtlZnF3pMSk8wGibhsct8k=,hxNbYbW+DnRTvU/bNQwvGVyjJW8=
-111,-63,QeueehtlZnF3pMSk8wGibhsct8k=,hxNbYbW+DnRTvU/bNQwvGVyjJW8=
-112,-52,QeueehtlZnF3pMSk8wGibhsct8k=,hxNbYbW+DnRTvU/bNQwvGVyjJW8=
-112,-63,QeueehtlZnF3pMSk8wGibhsct8k=,hxNbYbW+DnRTvU/bNQwvGVyjJW8=
-112,-64,QeueehtlZnF3pMSk8wGibhsct8k=,hxNbYbW+DnRTvU/bNQwvGVyjJW8=
-112,-61,QeueehtlZnF3pMSk8wGibhsct8k=,hxNbYbW+DnRTvU/bNQwvGVyjJW8=
-110,-64,QeueehtlZnF3pMSk8wGibhsct8k=,hxNbYbW+DnRTvU/bNQwvGVyjJW8=
-98,-64,QeueehtlZnF3pMSk8wGibhsct8k=,hxNbYbW+DnRTvU/bNQwvGVyjJW8=
-112,-62,QeueehtlZnF3pMSk8wGibhsct8k=,hxNbYbW+DnRTvU/bNQwvGVyjJW8=
-98,-63,QeueehtlZnF3pMSk8wGibhsct8k=,hxNbYbW+DnRTvU/bNQwvGVyjJW8=
-98,-53,QeueehtlZnF3pMSk8wGibhsct8k=,hxNbYbW+DnRTvU/bNQwvGVyjJW8=
-100,-53,QeueehtlZnF3pMSk8wGibhsct8k=,hxNbYbW+DnRTvU/bNQwvGVyjJW8=
-101,-53,QeueehtlZnF3pMSk8wGibhsct8k=,hxNbYbW+DnRTvU/bNQwvGVyjJW8=
-99,-53,QeueehtlZnF3pMSk8wGibhsct8k=,hxNbYbW+DnRTvU/bNQwvGVyjJW8=
-102,-53,QeueehtlZnF3pMSk8wGibhsct8k=,hxNbYbW+DnRTvU/bNQwvGVyjJW8=
-103,-53,QeueehtlZnF3pMSk8wGibhsct8k=,hxNbYbW+DnRTvU/bNQwvGVyjJW8=
-104,-53,QeueehtlZnF3pMSk8wGibhsct8k=,hxNbYbW+DnRTvU/bNQwvGVyjJW8=
-105,-53,QeueehtlZnF3pMSk8wGibhsct8k=,hxNbYbW+DnRTvU/bNQwvGVyjJW8=
-106,-53,QeueehtlZnF3pMSk8wGibhsct8k=,hxNbYbW+DnRTvU/bNQwvGVyjJW8=
-107,-53,QeueehtlZnF3pMSk8wGibhsct8k=,hxNbYbW+DnRTvU/bNQwvGVyjJW8=
-108,-53,QeueehtlZnF3pMSk8wGibhsct8k=,hxNbYbW+DnRTvU/bNQwvGVyjJW8=
-109,-53,QeueehtlZnF3pMSk8wGibhsct8k=,hxNbYbW+DnRTvU/bNQwvGVyjJW8=
-111,-53,QeueehtlZnF3pMSk8wGibhsct8k=,hxNbYbW+DnRTvU/bNQwvGVyjJW8=
-110,-53,QeueehtlZnF3pMSk8wGibhsct8k=,hxNbYbW+DnRTvU/bNQwvGVyjJW8=
-112,-53,QeueehtlZnF3pMSk8wGibhsct8k=,hxNbYbW+DnRTvU/bNQwvGVyjJW8=
-99,-64,QeueehtlZnF3pMSk8wGibhsct8k=,hxNbYbW+DnRTvU/bNQwvGVyjJW8=
-98,-62,QeueehtlZnF3pMSk8wGibhsct8k=,hxNbYbW+DnRTvU/bNQwvGVyjJW8=
-99,-63,QeueehtlZnF3pMSk8wGibhsct8k=,hxNbYbW+DnRTvU/bNQwvGVyjJW8=
-99,-54,QeueehtlZnF3pMSk8wGibhsct8k=,hxNbYbW+DnRTvU/bNQwvGVyjJW8=
-98,-54,QeueehtlZnF3pMSk8wGibhsct8k=,hxNbYbW+DnRTvU/bNQwvGVyjJW8=
-100,-54,QeueehtlZnF3pMSk8wGibhsct8k=,hxNbYbW+DnRTvU/bNQwvGVyjJW8=
-101,-54,QeueehtlZnF3pMSk8wGibhsct8k=,hxNbYbW+DnRTvU/bNQwvGVyjJW8=
-102,-54,QeueehtlZnF3pMSk8wGibhsct8k=,hxNbYbW+DnRTvU/bNQwvGVyjJW8=
-103,-54,QeueehtlZnF3pMSk8wGibhsct8k=,hxNbYbW+DnRTvU/bNQwvGVyjJW8=
-104,-54,QeueehtlZnF3pMSk8wGibhsct8k=,hxNbYbW+DnRTvU/bNQwvGVyjJW8=
-105,-54,QeueehtlZnF3pMSk8wGibhsct8k=,hxNbYbW+DnRTvU/bNQwvGVyjJW8=
-106,-54,QeueehtlZnF3pMSk8wGibhsct8k=,hxNbYbW+DnRTvU/bNQwvGVyjJW8=
-107,-54,QeueehtlZnF3pMSk8wGibhsct8k=,hxNbYbW+DnRTvU/bNQwvGVyjJW8=
-109,-54,QeueehtlZnF3pMSk8wGibhsct8k=,hxNbYbW+DnRTvU/bNQwvGVyjJW8=
-108,-54,QeueehtlZnF3pMSk8wGibhsct8k=,hxNbYbW+DnRTvU/bNQwvGVyjJW8=
-110,-54,QeueehtlZnF3pMSk8wGibhsct8k=,hxNbYbW+DnRTvU/bNQwvGVyjJW8=
-111,-54,QeueehtlZnF3pMSk8wGibhsct8k=,hxNbYbW+DnRTvU/bNQwvGVyjJW8=
-100,-64,QeueehtlZnF3pMSk8wGibhsct8k=,hxNbYbW+DnRTvU/bNQwvGVyjJW8=
-112,-54,QeueehtlZnF3pMSk8wGibhsct8k=,hxNbYbW+DnRTvU/bNQwvGVyjJW8=
-99,-62,QeueehtlZnF3pMSk8wGibhsct8k=,hxNbYbW+DnRTvU/bNQwvGVyjJW8=
-100,-63,QeueehtlZnF3pMSk8wGibhsct8k=,hxNbYbW+DnRTvU/bNQwvGVyjJW8=
-98,-55,QeueehtlZnF3pMSk8wGibhsct8k=,hxNbYbW+DnRTvU/bNQwvGVyjJW8=
-99,-55,QeueehtlZnF3pMSk8wGibhsct8k=,hxNbYbW+DnRTvU/bNQwvGVyjJW8=
-100,-55,QeueehtlZnF3pMSk8wGibhsct8k=,hxNbYbW+DnRTvU/bNQwvGVyjJW8=
-101,-55,QeueehtlZnF3pMSk8wGibhsct8k=,hxNbYbW+DnRTvU/bNQwvGVyjJW8=
-102,-55,QeueehtlZnF3pMSk8wGibhsct8k=,hxNbYbW+DnRTvU/bNQwvGVyjJW8=
-103,-55,QeueehtlZnF3pMSk8wGibhsct8k=,hxNbYbW+DnRTvU/bNQwvGVyjJW8=
-104,-55,QeueehtlZnF3pMSk8wGibhsct8k=,hxNbYbW+DnRTvU/bNQwvGVyjJW8=
-105,-55,QeueehtlZnF3pMSk8wGibhsct8k=,hxNbYbW+DnRTvU/bNQwvGVyjJW8=
-106,-55,QeueehtlZnF3pMSk8wGibhsct8k=,hxNbYbW+DnRTvU/bNQwvGVyjJW8=
-107,-55,QeueehtlZnF3pMSk8wGibhsct8k=,hxNbYbW+DnRTvU/bNQwvGVyjJW8=
-108,-55,QeueehtlZnF3pMSk8wGibhsct8k=,hxNbYbW+DnRTvU/bNQwvGVyjJW8=
-109,-55,QeueehtlZnF3pMSk8wGibhsct8k=,hxNbYbW+DnRTvU/bNQwvGVyjJW8=
-110,-55,QeueehtlZnF3pMSk8wGibhsct8k=,hxNbYbW+DnRTvU/bNQwvGVyjJW8=
-111,-55,QeueehtlZnF3pMSk8wGibhsct8k=,hxNbYbW+DnRTvU/bNQwvGVyjJW8=
-101,-64,QeueehtlZnF3pMSk8wGibhsct8k=,hxNbYbW+DnRTvU/bNQwvGVyjJW8=
-112,-55,QeueehtlZnF3pMSk8wGibhsct8k=,hxNbYbW+DnRTvU/bNQwvGVyjJW8=
-100,-62,QeueehtlZnF3pMSk8wGibhsct8k=,hxNbYbW+DnRTvU/bNQwvGVyjJW8=
-101,-63,QeueehtlZnF3pMSk8wGibhsct8k=,hxNbYbW+DnRTvU/bNQwvGVyjJW8=
-98,-56,QeueehtlZnF3pMSk8wGibhsct8k=,hxNbYbW+DnRTvU/bNQwvGVyjJW8=
-99,-56,QeueehtlZnF3pMSk8wGibhsct8k=,hxNbYbW+DnRTvU/bNQwvGVyjJW8=
-100,-56,QeueehtlZnF3pMSk8wGibhsct8k=,hxNbYbW+DnRTvU/bNQwvGVyjJW8=
-101,-56,QeueehtlZnF3pMSk8wGibhsct8k=,hxNbYbW+DnRTvU/bNQwvGVyjJW8=
-102,-56,QeueehtlZnF3pMSk8wGibhsct8k=,hxNbYbW+DnRTvU/bNQwvGVyjJW8=
-103,-56,QeueehtlZnF3pMSk8wGibhsct8k=,hxNbYbW+DnRTvU/bNQwvGVyjJW8=
-104,-56,QeueehtlZnF3pMSk8wGibhsct8k=,hxNbYbW+DnRTvU/bNQwvGVyjJW8=
-105,-56,QeueehtlZnF3pMSk8wGibhsct8k=,hxNbYbW+DnRTvU/bNQwvGVyjJW8=
-106,-56,QeueehtlZnF3pMSk8wGibhsct8k=,hxNbYbW+DnRTvU/bNQwvGVyjJW8=
-107,-56,QeueehtlZnF3pMSk8wGibhsct8k=,hxNbYbW+DnRTvU/bNQwvGVyjJW8=
-108,-56,QeueehtlZnF3pMSk8wGibhsct8k=,hxNbYbW+DnRTvU/bNQwvGVyjJW8=
-109,-56,QeueehtlZnF3pMSk8wGibhsct8k=,hxNbYbW+DnRTvU/bNQwvGVyjJW8=
-110,-56,QeueehtlZnF3pMSk8wGibhsct8k=,hxNbYbW+DnRTvU/bNQwvGVyjJW8=
-111,-56,QeueehtlZnF3pMSk8wGibhsct8k=,hxNbYbW+DnRTvU/bNQwvGVyjJW8=
-102,-64,QeueehtlZnF3pMSk8wGibhsct8k=,hxNbYbW+DnRTvU/bNQwvGVyjJW8=
-112,-56,QeueehtlZnF3pMSk8wGibhsct8k=,hxNbYbW+DnRTvU/bNQwvGVyjJW8=
-101,-62,QeueehtlZnF3pMSk8wGibhsct8k=,hxNbYbW+DnRTvU/bNQwvGVyjJW8=
-102,-63,QeueehtlZnF3pMSk8wGibhsct8k=,hxNbYbW+DnRTvU/bNQwvGVyjJW8=
-98,-57,QeueehtlZnF3pMSk8wGibhsct8k=,hxNbYbW+DnRTvU/bNQwvGVyjJW8=
-99,-57,QeueehtlZnF3pMSk8wGibhsct8k=,hxNbYbW+DnRTvU/bNQwvGVyjJW8=
-100,-57,QeueehtlZnF3pMSk8wGibhsct8k=,hxNbYbW+DnRTvU/bNQwvGVyjJW8=
-101,-57,QeueehtlZnF3pMSk8wGibhsct8k=,hxNbYbW+DnRTvU/bNQwvGVyjJW8=
-102,-57,QeueehtlZnF3pMSk8wGibhsct8k=,hxNbYbW+DnRTvU/bNQwvGVyjJW8=
-103,-57,QeueehtlZnF3pMSk8wGibhsct8k=,hxNbYbW+DnRTvU/bNQwvGVyjJW8=
-105,-57,QeueehtlZnF3pMSk8wGibhsct8k=,hxNbYbW+DnRTvU/bNQwvGVyjJW8=
-104,-57,QeueehtlZnF3pMSk8wGibhsct8k=,hxNbYbW+DnRTvU/bNQwvGVyjJW8=
-106,-57,QeueehtlZnF3pMSk8wGibhsct8k=,hxNbYbW+DnRTvU/bNQwvGVyjJW8=
-107,-57,QeueehtlZnF3pMSk8wGibhsct8k=,hxNbYbW+DnRTvU/bNQwvGVyjJW8=
-108,-57,QeueehtlZnF3pMSk8wGibhsct8k=,hxNbYbW+DnRTvU/bNQwvGVyjJW8=
-109,-57,QeueehtlZnF3pMSk8wGibhsct8k=,hxNbYbW+DnRTvU/bNQwvGVyjJW8=
-110,-57,QeueehtlZnF3pMSk8wGibhsct8k=,hxNbYbW+DnRTvU/bNQwvGVyjJW8=
-111,-57,QeueehtlZnF3pMSk8wGibhsct8k=,hxNbYbW+DnRTvU/bNQwvGVyjJW8=
-103,-64,QeueehtlZnF3pMSk8wGibhsct8k=,hxNbYbW+DnRTvU/bNQwvGVyjJW8=
-112,-57,QeueehtlZnF3pMSk8wGibhsct8k=,hxNbYbW+DnRTvU/bNQwvGVyjJW8=
-102,-62,QeueehtlZnF3pMSk8wGibhsct8k=,hxNbYbW+DnRTvU/bNQwvGVyjJW8=
-103,-63,QeueehtlZnF3pMSk8wGibhsct8k=,hxNbYbW+DnRTvU/bNQwvGVyjJW8=
-98,-58,QeueehtlZnF3pMSk8wGibhsct8k=,hxNbYbW+DnRTvU/bNQwvGVyjJW8=
-99,-58,QeueehtlZnF3pMSk8wGibhsct8k=,hxNbYbW+DnRTvU/bNQwvGVyjJW8=
-100,-58,QeueehtlZnF3pMSk8wGibhsct8k=,hxNbYbW+DnRTvU/bNQwvGVyjJW8=
-101,-58,QeueehtlZnF3pMSk8wGibhsct8k=,hxNbYbW+DnRTvU/bNQwvGVyjJW8=
-102,-58,QeueehtlZnF3pMSk8wGibhsct8k=,hxNbYbW+DnRTvU/bNQwvGVyjJW8=
-103,-58,QeueehtlZnF3pMSk8wGibhsct8k=,hxNbYbW+DnRTvU/bNQwvGVyjJW8=
-104,-58,QeueehtlZnF3pMSk8wGibhsct8k=,hxNbYbW+DnRTvU/bNQwvGVyjJW8=
-105,-58,QeueehtlZnF3pMSk8wGibhsct8k=,hxNbYbW+DnRTvU/bNQwvGVyjJW8=
-106,-58,QeueehtlZnF3pMSk8wGibhsct8k=,hxNbYbW+DnRTvU/bNQwvGVyjJW8=
-107,-58,QeueehtlZnF3pMSk8wGibhsct8k=,hxNbYbW+DnRTvU/bNQwvGVyjJW8=
-108,-58,QeueehtlZnF3pMSk8wGibhsct8k=,hxNbYbW+DnRTvU/bNQwvGVyjJW8=
-109,-58,QeueehtlZnF3pMSk8wGibhsct8k=,hxNbYbW+DnRTvU/bNQwvGVyjJW8=
-110,-58,QeueehtlZnF3pMSk8wGibhsct8k=,hxNbYbW+DnRTvU/bNQwvGVyjJW8=
-104,-64,QeueehtlZnF3pMSk8wGibhsct8k=,hxNbYbW+DnRTvU/bNQwvGVyjJW8=
-111,-58,QeueehtlZnF3pMSk8wGibhsct8k=,hxNbYbW+DnRTvU/bNQwvGVyjJW8=
-112,-58,QeueehtlZnF3pMSk8wGibhsct8k=,hxNbYbW+DnRTvU/bNQwvGVyjJW8=
-103,-62,QeueehtlZnF3pMSk8wGibhsct8k=,hxNbYbW+DnRTvU/bNQwvGVyjJW8=
-104,-63,QeueehtlZnF3pMSk8wGibhsct8k=,hxNbYbW+DnRTvU/bNQwvGVyjJW8=
-98,-59,QeueehtlZnF3pMSk8wGibhsct8k=,hxNbYbW+DnRTvU/bNQwvGVyjJW8=
-99,-59,QeueehtlZnF3pMSk8wGibhsct8k=,hxNbYbW+DnRTvU/bNQwvGVyjJW8=
-100,-59,QeueehtlZnF3pMSk8wGibhsct8k=,hxNbYbW+DnRTvU/bNQwvGVyjJW8=
-101,-59,QeueehtlZnF3pMSk8wGibhsct8k=,hxNbYbW+DnRTvU/bNQwvGVyjJW8=
-102,-59,QeueehtlZnF3pMSk8wGibhsct8k=,hxNbYbW+DnRTvU/bNQwvGVyjJW8=
-103,-59,QeueehtlZnF3pMSk8wGibhsct8k=,hxNbYbW+DnRTvU/bNQwvGVyjJW8=
-104,-59,QeueehtlZnF3pMSk8wGibhsct8k=,hxNbYbW+DnRTvU/bNQwvGVyjJW8=
-105,-59,QeueehtlZnF3pMSk8wGibhsct8k=,hxNbYbW+DnRTvU/bNQwvGVyjJW8=
-106,-59,QeueehtlZnF3pMSk8wGibhsct8k=,hxNbYbW+DnRTvU/bNQwvGVyjJW8=
-108,-59,QeueehtlZnF3pMSk8wGibhsct8k=,hxNbYbW+DnRTvU/bNQwvGVyjJW8=
-107,-59,QeueehtlZnF3pMSk8wGibhsct8k=,hxNbYbW+DnRTvU/bNQwvGVyjJW8=
-109,-59,QeueehtlZnF3pMSk8wGibhsct8k=,hxNbYbW+DnRTvU/bNQwvGVyjJW8=
-110,-59,QeueehtlZnF3pMSk8wGibhsct8k=,hxNbYbW+DnRTvU/bNQwvGVyjJW8=
-111,-59,QeueehtlZnF3pMSk8wGibhsct8k=,hxNbYbW+DnRTvU/bNQwvGVyjJW8=
-112,-59,QeueehtlZnF3pMSk8wGibhsct8k=,hxNbYbW+DnRTvU/bNQwvGVyjJW8=
-105,-64,QeueehtlZnF3pMSk8wGibhsct8k=,hxNbYbW+DnRTvU/bNQwvGVyjJW8=
-104,-62,QeueehtlZnF3pMSk8wGibhsct8k=,hxNbYbW+DnRTvU/bNQwvGVyjJW8=
-105,-63,QeueehtlZnF3pMSk8wGibhsct8k=,hxNbYbW+DnRTvU/bNQwvGVyjJW8=
-99,-60,QeueehtlZnF3pMSk8wGibhsct8k=,hxNbYbW+DnRTvU/bNQwvGVyjJW8=
-98,-60,QeueehtlZnF3pMSk8wGibhsct8k=,hxNbYbW+DnRTvU/bNQwvGVyjJW8=
-100,-60,QeueehtlZnF3pMSk8wGibhsct8k=,hxNbYbW+DnRTvU/bNQwvGVyjJW8=
-101,-60,QeueehtlZnF3pMSk8wGibhsct8k=,hxNbYbW+DnRTvU/bNQwvGVyjJW8=
-102,-60,QeueehtlZnF3pMSk8wGibhsct8k=,hxNbYbW+DnRTvU/bNQwvGVyjJW8=
-103,-60,QeueehtlZnF3pMSk8wGibhsct8k=,hxNbYbW+DnRTvU/bNQwvGVyjJW8=
-104,-60,QeueehtlZnF3pMSk8wGibhsct8k=,hxNbYbW+DnRTvU/bNQwvGVyjJW8=
-105,-60,QeueehtlZnF3pMSk8wGibhsct8k=,hxNbYbW+DnRTvU/bNQwvGVyjJW8=
-106,-60,QeueehtlZnF3pMSk8wGibhsct8k=,hxNbYbW+DnRTvU/bNQwvGVyjJW8=
-108,-60,QeueehtlZnF3pMSk8wGibhsct8k=,hxNbYbW+DnRTvU/bNQwvGVyjJW8=
-107,-60,QeueehtlZnF3pMSk8wGibhsct8k=,hxNbYbW+DnRTvU/bNQwvGVyjJW8=
-109,-60,QeueehtlZnF3pMSk8wGibhsct8k=,hxNbYbW+DnRTvU/bNQwvGVyjJW8=
-110,-60,QeueehtlZnF3pMSk8wGibhsct8k=,hxNbYbW+DnRTvU/bNQwvGVyjJW8=
-112,-60,QeueehtlZnF3pMSk8wGibhsct8k=,hxNbYbW+DnRTvU/bNQwvGVyjJW8=
-106,-64,QeueehtlZnF3pMSk8wGibhsct8k=,hxNbYbW+DnRTvU/bNQwvGVyjJW8=
-111,-60,QeueehtlZnF3pMSk8wGibhsct8k=,hxNbYbW+DnRTvU/bNQwvGVyjJW8=
-105,-62,QeueehtlZnF3pMSk8wGibhsct8k=,hxNbYbW+DnRTvU/bNQwvGVyjJW8=
-106,-63,QeueehtlZnF3pMSk8wGibhsct8k=,hxNbYbW+DnRTvU/bNQwvGVyjJW8=
-98,-61,QeueehtlZnF3pMSk8wGibhsct8k=,hxNbYbW+DnRTvU/bNQwvGVyjJW8=
-99,-61,QeueehtlZnF3pMSk8wGibhsct8k=,hxNbYbW+DnRTvU/bNQwvGVyjJW8=
-100,-61,QeueehtlZnF3pMSk8wGibhsct8k=,hxNbYbW+DnRTvU/bNQwvGVyjJW8=
-101,-61,QeueehtlZnF3pMSk8wGibhsct8k=,hxNbYbW+DnRTvU/bNQwvGVyjJW8=
-102,-61,QeueehtlZnF3pMSk8wGibhsct8k=,hxNbYbW+DnRTvU/bNQwvGVyjJW8=
-103,-61,QeueehtlZnF3pMSk8wGibhsct8k=,hxNbYbW+DnRTvU/bNQwvGVyjJW8=
-104,-61,QeueehtlZnF3pMSk8wGibhsct8k=,hxNbYbW+DnRTvU/bNQwvGVyjJW8=
-97,-61,QeueehtlZnF3pMSk8wGibhsct8k=,hxNbYbW+DnRTvU/bNQwvGVyjJW8=
-97,-60,QeueehtlZnF3pMSk8wGibhsct8k=,hxNbYbW+DnRTvU/bNQwvGVyjJW8=
-97,-59,QeueehtlZnF3pMSk8wGibhsct8k=,hxNbYbW+DnRTvU/bNQwvGVyjJW8=
-97,-58,QeueehtlZnF3pMSk8wGibhsct8k=,hxNbYbW+DnRTvU/bNQwvGVyjJW8=
-97,-57,QeueehtlZnF3pMSk8wGibhsct8k=,hxNbYbW+DnRTvU/bNQwvGVyjJW8=
-97,-56,QeueehtlZnF3pMSk8wGibhsct8k=,hxNbYbW+DnRTvU/bNQwvGVyjJW8=
-97,-55,QeueehtlZnF3pMSk8wGibhsct8k=,hxNbYbW+DnRTvU/bNQwvGVyjJW8=
-97,-54,QeueehtlZnF3pMSk8wGibhsct8k=,hxNbYbW+DnRTvU/bNQwvGVyjJW8=
-97,-53,QeueehtlZnF3pMSk8wGibhsct8k=,hxNbYbW+DnRTvU/bNQwvGVyjJW8=
-97,-63,QeueehtlZnF3pMSk8wGibhsct8k=,hxNbYbW+DnRTvU/bNQwvGVyjJW8=
-97,-62,QeueehtlZnF3pMSk8wGibhsct8k=,hxNbYbW+DnRTvU/bNQwvGVyjJW8=
-97,-64,QeueehtlZnF3pMSk8wGibhsct8k=,hxNbYbW+DnRTvU/bNQwvGVyjJW8=
-97,-52,QeueehtlZnF3pMSk8wGibhsct8k=,hxNbYbW+DnRTvU/bNQwvGVyjJW8=
-112,-49,QeueehtlZnF3pMSk8wGibhsct8k=,hxNbYbW+DnRTvU/bNQwvGVyjJW8=
-111,-49,QeueehtlZnF3pMSk8wGibhsct8k=,hxNbYbW+DnRTvU/bNQwvGVyjJW8=
-110,-49,QeueehtlZnF3pMSk8wGibhsct8k=,hxNbYbW+DnRTvU/bNQwvGVyjJW8=
-109,-49,QeueehtlZnF3pMSk8wGibhsct8k=,hxNbYbW+DnRTvU/bNQwvGVyjJW8=
-108,-49,QeueehtlZnF3pMSk8wGibhsct8k=,hxNbYbW+DnRTvU/bNQwvGVyjJW8=
-107,-49,QeueehtlZnF3pMSk8wGibhsct8k=,hxNbYbW+DnRTvU/bNQwvGVyjJW8=
-106,-49,QeueehtlZnF3pMSk8wGibhsct8k=,hxNbYbW+DnRTvU/bNQwvGVyjJW8=
-105,-49,QeueehtlZnF3pMSk8wGibhsct8k=,hxNbYbW+DnRTvU/bNQwvGVyjJW8=
-104,-49,QeueehtlZnF3pMSk8wGibhsct8k=,hxNbYbW+DnRTvU/bNQwvGVyjJW8=
-103,-49,QeueehtlZnF3pMSk8wGibhsct8k=,hxNbYbW+DnRTvU/bNQwvGVyjJW8=
-102,-49,QeueehtlZnF3pMSk8wGibhsct8k=,hxNbYbW+DnRTvU/bNQwvGVyjJW8=
-101,-49,QeueehtlZnF3pMSk8wGibhsct8k=,hxNbYbW+DnRTvU/bNQwvGVyjJW8=
-97,-49,QeueehtlZnF3pMSk8wGibhsct8k=,hxNbYbW+DnRTvU/bNQwvGVyjJW8=
-99,-50,QeueehtlZnF3pMSk8wGibhsct8k=,hxNbYbW+DnRTvU/bNQwvGVyjJW8=
-100,-49,QeueehtlZnF3pMSk8wGibhsct8k=,hxNbYbW+DnRTvU/bNQwvGVyjJW8=
-98,-51,QeueehtlZnF3pMSk8wGibhsct8k=,hxNbYbW+DnRTvU/bNQwvGVyjJW8=
-98,-49,QeueehtlZnF3pMSk8wGibhsct8k=,hxNbYbW+DnRTvU/bNQwvGVyjJW8=
-99,-49,QeueehtlZnF3pMSk8wGibhsct8k=,hxNbYbW+DnRTvU/bNQwvGVyjJW8=
-97,-50,QeueehtlZnF3pMSk8wGibhsct8k=,hxNbYbW+DnRTvU/bNQwvGVyjJW8=
-98,-50,QeueehtlZnF3pMSk8wGibhsct8k=,hxNbYbW+DnRTvU/bNQwvGVyjJW8=
-97,-51,QeueehtlZnF3pMSk8wGibhsct8k=,hxNbYbW+DnRTvU/bNQwvGVyjJW8=
