36,3,mQpR188YXaZIRAjkjr8xWO+OlbQ=,a/ocJ8093k4aaj/5NM7c27maqmQ=
38,4,mQpR188YXaZIRAjkjr8xWO+OlbQ=,a/ocJ8093k4aaj/5NM7c27maqmQ=
36,0,mQpR188YXaZIRAjkjr8xWO+OlbQ=,a/ocJ8093k4aaj/5NM7c27maqmQ=
38,0,mQpR188YXaZIRAjkjr8xWO+OlbQ=,a/ocJ8093k4aaj/5NM7c27maqmQ=
37,0,mQpR188YXaZIRAjkjr8xWO+OlbQ=,a/ocJ8093k4aaj/5NM7c27maqmQ=
34,0,mQpR188YXaZIRAjkjr8xWO+OlbQ=,a/ocJ8093k4aaj/5NM7c27maqmQ=
35,0,mQpR188YXaZIRAjkjr8xWO+OlbQ=,a/ocJ8093k4aaj/5NM7c27maqmQ=
39,0,mQpR188YXaZIRAjkjr8xWO+OlbQ=,a/ocJ8093k4aaj/5NM7c27maqmQ=
37,1,mQpR188YXaZIRAjkjr8xWO+OlbQ=,a/ocJ8093k4aaj/5NM7c27maqmQ=
35,3,mQpR188YXaZIRAjkjr8xWO+OlbQ=,a/ocJ8093k4aaj/5NM7c27maqmQ=
34,3,mQpR188YXaZIRAjkjr8xWO+OlbQ=,a/ocJ8093k4aaj/5NM7c27maqmQ=
36,1,mQpR188YXaZIRAjkjr8xWO+OlbQ=,a/ocJ8093k4aaj/5NM7c27maqmQ=
39,7,mQpR188YXaZIRAjkjr8xWO+OlbQ=,a/ocJ8093k4aaj/5NM7c27maqmQ=
35,1,mQpR188YXaZIRAjkjr8xWO+OlbQ=,a/ocJ8093k4aaj/5NM7c27maqmQ=
38,7,mQpR188YXaZIRAjkjr8xWO+OlbQ=,a/ocJ8093k4aaj/5NM7c27maqmQ=
37,4,mQpR188YXaZIRAjkjr8xWO+OlbQ=,a/ocJ8093k4aaj/5NM7c27maqmQ=
34,1,mQpR188YXaZIRAjkjr8xWO+OlbQ=,a/ocJ8093k4aaj/5NM7c27maqmQ=
37,7,mQpR188YXaZIRAjkjr8xWO+OlbQ=,a/ocJ8093k4aaj/5NM7c27maqmQ=
39,5,mQpR188YXaZIRAjkjr8xWO+OlbQ=,a/ocJ8093k4aaj/5NM7c27maqmQ=
33,3,mQpR188YXaZIRAjkjr8xWO+OlbQ=,a/ocJ8093k4aaj/5NM7c27maqmQ=
38,5,mQpR188YXaZIRAjkjr8xWO+OlbQ=,a/ocJ8093k4aaj/5NM7c27maqmQ=
36,4,mQpR188YXaZIRAjkjr8xWO+OlbQ=,a/ocJ8093k4aaj/5NM7c27maqmQ=
39,6,mQpR188YXaZIRAjkjr8xWO+OlbQ=,a/ocJ8093k4aaj/5NM7c27maqmQ=
38,6,mQpR188YXaZIRAjkjr8xWO+OlbQ=,a/ocJ8093k4aaj/5NM7c27maqmQ=
36,7,mQpR188YXaZIRAjkjr8xWO+OlbQ=,a/ocJ8093k4aaj/5NM7c27maqmQ=
35,4,mQpR188YXaZIRAjkjr8xWO+OlbQ=,a/ocJ8093k4aaj/5NM7c27maqmQ=
33,1,mQpR188YXaZIRAjkjr8xWO+OlbQ=,a/ocJ8093k4aaj/5NM7c27maqmQ=
39,1,mQpR188YXaZIRAjkjr8xWO+OlbQ=,a/ocJ8093k4aaj/5NM7c27maqmQ=
35,7,mQpR188YXaZIRAjkjr8xWO+OlbQ=,a/ocJ8093k4aaj/5NM7c27maqmQ=
34,4,mQpR188YXaZIRAjkjr8xWO+OlbQ=,a/ocJ8093k4aaj/5NM7c27maqmQ=
37,5,mQpR188YXaZIRAjkjr8xWO+OlbQ=,a/ocJ8093k4aaj/5NM7c27maqmQ=
34,7,mQpR188YXaZIRAjkjr8xWO+OlbQ=,a/ocJ8093k4aaj/5NM7c27maqmQ=
33,4,mQpR188YXaZIRAjkjr8xWO+OlbQ=,a/ocJ8093k4aaj/5NM7c27maqmQ=
39,2,mQpR188YXaZIRAjkjr8xWO+OlbQ=,a/ocJ8093k4aaj/5NM7c27maqmQ=
38,2,mQpR188YXaZIRAjkjr8xWO+OlbQ=,a/ocJ8093k4aaj/5NM7c27maqmQ=
36,5,mQpR188YXaZIRAjkjr8xWO+OlbQ=,a/ocJ8093k4aaj/5NM7c27maqmQ=
35,5,mQpR188YXaZIRAjkjr8xWO+OlbQ=,a/ocJ8093k4aaj/5NM7c27maqmQ=
33,7,mQpR188YXaZIRAjkjr8xWO+OlbQ=,a/ocJ8093k4aaj/5NM7c27maqmQ=
37,2,mQpR188YXaZIRAjkjr8xWO+OlbQ=,a/ocJ8093k4aaj/5NM7c27maqmQ=
36,2,mQpR188YXaZIRAjkjr8xWO+OlbQ=,a/ocJ8093k4aaj/5NM7c27maqmQ=
39,3,mQpR188YXaZIRAjkjr8xWO+OlbQ=,a/ocJ8093k4aaj/5NM7c27maqmQ=
37,6,mQpR188YXaZIRAjkjr8xWO+OlbQ=,a/ocJ8093k4aaj/5NM7c27maqmQ=
36,6,mQpR188YXaZIRAjkjr8xWO+OlbQ=,a/ocJ8093k4aaj/5NM7c27maqmQ=
35,2,mQpR188YXaZIRAjkjr8xWO+OlbQ=,a/ocJ8093k4aaj/5NM7c27maqmQ=
35,6,mQpR188YXaZIRAjkjr8xWO+OlbQ=,a/ocJ8093k4aaj/5NM7c27maqmQ=
33,5,mQpR188YXaZIRAjkjr8xWO+OlbQ=,a/ocJ8093k4aaj/5NM7c27maqmQ=
34,6,mQpR188YXaZIRAjkjr8xWO+OlbQ=,a/ocJ8093k4aaj/5NM7c27maqmQ=
33,6,mQpR188YXaZIRAjkjr8xWO+OlbQ=,a/ocJ8093k4aaj/5NM7c27maqmQ=
34,2,mQpR188YXaZIRAjkjr8xWO+OlbQ=,a/ocJ8093k4aaj/5NM7c27maqmQ=
34,5,mQpR188YXaZIRAjkjr8xWO+OlbQ=,a/ocJ8093k4aaj/5NM7c27maqmQ=
39,4,mQpR188YXaZIRAjkjr8xWO+OlbQ=,a/ocJ8093k4aaj/5NM7c27maqmQ=
33,2,mQpR188YXaZIRAjkjr8xWO+OlbQ=,a/ocJ8093k4aaj/5NM7c27maqmQ=
38,1,mQpR188YXaZIRAjkjr8xWO+OlbQ=,a/ocJ8093k4aaj/5NM7c27maqmQ=
38,3,mQpR188YXaZIRAjkjr8xWO+OlbQ=,a/ocJ8093k4aaj/5NM7c27maqmQ=
37,3,mQpR188YXaZIRAjkjr8xWO+OlbQ=,a/ocJ8093k4aaj/5NM7c27maqmQ=
32,2,mQpR188YXaZIRAjkjr8xWO+OlbQ=,a/ocJ8093k4aaj/5NM7c27maqmQ=
32,3,mQpR188YXaZIRAjkjr8xWO+OlbQ=,a/ocJ8093k4aaj/5NM7c27maqmQ=
32,4,mQpR188YXaZIRAjkjr8xWO+OlbQ=,a/ocJ8093k4aaj/5NM7c27maqmQ=
32,5,mQpR188YXaZIRAjkjr8xWO+OlbQ=,a/ocJ8093k4aaj/5NM7c27maqmQ=
32,7,mQpR188YXaZIRAjkjr8xWO+OlbQ=,a/ocJ8093k4aaj/5NM7c27maqmQ=
32,6,mQpR188YXaZIRAjkjr8xWO+OlbQ=,a/ocJ8093k4aaj/5NM7c27maqmQ=
32,1,mQpR188YXaZIRAjkjr8xWO+OlbQ=,a/ocJ8093k4aaj/5NM7c27maqmQ=
33,0,mQpR188YXaZIRAjkjr8xWO+OlbQ=,a/ocJ8093k4aaj/5NM7c27maqmQ=
32,0,mQpR188YXaZIRAjkjr8xWO+OlbQ=,a/ocJ8093k4aaj/5NM7c27maqmQ=
